symbol,cpu_kseg0_start,cpu_kseg0_end,ps1_ram_start,ps1_ram_end,ra_start,ra_end,slus_file_start,slus_file_end,wa_user_start,wa_user_end,disc_lba_start,disc_lba_end,size_bytes,element_width,element_count,stride_bytes,role,producer_routine,consumer_routines,evidence_ids,confidence,notes
opponent_01_record,0x801781D8,0x801799D7,0x001781D8,0x001799D7,0x1781D8,0x1799D7,,,0x00E9B000,0x00E9C7FF,17580,17582,6144,,,,current_opponent_record_lead,UNRESOLVED_STAGE_3,UNRESOLVED_STAGE_3,LAYOUT-001;LAYOUT-002,High-layout/Lead-semantics,"SLUS file columns are blank because this is disc data loaded into RAM, not executable-backed static data."
opponent_01_array_0,0x801781D8,0x8017877B,0x001781D8,0x0017877B,0x1781D8,0x17877B,,,0x00E9B000,0x00E9B5A3,17580,17580,1444,2,722,1460,deck_weights_lead,UNRESOLVED_STAGE_3,UNRESOLVED_STAGE_3,LAYOUT-001;LAYOUT-002,High-layout/Lead-semantics,"SLUS file columns are blank because this is disc data loaded into RAM, not executable-backed static data."
opponent_01_gap_0,0x8017877C,0x8017878B,0x0017877C,0x0017878B,0x17877C,0x17878B,,,0x00E9B5A4,0x00E9B5B3,17580,17580,16,,,,alignment_or_unknown,UNRESOLVED_STAGE_3,UNRESOLVED_STAGE_3,LAYOUT-001;LAYOUT-002,High-layout/Lead-semantics,"SLUS file columns are blank because this is disc data loaded into RAM, not executable-backed static data."
opponent_01_array_1,0x8017878C,0x80178D2F,0x0017878C,0x00178D2F,0x17878C,0x178D2F,,,0x00E9B5B4,0x00E9BB57,17580,17581,1444,2,722,1460,sa_pow_weights_lead,UNRESOLVED_STAGE_3,UNRESOLVED_STAGE_3,LAYOUT-001;LAYOUT-002,High-layout/Lead-semantics,"SLUS file columns are blank because this is disc data loaded into RAM, not executable-backed static data."
opponent_01_gap_1,0x80178D30,0x80178D3F,0x00178D30,0x00178D3F,0x178D30,0x178D3F,,,0x00E9BB58,0x00E9BB67,17581,17581,16,,,,alignment_or_unknown,UNRESOLVED_STAGE_3,UNRESOLVED_STAGE_3,LAYOUT-001;LAYOUT-002,High-layout/Lead-semantics,"SLUS file columns are blank because this is disc data loaded into RAM, not executable-backed static data."
opponent_01_array_2,0x80178D40,0x801792E3,0x00178D40,0x001792E3,0x178D40,0x1792E3,,,0x00E9BB68,0x00E9C10B,17581,17582,1444,2,722,1460,bcd_weights_lead,UNRESOLVED_STAGE_3,UNRESOLVED_STAGE_3,LAYOUT-001;LAYOUT-002,High-layout/Lead-semantics,"SLUS file columns are blank because this is disc data loaded into RAM, not executable-backed static data."
opponent_01_gap_2,0x801792E4,0x801792F3,0x001792E4,0x001792F3,0x1792E4,0x1792F3,,,0x00E9C10C,0x00E9C11B,17582,17582,16,,,,alignment_or_unknown,UNRESOLVED_STAGE_3,UNRESOLVED_STAGE_3,LAYOUT-001;LAYOUT-002,High-layout/Lead-semantics,"SLUS file columns are blank because this is disc data loaded into RAM, not executable-backed static data."
opponent_01_array_3,0x801792F4,0x80179897,0x001792F4,0x00179897,0x1792F4,0x179897,,,0x00E9C11C,0x00E9C6BF,17582,17582,1444,2,722,1460,sa_tec_weights_lead,UNRESOLVED_STAGE_3,UNRESOLVED_STAGE_3,LAYOUT-001;LAYOUT-002,High-layout/Lead-semantics,"SLUS file columns are blank because this is disc data loaded into RAM, not executable-backed static data."
opponent_01_gap_3,0x80179898,0x801798A7,0x00179898,0x001798A7,0x179898,0x1798A7,,,0x00E9C6C0,0x00E9C6CF,17582,17582,16,,,,alignment_or_unknown,UNRESOLVED_STAGE_3,UNRESOLVED_STAGE_3,LAYOUT-001;LAYOUT-002,High-layout/Lead-semantics,"SLUS file columns are blank because this is disc data loaded into RAM, not executable-backed static data."
opponent_01_rank_candidate,0x801798A8,0x8017996F,0x001798A8,0x0017996F,0x1798A8,0x17996F,,,0x00E9C6D0,0x00E9C797,17582,17582,200,,,,rank_data_lead,UNRESOLVED_STAGE_3,UNRESOLVED_STAGE_3,LAYOUT-001;LAYOUT-002,High-layout/Lead-semantics,"SLUS file columns are blank because this is disc data loaded into RAM, not executable-backed static data."
opponent_01_tail,0x80179970,0x801799D7,0x00179970,0x001799D7,0x179970,0x1799D7,,,0x00E9C798,0x00E9C7FF,17582,17582,104,,,,unknown_tail,UNRESOLVED_STAGE_3,UNRESOLVED_STAGE_3,LAYOUT-001;LAYOUT-002,High-layout/Lead-semantics,"SLUS file columns are blank because this is disc data loaded into RAM, not executable-backed static data."
opponent_02_record,0x801781D8,0x801799D7,0x001781D8,0x001799D7,0x1781D8,0x1799D7,,,0x00E9C800,0x00E9DFFF,17583,17585,6144,,,,current_opponent_record_lead,UNRESOLVED_STAGE_3,UNRESOLVED_STAGE_3,LAYOUT-001;LAYOUT-002,High-layout/Lead-semantics,"SLUS file columns are blank because this is disc data loaded into RAM, not executable-backed static data."
opponent_02_array_0,0x801781D8,0x8017877B,0x001781D8,0x0017877B,0x1781D8,0x17877B,,,0x00E9C800,0x00E9CDA3,17583,17583,1444,2,722,1460,deck_weights_lead,UNRESOLVED_STAGE_3,UNRESOLVED_STAGE_3,LAYOUT-001;LAYOUT-002,High-layout/Lead-semantics,"SLUS file columns are blank because this is disc data loaded into RAM, not executable-backed static data."
opponent_02_gap_0,0x8017877C,0x8017878B,0x0017877C,0x0017878B,0x17877C,0x17878B,,,0x00E9CDA4,0x00E9CDB3,17583,17583,16,,,,alignment_or_unknown,UNRESOLVED_STAGE_3,UNRESOLVED_STAGE_3,LAYOUT-001;LAYOUT-002,High-layout/Lead-semantics,"SLUS file columns are blank because this is disc data loaded into RAM, not executable-backed static data."
opponent_02_array_1,0x8017878C,0x80178D2F,0x0017878C,0x00178D2F,0x17878C,0x178D2F,,,0x00E9CDB4,0x00E9D357,17583,17584,1444,2,722,1460,sa_pow_weights_lead,UNRESOLVED_STAGE_3,UNRESOLVED_STAGE_3,LAYOUT-001;LAYOUT-002,High-layout/Lead-semantics,"SLUS file columns are blank because this is disc data loaded into RAM, not executable-backed static data."
opponent_02_gap_1,0x80178D30,0x80178D3F,0x00178D30,0x00178D3F,0x178D30,0x178D3F,,,0x00E9D358,0x00E9D367,17584,17584,16,,,,alignment_or_unknown,UNRESOLVED_STAGE_3,UNRESOLVED_STAGE_3,LAYOUT-001;LAYOUT-002,High-layout/Lead-semantics,"SLUS file columns are blank because this is disc data loaded into RAM, not executable-backed static data."
opponent_02_array_2,0x80178D40,0x801792E3,0x00178D40,0x001792E3,0x178D40,0x1792E3,,,0x00E9D368,0x00E9D90B,17584,17585,1444,2,722,1460,bcd_weights_lead,UNRESOLVED_STAGE_3,UNRESOLVED_STAGE_3,LAYOUT-001;LAYOUT-002,High-layout/Lead-semantics,"SLUS file columns are blank because this is disc data loaded into RAM, not executable-backed static data."
opponent_02_gap_2,0x801792E4,0x801792F3,0x001792E4,0x001792F3,0x1792E4,0x1792F3,,,0x00E9D90C,0x00E9D91B,17585,17585,16,,,,alignment_or_unknown,UNRESOLVED_STAGE_3,UNRESOLVED_STAGE_3,LAYOUT-001;LAYOUT-002,High-layout/Lead-semantics,"SLUS file columns are blank because this is disc data loaded into RAM, not executable-backed static data."
opponent_02_array_3,0x801792F4,0x80179897,0x001792F4,0x00179897,0x1792F4,0x179897,,,0x00E9D91C,0x00E9DEBF,17585,17585,1444,2,722,1460,sa_tec_weights_lead,UNRESOLVED_STAGE_3,UNRESOLVED_STAGE_3,LAYOUT-001;LAYOUT-002,High-layout/Lead-semantics,"SLUS file columns are blank because this is disc data loaded into RAM, not executable-backed static data."
opponent_02_gap_3,0x80179898,0x801798A7,0x00179898,0x001798A7,0x179898,0x1798A7,,,0x00E9DEC0,0x00E9DECF,17585,17585,16,,,,alignment_or_unknown,UNRESOLVED_STAGE_3,UNRESOLVED_STAGE_3,LAYOUT-001;LAYOUT-002,High-layout/Lead-semantics,"SLUS file columns are blank because this is disc data loaded into RAM, not executable-backed static data."
opponent_02_rank_candidate,0x801798A8,0x8017996F,0x001798A8,0x0017996F,0x1798A8,0x17996F,,,0x00E9DED0,0x00E9DF97,17585,17585,200,,,,rank_data_lead,UNRESOLVED_STAGE_3,UNRESOLVED_STAGE_3,LAYOUT-001;LAYOUT-002,High-layout/Lead-semantics,"SLUS file columns are blank because this is disc data loaded into RAM, not executable-backed static data."
opponent_02_tail,0x80179970,0x801799D7,0x00179970,0x001799D7,0x179970,0x1799D7,,,0x00E9DF98,0x00E9DFFF,17585,17585,104,,,,unknown_tail,UNRESOLVED_STAGE_3,UNRESOLVED_STAGE_3,LAYOUT-001;LAYOUT-002,High-layout/Lead-semantics,"SLUS file columns are blank because this is disc data loaded into RAM, not executable-backed static data."
opponent_03_record,0x801781D8,0x801799D7,0x001781D8,0x001799D7,0x1781D8,0x1799D7,,,0x00E9E000,0x00E9F7FF,17586,17588,6144,,,,current_opponent_record_lead,UNRESOLVED_STAGE_3,UNRESOLVED_STAGE_3,LAYOUT-001;LAYOUT-002,High-layout/Lead-semantics,"SLUS file columns are blank because this is disc data loaded into RAM, not executable-backed static data."
opponent_03_array_0,0x801781D8,0x8017877B,0x001781D8,0x0017877B,0x1781D8,0x17877B,,,0x00E9E000,0x00E9E5A3,17586,17586,1444,2,722,1460,deck_weights_lead,UNRESOLVED_STAGE_3,UNRESOLVED_STAGE_3,LAYOUT-001;LAYOUT-002,High-layout/Lead-semantics,"SLUS file columns are blank because this is disc data loaded into RAM, not executable-backed static data."
opponent_03_gap_0,0x8017877C,0x8017878B,0x0017877C,0x0017878B,0x17877C,0x17878B,,,0x00E9E5A4,0x00E9E5B3,17586,17586,16,,,,alignment_or_unknown,UNRESOLVED_STAGE_3,UNRESOLVED_STAGE_3,LAYOUT-001;LAYOUT-002,High-layout/Lead-semantics,"SLUS file columns are blank because this is disc data loaded into RAM, not executable-backed static data."
opponent_03_array_1,0x8017878C,0x80178D2F,0x0017878C,0x00178D2F,0x17878C,0x178D2F,,,0x00E9E5B4,0x00E9EB57,17586,17587,1444,2,722,1460,sa_pow_weights_lead,UNRESOLVED_STAGE_3,UNRESOLVED_STAGE_3,LAYOUT-001;LAYOUT-002,High-layout/Lead-semantics,"SLUS file columns are blank because this is disc data loaded into RAM, not executable-backed static data."
opponent_03_gap_1,0x80178D30,0x80178D3F,0x00178D30,0x00178D3F,0x178D30,0x178D3F,,,0x00E9EB58,0x00E9EB67,17587,17587,16,,,,alignment_or_unknown,UNRESOLVED_STAGE_3,UNRESOLVED_STAGE_3,LAYOUT-001;LAYOUT-002,High-layout/Lead-semantics,"SLUS file columns are blank because this is disc data loaded into RAM, not executable-backed static data."
opponent_03_array_2,0x80178D40,0x801792E3,0x00178D40,0x001792E3,0x178D40,0x1792E3,,,0x00E9EB68,0x00E9F10B,17587,17588,1444,2,722,1460,bcd_weights_lead,UNRESOLVED_STAGE_3,UNRESOLVED_STAGE_3,LAYOUT-001;LAYOUT-002,High-layout/Lead-semantics,"SLUS file columns are blank because this is disc data loaded into RAM, not executable-backed static data."
opponent_03_gap_2,0x801792E4,0x801792F3,0x001792E4,0x001792F3,0x1792E4,0x1792F3,,,0x00E9F10C,0x00E9F11B,17588,17588,16,,,,alignment_or_unknown,UNRESOLVED_STAGE_3,UNRESOLVED_STAGE_3,LAYOUT-001;LAYOUT-002,High-layout/Lead-semantics,"SLUS file columns are blank because this is disc data loaded into RAM, not executable-backed static data."
opponent_03_array_3,0x801792F4,0x80179897,0x001792F4,0x00179897,0x1792F4,0x179897,,,0x00E9F11C,0x00E9F6BF,17588,17588,1444,2,722,1460,sa_tec_weights_lead,UNRESOLVED_STAGE_3,UNRESOLVED_STAGE_3,LAYOUT-001;LAYOUT-002,High-layout/Lead-semantics,"SLUS file columns are blank because this is disc data loaded into RAM, not executable-backed static data."
opponent_03_gap_3,0x80179898,0x801798A7,0x00179898,0x001798A7,0x179898,0x1798A7,,,0x00E9F6C0,0x00E9F6CF,17588,17588,16,,,,alignment_or_unknown,UNRESOLVED_STAGE_3,UNRESOLVED_STAGE_3,LAYOUT-001;LAYOUT-002,High-layout/Lead-semantics,"SLUS file columns are blank because this is disc data loaded into RAM, not executable-backed static data."
opponent_03_rank_candidate,0x801798A8,0x8017996F,0x001798A8,0x0017996F,0x1798A8,0x17996F,,,0x00E9F6D0,0x00E9F797,17588,17588,200,,,,rank_data_lead,UNRESOLVED_STAGE_3,UNRESOLVED_STAGE_3,LAYOUT-001;LAYOUT-002,High-layout/Lead-semantics,"SLUS file columns are blank because this is disc data loaded into RAM, not executable-backed static data."
opponent_03_tail,0x80179970,0x801799D7,0x00179970,0x001799D7,0x179970,0x1799D7,,,0x00E9F798,0x00E9F7FF,17588,17588,104,,,,unknown_tail,UNRESOLVED_STAGE_3,UNRESOLVED_STAGE_3,LAYOUT-001;LAYOUT-002,High-layout/Lead-semantics,"SLUS file columns are blank because this is disc data loaded into RAM, not executable-backed static data."
opponent_04_record,0x801781D8,0x801799D7,0x001781D8,0x001799D7,0x1781D8,0x1799D7,,,0x00E9F800,0x00EA0FFF,17589,17591,6144,,,,current_opponent_record_lead,UNRESOLVED_STAGE_3,UNRESOLVED_STAGE_3,LAYOUT-001;LAYOUT-002,High-layout/Lead-semantics,"SLUS file columns are blank because this is disc data loaded into RAM, not executable-backed static data."
opponent_04_array_0,0x801781D8,0x8017877B,0x001781D8,0x0017877B,0x1781D8,0x17877B,,,0x00E9F800,0x00E9FDA3,17589,17589,1444,2,722,1460,deck_weights_lead,UNRESOLVED_STAGE_3,UNRESOLVED_STAGE_3,LAYOUT-001;LAYOUT-002,High-layout/Lead-semantics,"SLUS file columns are blank because this is disc data loaded into RAM, not executable-backed static data."
opponent_04_gap_0,0x8017877C,0x8017878B,0x0017877C,0x0017878B,0x17877C,0x17878B,,,0x00E9FDA4,0x00E9FDB3,17589,17589,16,,,,alignment_or_unknown,UNRESOLVED_STAGE_3,UNRESOLVED_STAGE_3,LAYOUT-001;LAYOUT-002,High-layout/Lead-semantics,"SLUS file columns are blank because this is disc data loaded into RAM, not executable-backed static data."
opponent_04_array_1,0x8017878C,0x80178D2F,0x0017878C,0x00178D2F,0x17878C,0x178D2F,,,0x00E9FDB4,0x00EA0357,17589,17590,1444,2,722,1460,sa_pow_weights_lead,UNRESOLVED_STAGE_3,UNRESOLVED_STAGE_3,LAYOUT-001;LAYOUT-002,High-layout/Lead-semantics,"SLUS file columns are blank because this is disc data loaded into RAM, not executable-backed static data."
opponent_04_gap_1,0x80178D30,0x80178D3F,0x00178D30,0x00178D3F,0x178D30,0x178D3F,,,0x00EA0358,0x00EA0367,17590,17590,16,,,,alignment_or_unknown,UNRESOLVED_STAGE_3,UNRESOLVED_STAGE_3,LAYOUT-001;LAYOUT-002,High-layout/Lead-semantics,"SLUS file columns are blank because this is disc data loaded into RAM, not executable-backed static data."
opponent_04_array_2,0x80178D40,0x801792E3,0x00178D40,0x001792E3,0x178D40,0x1792E3,,,0x00EA0368,0x00EA090B,17590,17591,1444,2,722,1460,bcd_weights_lead,UNRESOLVED_STAGE_3,UNRESOLVED_STAGE_3,LAYOUT-001;LAYOUT-002,High-layout/Lead-semantics,"SLUS file columns are blank because this is disc data loaded into RAM, not executable-backed static data."
opponent_04_gap_2,0x801792E4,0x801792F3,0x001792E4,0x001792F3,0x1792E4,0x1792F3,,,0x00EA090C,0x00EA091B,17591,17591,16,,,,alignment_or_unknown,UNRESOLVED_STAGE_3,UNRESOLVED_STAGE_3,LAYOUT-001;LAYOUT-002,High-layout/Lead-semantics,"SLUS file columns are blank because this is disc data loaded into RAM, not executable-backed static data."
opponent_04_array_3,0x801792F4,0x80179897,0x001792F4,0x00179897,0x1792F4,0x179897,,,0x00EA091C,0x00EA0EBF,17591,17591,1444,2,722,1460,sa_tec_weights_lead,UNRESOLVED_STAGE_3,UNRESOLVED_STAGE_3,LAYOUT-001;LAYOUT-002,High-layout/Lead-semantics,"SLUS file columns are blank because this is disc data loaded into RAM, not executable-backed static data."
opponent_04_gap_3,0x80179898,0x801798A7,0x00179898,0x001798A7,0x179898,0x1798A7,,,0x00EA0EC0,0x00EA0ECF,17591,17591,16,,,,alignment_or_unknown,UNRESOLVED_STAGE_3,UNRESOLVED_STAGE_3,LAYOUT-001;LAYOUT-002,High-layout/Lead-semantics,"SLUS file columns are blank because this is disc data loaded into RAM, not executable-backed static data."
opponent_04_rank_candidate,0x801798A8,0x8017996F,0x001798A8,0x0017996F,0x1798A8,0x17996F,,,0x00EA0ED0,0x00EA0F97,17591,17591,200,,,,rank_data_lead,UNRESOLVED_STAGE_3,UNRESOLVED_STAGE_3,LAYOUT-001;LAYOUT-002,High-layout/Lead-semantics,"SLUS file columns are blank because this is disc data loaded into RAM, not executable-backed static data."
opponent_04_tail,0x80179970,0x801799D7,0x00179970,0x001799D7,0x179970,0x1799D7,,,0x00EA0F98,0x00EA0FFF,17591,17591,104,,,,unknown_tail,UNRESOLVED_STAGE_3,UNRESOLVED_STAGE_3,LAYOUT-001;LAYOUT-002,High-layout/Lead-semantics,"SLUS file columns are blank because this is disc data loaded into RAM, not executable-backed static data."
opponent_05_record,0x801781D8,0x801799D7,0x001781D8,0x001799D7,0x1781D8,0x1799D7,,,0x00EA1000,0x00EA27FF,17592,17594,6144,,,,current_opponent_record_lead,UNRESOLVED_STAGE_3,UNRESOLVED_STAGE_3,LAYOUT-001;LAYOUT-002,High-layout/Lead-semantics,"SLUS file columns are blank because this is disc data loaded into RAM, not executable-backed static data."
opponent_05_array_0,0x801781D8,0x8017877B,0x001781D8,0x0017877B,0x1781D8,0x17877B,,,0x00EA1000,0x00EA15A3,17592,17592,1444,2,722,1460,deck_weights_lead,UNRESOLVED_STAGE_3,UNRESOLVED_STAGE_3,LAYOUT-001;LAYOUT-002,High-layout/Lead-semantics,"SLUS file columns are blank because this is disc data loaded into RAM, not executable-backed static data."
opponent_05_gap_0,0x8017877C,0x8017878B,0x0017877C,0x0017878B,0x17877C,0x17878B,,,0x00EA15A4,0x00EA15B3,17592,17592,16,,,,alignment_or_unknown,UNRESOLVED_STAGE_3,UNRESOLVED_STAGE_3,LAYOUT-001;LAYOUT-002,High-layout/Lead-semantics,"SLUS file columns are blank because this is disc data loaded into RAM, not executable-backed static data."
opponent_05_array_1,0x8017878C,0x80178D2F,0x0017878C,0x00178D2F,0x17878C,0x178D2F,,,0x00EA15B4,0x00EA1B57,17592,17593,1444,2,722,1460,sa_pow_weights_lead,UNRESOLVED_STAGE_3,UNRESOLVED_STAGE_3,LAYOUT-001;LAYOUT-002,High-layout/Lead-semantics,"SLUS file columns are blank because this is disc data loaded into RAM, not executable-backed static data."
opponent_05_gap_1,0x80178D30,0x80178D3F,0x00178D30,0x00178D3F,0x178D30,0x178D3F,,,0x00EA1B58,0x00EA1B67,17593,17593,16,,,,alignment_or_unknown,UNRESOLVED_STAGE_3,UNRESOLVED_STAGE_3,LAYOUT-001;LAYOUT-002,High-layout/Lead-semantics,"SLUS file columns are blank because this is disc data loaded into RAM, not executable-backed static data."
opponent_05_array_2,0x80178D40,0x801792E3,0x00178D40,0x001792E3,0x178D40,0x1792E3,,,0x00EA1B68,0x00EA210B,17593,17594,1444,2,722,1460,bcd_weights_lead,UNRESOLVED_STAGE_3,UNRESOLVED_STAGE_3,LAYOUT-001;LAYOUT-002,High-layout/Lead-semantics,"SLUS file columns are blank because this is disc data loaded into RAM, not executable-backed static data."
opponent_05_gap_2,0x801792E4,0x801792F3,0x001792E4,0x001792F3,0x1792E4,0x1792F3,,,0x00EA210C,0x00EA211B,17594,17594,16,,,,alignment_or_unknown,UNRESOLVED_STAGE_3,UNRESOLVED_STAGE_3,LAYOUT-001;LAYOUT-002,High-layout/Lead-semantics,"SLUS file columns are blank because this is disc data loaded into RAM, not executable-backed static data."
opponent_05_array_3,0x801792F4,0x80179897,0x001792F4,0x00179897,0x1792F4,0x179897,,,0x00EA211C,0x00EA26BF,17594,17594,1444,2,722,1460,sa_tec_weights_lead,UNRESOLVED_STAGE_3,UNRESOLVED_STAGE_3,LAYOUT-001;LAYOUT-002,High-layout/Lead-semantics,"SLUS file columns are blank because this is disc data loaded into RAM, not executable-backed static data."
opponent_05_gap_3,0x80179898,0x801798A7,0x00179898,0x001798A7,0x179898,0x1798A7,,,0x00EA26C0,0x00EA26CF,17594,17594,16,,,,alignment_or_unknown,UNRESOLVED_STAGE_3,UNRESOLVED_STAGE_3,LAYOUT-001;LAYOUT-002,High-layout/Lead-semantics,"SLUS file columns are blank because this is disc data loaded into RAM, not executable-backed static data."
opponent_05_rank_candidate,0x801798A8,0x8017996F,0x001798A8,0x0017996F,0x1798A8,0x17996F,,,0x00EA26D0,0x00EA2797,17594,17594,200,,,,rank_data_lead,UNRESOLVED_STAGE_3,UNRESOLVED_STAGE_3,LAYOUT-001;LAYOUT-002,High-layout/Lead-semantics,"SLUS file columns are blank because this is disc data loaded into RAM, not executable-backed static data."
opponent_05_tail,0x80179970,0x801799D7,0x00179970,0x001799D7,0x179970,0x1799D7,,,0x00EA2798,0x00EA27FF,17594,17594,104,,,,unknown_tail,UNRESOLVED_STAGE_3,UNRESOLVED_STAGE_3,LAYOUT-001;LAYOUT-002,High-layout/Lead-semantics,"SLUS file columns are blank because this is disc data loaded into RAM, not executable-backed static data."
opponent_06_record,0x801781D8,0x801799D7,0x001781D8,0x001799D7,0x1781D8,0x1799D7,,,0x00EA2800,0x00EA3FFF,17595,17597,6144,,,,current_opponent_record_lead,UNRESOLVED_STAGE_3,UNRESOLVED_STAGE_3,LAYOUT-001;LAYOUT-002,High-layout/Lead-semantics,"SLUS file columns are blank because this is disc data loaded into RAM, not executable-backed static data."
opponent_06_array_0,0x801781D8,0x8017877B,0x001781D8,0x0017877B,0x1781D8,0x17877B,,,0x00EA2800,0x00EA2DA3,17595,17595,1444,2,722,1460,deck_weights_lead,UNRESOLVED_STAGE_3,UNRESOLVED_STAGE_3,LAYOUT-001;LAYOUT-002,High-layout/Lead-semantics,"SLUS file columns are blank because this is disc data loaded into RAM, not executable-backed static data."
opponent_06_gap_0,0x8017877C,0x8017878B,0x0017877C,0x0017878B,0x17877C,0x17878B,,,0x00EA2DA4,0x00EA2DB3,17595,17595,16,,,,alignment_or_unknown,UNRESOLVED_STAGE_3,UNRESOLVED_STAGE_3,LAYOUT-001;LAYOUT-002,High-layout/Lead-semantics,"SLUS file columns are blank because this is disc data loaded into RAM, not executable-backed static data."
opponent_06_array_1,0x8017878C,0x80178D2F,0x0017878C,0x00178D2F,0x17878C,0x178D2F,,,0x00EA2DB4,0x00EA3357,17595,17596,1444,2,722,1460,sa_pow_weights_lead,UNRESOLVED_STAGE_3,UNRESOLVED_STAGE_3,LAYOUT-001;LAYOUT-002,High-layout/Lead-semantics,"SLUS file columns are blank because this is disc data loaded into RAM, not executable-backed static data."
opponent_06_gap_1,0x80178D30,0x80178D3F,0x00178D30,0x00178D3F,0x178D30,0x178D3F,,,0x00EA3358,0x00EA3367,17596,17596,16,,,,alignment_or_unknown,UNRESOLVED_STAGE_3,UNRESOLVED_STAGE_3,LAYOUT-001;LAYOUT-002,High-layout/Lead-semantics,"SLUS file columns are blank because this is disc data loaded into RAM, not executable-backed static data."
opponent_06_array_2,0x80178D40,0x801792E3,0x00178D40,0x001792E3,0x178D40,0x1792E3,,,0x00EA3368,0x00EA390B,17596,17597,1444,2,722,1460,bcd_weights_lead,UNRESOLVED_STAGE_3,UNRESOLVED_STAGE_3,LAYOUT-001;LAYOUT-002,High-layout/Lead-semantics,"SLUS file columns are blank because this is disc data loaded into RAM, not executable-backed static data."
opponent_06_gap_2,0x801792E4,0x801792F3,0x001792E4,0x001792F3,0x1792E4,0x1792F3,,,0x00EA390C,0x00EA391B,17597,17597,16,,,,alignment_or_unknown,UNRESOLVED_STAGE_3,UNRESOLVED_STAGE_3,LAYOUT-001;LAYOUT-002,High-layout/Lead-semantics,"SLUS file columns are blank because this is disc data loaded into RAM, not executable-backed static data."
opponent_06_array_3,0x801792F4,0x80179897,0x001792F4,0x00179897,0x1792F4,0x179897,,,0x00EA391C,0x00EA3EBF,17597,17597,1444,2,722,1460,sa_tec_weights_lead,UNRESOLVED_STAGE_3,UNRESOLVED_STAGE_3,LAYOUT-001;LAYOUT-002,High-layout/Lead-semantics,"SLUS file columns are blank because this is disc data loaded into RAM, not executable-backed static data."
opponent_06_gap_3,0x80179898,0x801798A7,0x00179898,0x001798A7,0x179898,0x1798A7,,,0x00EA3EC0,0x00EA3ECF,17597,17597,16,,,,alignment_or_unknown,UNRESOLVED_STAGE_3,UNRESOLVED_STAGE_3,LAYOUT-001;LAYOUT-002,High-layout/Lead-semantics,"SLUS file columns are blank because this is disc data loaded into RAM, not executable-backed static data."
opponent_06_rank_candidate,0x801798A8,0x8017996F,0x001798A8,0x0017996F,0x1798A8,0x17996F,,,0x00EA3ED0,0x00EA3F97,17597,17597,200,,,,rank_data_lead,UNRESOLVED_STAGE_3,UNRESOLVED_STAGE_3,LAYOUT-001;LAYOUT-002,High-layout/Lead-semantics,"SLUS file columns are blank because this is disc data loaded into RAM, not executable-backed static data."
opponent_06_tail,0x80179970,0x801799D7,0x00179970,0x001799D7,0x179970,0x1799D7,,,0x00EA3F98,0x00EA3FFF,17597,17597,104,,,,unknown_tail,UNRESOLVED_STAGE_3,UNRESOLVED_STAGE_3,LAYOUT-001;LAYOUT-002,High-layout/Lead-semantics,"SLUS file columns are blank because this is disc data loaded into RAM, not executable-backed static data."
opponent_07_record,0x801781D8,0x801799D7,0x001781D8,0x001799D7,0x1781D8,0x1799D7,,,0x00EA4000,0x00EA57FF,17598,17600,6144,,,,current_opponent_record_lead,UNRESOLVED_STAGE_3,UNRESOLVED_STAGE_3,LAYOUT-001;LAYOUT-002,High-layout/Lead-semantics,"SLUS file columns are blank because this is disc data loaded into RAM, not executable-backed static data."
opponent_07_array_0,0x801781D8,0x8017877B,0x001781D8,0x0017877B,0x1781D8,0x17877B,,,0x00EA4000,0x00EA45A3,17598,17598,1444,2,722,1460,deck_weights_lead,UNRESOLVED_STAGE_3,UNRESOLVED_STAGE_3,LAYOUT-001;LAYOUT-002,High-layout/Lead-semantics,"SLUS file columns are blank because this is disc data loaded into RAM, not executable-backed static data."
opponent_07_gap_0,0x8017877C,0x8017878B,0x0017877C,0x0017878B,0x17877C,0x17878B,,,0x00EA45A4,0x00EA45B3,17598,17598,16,,,,alignment_or_unknown,UNRESOLVED_STAGE_3,UNRESOLVED_STAGE_3,LAYOUT-001;LAYOUT-002,High-layout/Lead-semantics,"SLUS file columns are blank because this is disc data loaded into RAM, not executable-backed static data."
opponent_07_array_1,0x8017878C,0x80178D2F,0x0017878C,0x00178D2F,0x17878C,0x178D2F,,,0x00EA45B4,0x00EA4B57,17598,17599,1444,2,722,1460,sa_pow_weights_lead,UNRESOLVED_STAGE_3,UNRESOLVED_STAGE_3,LAYOUT-001;LAYOUT-002,High-layout/Lead-semantics,"SLUS file columns are blank because this is disc data loaded into RAM, not executable-backed static data."
opponent_07_gap_1,0x80178D30,0x80178D3F,0x00178D30,0x00178D3F,0x178D30,0x178D3F,,,0x00EA4B58,0x00EA4B67,17599,17599,16,,,,alignment_or_unknown,UNRESOLVED_STAGE_3,UNRESOLVED_STAGE_3,LAYOUT-001;LAYOUT-002,High-layout/Lead-semantics,"SLUS file columns are blank because this is disc data loaded into RAM, not executable-backed static data."
opponent_07_array_2,0x80178D40,0x801792E3,0x00178D40,0x001792E3,0x178D40,0x1792E3,,,0x00EA4B68,0x00EA510B,17599,17600,1444,2,722,1460,bcd_weights_lead,UNRESOLVED_STAGE_3,UNRESOLVED_STAGE_3,LAYOUT-001;LAYOUT-002,High-layout/Lead-semantics,"SLUS file columns are blank because this is disc data loaded into RAM, not executable-backed static data."
opponent_07_gap_2,0x801792E4,0x801792F3,0x001792E4,0x001792F3,0x1792E4,0x1792F3,,,0x00EA510C,0x00EA511B,17600,17600,16,,,,alignment_or_unknown,UNRESOLVED_STAGE_3,UNRESOLVED_STAGE_3,LAYOUT-001;LAYOUT-002,High-layout/Lead-semantics,"SLUS file columns are blank because this is disc data loaded into RAM, not executable-backed static data."
opponent_07_array_3,0x801792F4,0x80179897,0x001792F4,0x00179897,0x1792F4,0x179897,,,0x00EA511C,0x00EA56BF,17600,17600,1444,2,722,1460,sa_tec_weights_lead,UNRESOLVED_STAGE_3,UNRESOLVED_STAGE_3,LAYOUT-001;LAYOUT-002,High-layout/Lead-semantics,"SLUS file columns are blank because this is disc data loaded into RAM, not executable-backed static data."
opponent_07_gap_3,0x80179898,0x801798A7,0x00179898,0x001798A7,0x179898,0x1798A7,,,0x00EA56C0,0x00EA56CF,17600,17600,16,,,,alignment_or_unknown,UNRESOLVED_STAGE_3,UNRESOLVED_STAGE_3,LAYOUT-001;LAYOUT-002,High-layout/Lead-semantics,"SLUS file columns are blank because this is disc data loaded into RAM, not executable-backed static data."
opponent_07_rank_candidate,0x801798A8,0x8017996F,0x001798A8,0x0017996F,0x1798A8,0x17996F,,,0x00EA56D0,0x00EA5797,17600,17600,200,,,,rank_data_lead,UNRESOLVED_STAGE_3,UNRESOLVED_STAGE_3,LAYOUT-001;LAYOUT-002,High-layout/Lead-semantics,"SLUS file columns are blank because this is disc data loaded into RAM, not executable-backed static data."
opponent_07_tail,0x80179970,0x801799D7,0x00179970,0x001799D7,0x179970,0x1799D7,,,0x00EA5798,0x00EA57FF,17600,17600,104,,,,unknown_tail,UNRESOLVED_STAGE_3,UNRESOLVED_STAGE_3,LAYOUT-001;LAYOUT-002,High-layout/Lead-semantics,"SLUS file columns are blank because this is disc data loaded into RAM, not executable-backed static data."
opponent_08_record,0x801781D8,0x801799D7,0x001781D8,0x001799D7,0x1781D8,0x1799D7,,,0x00EA5800,0x00EA6FFF,17601,17603,6144,,,,current_opponent_record_lead,UNRESOLVED_STAGE_3,UNRESOLVED_STAGE_3,LAYOUT-001;LAYOUT-002,High-layout/Lead-semantics,"SLUS file columns are blank because this is disc data loaded into RAM, not executable-backed static data."
opponent_08_array_0,0x801781D8,0x8017877B,0x001781D8,0x0017877B,0x1781D8,0x17877B,,,0x00EA5800,0x00EA5DA3,17601,17601,1444,2,722,1460,deck_weights_lead,UNRESOLVED_STAGE_3,UNRESOLVED_STAGE_3,LAYOUT-001;LAYOUT-002,High-layout/Lead-semantics,"SLUS file columns are blank because this is disc data loaded into RAM, not executable-backed static data."
opponent_08_gap_0,0x8017877C,0x8017878B,0x0017877C,0x0017878B,0x17877C,0x17878B,,,0x00EA5DA4,0x00EA5DB3,17601,17601,16,,,,alignment_or_unknown,UNRESOLVED_STAGE_3,UNRESOLVED_STAGE_3,LAYOUT-001;LAYOUT-002,High-layout/Lead-semantics,"SLUS file columns are blank because this is disc data loaded into RAM, not executable-backed static data."
opponent_08_array_1,0x8017878C,0x80178D2F,0x0017878C,0x00178D2F,0x17878C,0x178D2F,,,0x00EA5DB4,0x00EA6357,17601,17602,1444,2,722,1460,sa_pow_weights_lead,UNRESOLVED_STAGE_3,UNRESOLVED_STAGE_3,LAYOUT-001;LAYOUT-002,High-layout/Lead-semantics,"SLUS file columns are blank because this is disc data loaded into RAM, not executable-backed static data."
opponent_08_gap_1,0x80178D30,0x80178D3F,0x00178D30,0x00178D3F,0x178D30,0x178D3F,,,0x00EA6358,0x00EA6367,17602,17602,16,,,,alignment_or_unknown,UNRESOLVED_STAGE_3,UNRESOLVED_STAGE_3,LAYOUT-001;LAYOUT-002,High-layout/Lead-semantics,"SLUS file columns are blank because this is disc data loaded into RAM, not executable-backed static data."
opponent_08_array_2,0x80178D40,0x801792E3,0x00178D40,0x001792E3,0x178D40,0x1792E3,,,0x00EA6368,0x00EA690B,17602,17603,1444,2,722,1460,bcd_weights_lead,UNRESOLVED_STAGE_3,UNRESOLVED_STAGE_3,LAYOUT-001;LAYOUT-002,High-layout/Lead-semantics,"SLUS file columns are blank because this is disc data loaded into RAM, not executable-backed static data."
opponent_08_gap_2,0x801792E4,0x801792F3,0x001792E4,0x001792F3,0x1792E4,0x1792F3,,,0x00EA690C,0x00EA691B,17603,17603,16,,,,alignment_or_unknown,UNRESOLVED_STAGE_3,UNRESOLVED_STAGE_3,LAYOUT-001;LAYOUT-002,High-layout/Lead-semantics,"SLUS file columns are blank because this is disc data loaded into RAM, not executable-backed static data."
opponent_08_array_3,0x801792F4,0x80179897,0x001792F4,0x00179897,0x1792F4,0x179897,,,0x00EA691C,0x00EA6EBF,17603,17603,1444,2,722,1460,sa_tec_weights_lead,UNRESOLVED_STAGE_3,UNRESOLVED_STAGE_3,LAYOUT-001;LAYOUT-002,High-layout/Lead-semantics,"SLUS file columns are blank because this is disc data loaded into RAM, not executable-backed static data."
opponent_08_gap_3,0x80179898,0x801798A7,0x00179898,0x001798A7,0x179898,0x1798A7,,,0x00EA6EC0,0x00EA6ECF,17603,17603,16,,,,alignment_or_unknown,UNRESOLVED_STAGE_3,UNRESOLVED_STAGE_3,LAYOUT-001;LAYOUT-002,High-layout/Lead-semantics,"SLUS file columns are blank because this is disc data loaded into RAM, not executable-backed static data."
opponent_08_rank_candidate,0x801798A8,0x8017996F,0x001798A8,0x0017996F,0x1798A8,0x17996F,,,0x00EA6ED0,0x00EA6F97,17603,17603,200,,,,rank_data_lead,UNRESOLVED_STAGE_3,UNRESOLVED_STAGE_3,LAYOUT-001;LAYOUT-002,High-layout/Lead-semantics,"SLUS file columns are blank because this is disc data loaded into RAM, not executable-backed static data."
opponent_08_tail,0x80179970,0x801799D7,0x00179970,0x001799D7,0x179970,0x1799D7,,,0x00EA6F98,0x00EA6FFF,17603,17603,104,,,,unknown_tail,UNRESOLVED_STAGE_3,UNRESOLVED_STAGE_3,LAYOUT-001;LAYOUT-002,High-layout/Lead-semantics,"SLUS file columns are blank because this is disc data loaded into RAM, not executable-backed static data."
opponent_09_record,0x801781D8,0x801799D7,0x001781D8,0x001799D7,0x1781D8,0x1799D7,,,0x00EA7000,0x00EA87FF,17604,17606,6144,,,,current_opponent_record_lead,UNRESOLVED_STAGE_3,UNRESOLVED_STAGE_3,LAYOUT-001;LAYOUT-002,High-layout/Lead-semantics,"SLUS file columns are blank because this is disc data loaded into RAM, not executable-backed static data."
opponent_09_array_0,0x801781D8,0x8017877B,0x001781D8,0x0017877B,0x1781D8,0x17877B,,,0x00EA7000,0x00EA75A3,17604,17604,1444,2,722,1460,deck_weights_lead,UNRESOLVED_STAGE_3,UNRESOLVED_STAGE_3,LAYOUT-001;LAYOUT-002,High-layout/Lead-semantics,"SLUS file columns are blank because this is disc data loaded into RAM, not executable-backed static data."
opponent_09_gap_0,0x8017877C,0x8017878B,0x0017877C,0x0017878B,0x17877C,0x17878B,,,0x00EA75A4,0x00EA75B3,17604,17604,16,,,,alignment_or_unknown,UNRESOLVED_STAGE_3,UNRESOLVED_STAGE_3,LAYOUT-001;LAYOUT-002,High-layout/Lead-semantics,"SLUS file columns are blank because this is disc data loaded into RAM, not executable-backed static data."
opponent_09_array_1,0x8017878C,0x80178D2F,0x0017878C,0x00178D2F,0x17878C,0x178D2F,,,0x00EA75B4,0x00EA7B57,17604,17605,1444,2,722,1460,sa_pow_weights_lead,UNRESOLVED_STAGE_3,UNRESOLVED_STAGE_3,LAYOUT-001;LAYOUT-002,High-layout/Lead-semantics,"SLUS file columns are blank because this is disc data loaded into RAM, not executable-backed static data."
opponent_09_gap_1,0x80178D30,0x80178D3F,0x00178D30,0x00178D3F,0x178D30,0x178D3F,,,0x00EA7B58,0x00EA7B67,17605,17605,16,,,,alignment_or_unknown,UNRESOLVED_STAGE_3,UNRESOLVED_STAGE_3,LAYOUT-001;LAYOUT-002,High-layout/Lead-semantics,"SLUS file columns are blank because this is disc data loaded into RAM, not executable-backed static data."
opponent_09_array_2,0x80178D40,0x801792E3,0x00178D40,0x001792E3,0x178D40,0x1792E3,,,0x00EA7B68,0x00EA810B,17605,17606,1444,2,722,1460,bcd_weights_lead,UNRESOLVED_STAGE_3,UNRESOLVED_STAGE_3,LAYOUT-001;LAYOUT-002,High-layout/Lead-semantics,"SLUS file columns are blank because this is disc data loaded into RAM, not executable-backed static data."
opponent_09_gap_2,0x801792E4,0x801792F3,0x001792E4,0x001792F3,0x1792E4,0x1792F3,,,0x00EA810C,0x00EA811B,17606,17606,16,,,,alignment_or_unknown,UNRESOLVED_STAGE_3,UNRESOLVED_STAGE_3,LAYOUT-001;LAYOUT-002,High-layout/Lead-semantics,"SLUS file columns are blank because this is disc data loaded into RAM, not executable-backed static data."
opponent_09_array_3,0x801792F4,0x80179897,0x001792F4,0x00179897,0x1792F4,0x179897,,,0x00EA811C,0x00EA86BF,17606,17606,1444,2,722,1460,sa_tec_weights_lead,UNRESOLVED_STAGE_3,UNRESOLVED_STAGE_3,LAYOUT-001;LAYOUT-002,High-layout/Lead-semantics,"SLUS file columns are blank because this is disc data loaded into RAM, not executable-backed static data."
opponent_09_gap_3,0x80179898,0x801798A7,0x00179898,0x001798A7,0x179898,0x1798A7,,,0x00EA86C0,0x00EA86CF,17606,17606,16,,,,alignment_or_unknown,UNRESOLVED_STAGE_3,UNRESOLVED_STAGE_3,LAYOUT-001;LAYOUT-002,High-layout/Lead-semantics,"SLUS file columns are blank because this is disc data loaded into RAM, not executable-backed static data."
opponent_09_rank_candidate,0x801798A8,0x8017996F,0x001798A8,0x0017996F,0x1798A8,0x17996F,,,0x00EA86D0,0x00EA8797,17606,17606,200,,,,rank_data_lead,UNRESOLVED_STAGE_3,UNRESOLVED_STAGE_3,LAYOUT-001;LAYOUT-002,High-layout/Lead-semantics,"SLUS file columns are blank because this is disc data loaded into RAM, not executable-backed static data."
opponent_09_tail,0x80179970,0x801799D7,0x00179970,0x001799D7,0x179970,0x1799D7,,,0x00EA8798,0x00EA87FF,17606,17606,104,,,,unknown_tail,UNRESOLVED_STAGE_3,UNRESOLVED_STAGE_3,LAYOUT-001;LAYOUT-002,High-layout/Lead-semantics,"SLUS file columns are blank because this is disc data loaded into RAM, not executable-backed static data."
opponent_10_record,0x801781D8,0x801799D7,0x001781D8,0x001799D7,0x1781D8,0x1799D7,,,0x00EA8800,0x00EA9FFF,17607,17609,6144,,,,current_opponent_record_lead,UNRESOLVED_STAGE_3,UNRESOLVED_STAGE_3,LAYOUT-001;LAYOUT-002,High-layout/Lead-semantics,"SLUS file columns are blank because this is disc data loaded into RAM, not executable-backed static data."
opponent_10_array_0,0x801781D8,0x8017877B,0x001781D8,0x0017877B,0x1781D8,0x17877B,,,0x00EA8800,0x00EA8DA3,17607,17607,1444,2,722,1460,deck_weights_lead,UNRESOLVED_STAGE_3,UNRESOLVED_STAGE_3,LAYOUT-001;LAYOUT-002,High-layout/Lead-semantics,"SLUS file columns are blank because this is disc data loaded into RAM, not executable-backed static data."
opponent_10_gap_0,0x8017877C,0x8017878B,0x0017877C,0x0017878B,0x17877C,0x17878B,,,0x00EA8DA4,0x00EA8DB3,17607,17607,16,,,,alignment_or_unknown,UNRESOLVED_STAGE_3,UNRESOLVED_STAGE_3,LAYOUT-001;LAYOUT-002,High-layout/Lead-semantics,"SLUS file columns are blank because this is disc data loaded into RAM, not executable-backed static data."
opponent_10_array_1,0x8017878C,0x80178D2F,0x0017878C,0x00178D2F,0x17878C,0x178D2F,,,0x00EA8DB4,0x00EA9357,17607,17608,1444,2,722,1460,sa_pow_weights_lead,UNRESOLVED_STAGE_3,UNRESOLVED_STAGE_3,LAYOUT-001;LAYOUT-002,High-layout/Lead-semantics,"SLUS file columns are blank because this is disc data loaded into RAM, not executable-backed static data."
opponent_10_gap_1,0x80178D30,0x80178D3F,0x00178D30,0x00178D3F,0x178D30,0x178D3F,,,0x00EA9358,0x00EA9367,17608,17608,16,,,,alignment_or_unknown,UNRESOLVED_STAGE_3,UNRESOLVED_STAGE_3,LAYOUT-001;LAYOUT-002,High-layout/Lead-semantics,"SLUS file columns are blank because this is disc data loaded into RAM, not executable-backed static data."
opponent_10_array_2,0x80178D40,0x801792E3,0x00178D40,0x001792E3,0x178D40,0x1792E3,,,0x00EA9368,0x00EA990B,17608,17609,1444,2,722,1460,bcd_weights_lead,UNRESOLVED_STAGE_3,UNRESOLVED_STAGE_3,LAYOUT-001;LAYOUT-002,High-layout/Lead-semantics,"SLUS file columns are blank because this is disc data loaded into RAM, not executable-backed static data."
opponent_10_gap_2,0x801792E4,0x801792F3,0x001792E4,0x001792F3,0x1792E4,0x1792F3,,,0x00EA990C,0x00EA991B,17609,17609,16,,,,alignment_or_unknown,UNRESOLVED_STAGE_3,UNRESOLVED_STAGE_3,LAYOUT-001;LAYOUT-002,High-layout/Lead-semantics,"SLUS file columns are blank because this is disc data loaded into RAM, not executable-backed static data."
opponent_10_array_3,0x801792F4,0x80179897,0x001792F4,0x00179897,0x1792F4,0x179897,,,0x00EA991C,0x00EA9EBF,17609,17609,1444,2,722,1460,sa_tec_weights_lead,UNRESOLVED_STAGE_3,UNRESOLVED_STAGE_3,LAYOUT-001;LAYOUT-002,High-layout/Lead-semantics,"SLUS file columns are blank because this is disc data loaded into RAM, not executable-backed static data."
opponent_10_gap_3,0x80179898,0x801798A7,0x00179898,0x001798A7,0x179898,0x1798A7,,,0x00EA9EC0,0x00EA9ECF,17609,17609,16,,,,alignment_or_unknown,UNRESOLVED_STAGE_3,UNRESOLVED_STAGE_3,LAYOUT-001;LAYOUT-002,High-layout/Lead-semantics,"SLUS file columns are blank because this is disc data loaded into RAM, not executable-backed static data."
opponent_10_rank_candidate,0x801798A8,0x8017996F,0x001798A8,0x0017996F,0x1798A8,0x17996F,,,0x00EA9ED0,0x00EA9F97,17609,17609,200,,,,rank_data_lead,UNRESOLVED_STAGE_3,UNRESOLVED_STAGE_3,LAYOUT-001;LAYOUT-002,High-layout/Lead-semantics,"SLUS file columns are blank because this is disc data loaded into RAM, not executable-backed static data."
opponent_10_tail,0x80179970,0x801799D7,0x00179970,0x001799D7,0x179970,0x1799D7,,,0x00EA9F98,0x00EA9FFF,17609,17609,104,,,,unknown_tail,UNRESOLVED_STAGE_3,UNRESOLVED_STAGE_3,LAYOUT-001;LAYOUT-002,High-layout/Lead-semantics,"SLUS file columns are blank because this is disc data loaded into RAM, not executable-backed static data."
opponent_11_record,0x801781D8,0x801799D7,0x001781D8,0x001799D7,0x1781D8,0x1799D7,,,0x00EAA000,0x00EAB7FF,17610,17612,6144,,,,current_opponent_record_lead,UNRESOLVED_STAGE_3,UNRESOLVED_STAGE_3,LAYOUT-001;LAYOUT-002,High-layout/Lead-semantics,"SLUS file columns are blank because this is disc data loaded into RAM, not executable-backed static data."
opponent_11_array_0,0x801781D8,0x8017877B,0x001781D8,0x0017877B,0x1781D8,0x17877B,,,0x00EAA000,0x00EAA5A3,17610,17610,1444,2,722,1460,deck_weights_lead,UNRESOLVED_STAGE_3,UNRESOLVED_STAGE_3,LAYOUT-001;LAYOUT-002,High-layout/Lead-semantics,"SLUS file columns are blank because this is disc data loaded into RAM, not executable-backed static data."
opponent_11_gap_0,0x8017877C,0x8017878B,0x0017877C,0x0017878B,0x17877C,0x17878B,,,0x00EAA5A4,0x00EAA5B3,17610,17610,16,,,,alignment_or_unknown,UNRESOLVED_STAGE_3,UNRESOLVED_STAGE_3,LAYOUT-001;LAYOUT-002,High-layout/Lead-semantics,"SLUS file columns are blank because this is disc data loaded into RAM, not executable-backed static data."
opponent_11_array_1,0x8017878C,0x80178D2F,0x0017878C,0x00178D2F,0x17878C,0x178D2F,,,0x00EAA5B4,0x00EAAB57,17610,17611,1444,2,722,1460,sa_pow_weights_lead,UNRESOLVED_STAGE_3,UNRESOLVED_STAGE_3,LAYOUT-001;LAYOUT-002,High-layout/Lead-semantics,"SLUS file columns are blank because this is disc data loaded into RAM, not executable-backed static data."
opponent_11_gap_1,0x80178D30,0x80178D3F,0x00178D30,0x00178D3F,0x178D30,0x178D3F,,,0x00EAAB58,0x00EAAB67,17611,17611,16,,,,alignment_or_unknown,UNRESOLVED_STAGE_3,UNRESOLVED_STAGE_3,LAYOUT-001;LAYOUT-002,High-layout/Lead-semantics,"SLUS file columns are blank because this is disc data loaded into RAM, not executable-backed static data."
opponent_11_array_2,0x80178D40,0x801792E3,0x00178D40,0x001792E3,0x178D40,0x1792E3,,,0x00EAAB68,0x00EAB10B,17611,17612,1444,2,722,1460,bcd_weights_lead,UNRESOLVED_STAGE_3,UNRESOLVED_STAGE_3,LAYOUT-001;LAYOUT-002,High-layout/Lead-semantics,"SLUS file columns are blank because this is disc data loaded into RAM, not executable-backed static data."
opponent_11_gap_2,0x801792E4,0x801792F3,0x001792E4,0x001792F3,0x1792E4,0x1792F3,,,0x00EAB10C,0x00EAB11B,17612,17612,16,,,,alignment_or_unknown,UNRESOLVED_STAGE_3,UNRESOLVED_STAGE_3,LAYOUT-001;LAYOUT-002,High-layout/Lead-semantics,"SLUS file columns are blank because this is disc data loaded into RAM, not executable-backed static data."
opponent_11_array_3,0x801792F4,0x80179897,0x001792F4,0x00179897,0x1792F4,0x179897,,,0x00EAB11C,0x00EAB6BF,17612,17612,1444,2,722,1460,sa_tec_weights_lead,UNRESOLVED_STAGE_3,UNRESOLVED_STAGE_3,LAYOUT-001;LAYOUT-002,High-layout/Lead-semantics,"SLUS file columns are blank because this is disc data loaded into RAM, not executable-backed static data."
opponent_11_gap_3,0x80179898,0x801798A7,0x00179898,0x001798A7,0x179898,0x1798A7,,,0x00EAB6C0,0x00EAB6CF,17612,17612,16,,,,alignment_or_unknown,UNRESOLVED_STAGE_3,UNRESOLVED_STAGE_3,LAYOUT-001;LAYOUT-002,High-layout/Lead-semantics,"SLUS file columns are blank because this is disc data loaded into RAM, not executable-backed static data."
opponent_11_rank_candidate,0x801798A8,0x8017996F,0x001798A8,0x0017996F,0x1798A8,0x17996F,,,0x00EAB6D0,0x00EAB797,17612,17612,200,,,,rank_data_lead,UNRESOLVED_STAGE_3,UNRESOLVED_STAGE_3,LAYOUT-001;LAYOUT-002,High-layout/Lead-semantics,"SLUS file columns are blank because this is disc data loaded into RAM, not executable-backed static data."
opponent_11_tail,0x80179970,0x801799D7,0x00179970,0x001799D7,0x179970,0x1799D7,,,0x00EAB798,0x00EAB7FF,17612,17612,104,,,,unknown_tail,UNRESOLVED_STAGE_3,UNRESOLVED_STAGE_3,LAYOUT-001;LAYOUT-002,High-layout/Lead-semantics,"SLUS file columns are blank because this is disc data loaded into RAM, not executable-backed static data."
opponent_12_record,0x801781D8,0x801799D7,0x001781D8,0x001799D7,0x1781D8,0x1799D7,,,0x00EAB800,0x00EACFFF,17613,17615,6144,,,,current_opponent_record_lead,UNRESOLVED_STAGE_3,UNRESOLVED_STAGE_3,LAYOUT-001;LAYOUT-002,High-layout/Lead-semantics,"SLUS file columns are blank because this is disc data loaded into RAM, not executable-backed static data."
opponent_12_array_0,0x801781D8,0x8017877B,0x001781D8,0x0017877B,0x1781D8,0x17877B,,,0x00EAB800,0x00EABDA3,17613,17613,1444,2,722,1460,deck_weights_lead,UNRESOLVED_STAGE_3,UNRESOLVED_STAGE_3,LAYOUT-001;LAYOUT-002,High-layout/Lead-semantics,"SLUS file columns are blank because this is disc data loaded into RAM, not executable-backed static data."
opponent_12_gap_0,0x8017877C,0x8017878B,0x0017877C,0x0017878B,0x17877C,0x17878B,,,0x00EABDA4,0x00EABDB3,17613,17613,16,,,,alignment_or_unknown,UNRESOLVED_STAGE_3,UNRESOLVED_STAGE_3,LAYOUT-001;LAYOUT-002,High-layout/Lead-semantics,"SLUS file columns are blank because this is disc data loaded into RAM, not executable-backed static data."
opponent_12_array_1,0x8017878C,0x80178D2F,0x0017878C,0x00178D2F,0x17878C,0x178D2F,,,0x00EABDB4,0x00EAC357,17613,17614,1444,2,722,1460,sa_pow_weights_lead,UNRESOLVED_STAGE_3,UNRESOLVED_STAGE_3,LAYOUT-001;LAYOUT-002,High-layout/Lead-semantics,"SLUS file columns are blank because this is disc data loaded into RAM, not executable-backed static data."
opponent_12_gap_1,0x80178D30,0x80178D3F,0x00178D30,0x00178D3F,0x178D30,0x178D3F,,,0x00EAC358,0x00EAC367,17614,17614,16,,,,alignment_or_unknown,UNRESOLVED_STAGE_3,UNRESOLVED_STAGE_3,LAYOUT-001;LAYOUT-002,High-layout/Lead-semantics,"SLUS file columns are blank because this is disc data loaded into RAM, not executable-backed static data."
opponent_12_array_2,0x80178D40,0x801792E3,0x00178D40,0x001792E3,0x178D40,0x1792E3,,,0x00EAC368,0x00EAC90B,17614,17615,1444,2,722,1460,bcd_weights_lead,UNRESOLVED_STAGE_3,UNRESOLVED_STAGE_3,LAYOUT-001;LAYOUT-002,High-layout/Lead-semantics,"SLUS file columns are blank because this is disc data loaded into RAM, not executable-backed static data."
opponent_12_gap_2,0x801792E4,0x801792F3,0x001792E4,0x001792F3,0x1792E4,0x1792F3,,,0x00EAC90C,0x00EAC91B,17615,17615,16,,,,alignment_or_unknown,UNRESOLVED_STAGE_3,UNRESOLVED_STAGE_3,LAYOUT-001;LAYOUT-002,High-layout/Lead-semantics,"SLUS file columns are blank because this is disc data loaded into RAM, not executable-backed static data."
opponent_12_array_3,0x801792F4,0x80179897,0x001792F4,0x00179897,0x1792F4,0x179897,,,0x00EAC91C,0x00EACEBF,17615,17615,1444,2,722,1460,sa_tec_weights_lead,UNRESOLVED_STAGE_3,UNRESOLVED_STAGE_3,LAYOUT-001;LAYOUT-002,High-layout/Lead-semantics,"SLUS file columns are blank because this is disc data loaded into RAM, not executable-backed static data."
opponent_12_gap_3,0x80179898,0x801798A7,0x00179898,0x001798A7,0x179898,0x1798A7,,,0x00EACEC0,0x00EACECF,17615,17615,16,,,,alignment_or_unknown,UNRESOLVED_STAGE_3,UNRESOLVED_STAGE_3,LAYOUT-001;LAYOUT-002,High-layout/Lead-semantics,"SLUS file columns are blank because this is disc data loaded into RAM, not executable-backed static data."
opponent_12_rank_candidate,0x801798A8,0x8017996F,0x001798A8,0x0017996F,0x1798A8,0x17996F,,,0x00EACED0,0x00EACF97,17615,17615,200,,,,rank_data_lead,UNRESOLVED_STAGE_3,UNRESOLVED_STAGE_3,LAYOUT-001;LAYOUT-002,High-layout/Lead-semantics,"SLUS file columns are blank because this is disc data loaded into RAM, not executable-backed static data."
opponent_12_tail,0x80179970,0x801799D7,0x00179970,0x001799D7,0x179970,0x1799D7,,,0x00EACF98,0x00EACFFF,17615,17615,104,,,,unknown_tail,UNRESOLVED_STAGE_3,UNRESOLVED_STAGE_3,LAYOUT-001;LAYOUT-002,High-layout/Lead-semantics,"SLUS file columns are blank because this is disc data loaded into RAM, not executable-backed static data."
opponent_13_record,0x801781D8,0x801799D7,0x001781D8,0x001799D7,0x1781D8,0x1799D7,,,0x00EAD000,0x00EAE7FF,17616,17618,6144,,,,current_opponent_record_lead,UNRESOLVED_STAGE_3,UNRESOLVED_STAGE_3,LAYOUT-001;LAYOUT-002,High-layout/Lead-semantics,"SLUS file columns are blank because this is disc data loaded into RAM, not executable-backed static data."
opponent_13_array_0,0x801781D8,0x8017877B,0x001781D8,0x0017877B,0x1781D8,0x17877B,,,0x00EAD000,0x00EAD5A3,17616,17616,1444,2,722,1460,deck_weights_lead,UNRESOLVED_STAGE_3,UNRESOLVED_STAGE_3,LAYOUT-001;LAYOUT-002,High-layout/Lead-semantics,"SLUS file columns are blank because this is disc data loaded into RAM, not executable-backed static data."
opponent_13_gap_0,0x8017877C,0x8017878B,0x0017877C,0x0017878B,0x17877C,0x17878B,,,0x00EAD5A4,0x00EAD5B3,17616,17616,16,,,,alignment_or_unknown,UNRESOLVED_STAGE_3,UNRESOLVED_STAGE_3,LAYOUT-001;LAYOUT-002,High-layout/Lead-semantics,"SLUS file columns are blank because this is disc data loaded into RAM, not executable-backed static data."
opponent_13_array_1,0x8017878C,0x80178D2F,0x0017878C,0x00178D2F,0x17878C,0x178D2F,,,0x00EAD5B4,0x00EADB57,17616,17617,1444,2,722,1460,sa_pow_weights_lead,UNRESOLVED_STAGE_3,UNRESOLVED_STAGE_3,LAYOUT-001;LAYOUT-002,High-layout/Lead-semantics,"SLUS file columns are blank because this is disc data loaded into RAM, not executable-backed static data."
opponent_13_gap_1,0x80178D30,0x80178D3F,0x00178D30,0x00178D3F,0x178D30,0x178D3F,,,0x00EADB58,0x00EADB67,17617,17617,16,,,,alignment_or_unknown,UNRESOLVED_STAGE_3,UNRESOLVED_STAGE_3,LAYOUT-001;LAYOUT-002,High-layout/Lead-semantics,"SLUS file columns are blank because this is disc data loaded into RAM, not executable-backed static data."
opponent_13_array_2,0x80178D40,0x801792E3,0x00178D40,0x001792E3,0x178D40,0x1792E3,,,0x00EADB68,0x00EAE10B,17617,17618,1444,2,722,1460,bcd_weights_lead,UNRESOLVED_STAGE_3,UNRESOLVED_STAGE_3,LAYOUT-001;LAYOUT-002,High-layout/Lead-semantics,"SLUS file columns are blank because this is disc data loaded into RAM, not executable-backed static data."
opponent_13_gap_2,0x801792E4,0x801792F3,0x001792E4,0x001792F3,0x1792E4,0x1792F3,,,0x00EAE10C,0x00EAE11B,17618,17618,16,,,,alignment_or_unknown,UNRESOLVED_STAGE_3,UNRESOLVED_STAGE_3,LAYOUT-001;LAYOUT-002,High-layout/Lead-semantics,"SLUS file columns are blank because this is disc data loaded into RAM, not executable-backed static data."
opponent_13_array_3,0x801792F4,0x80179897,0x001792F4,0x00179897,0x1792F4,0x179897,,,0x00EAE11C,0x00EAE6BF,17618,17618,1444,2,722,1460,sa_tec_weights_lead,UNRESOLVED_STAGE_3,UNRESOLVED_STAGE_3,LAYOUT-001;LAYOUT-002,High-layout/Lead-semantics,"SLUS file columns are blank because this is disc data loaded into RAM, not executable-backed static data."
opponent_13_gap_3,0x80179898,0x801798A7,0x00179898,0x001798A7,0x179898,0x1798A7,,,0x00EAE6C0,0x00EAE6CF,17618,17618,16,,,,alignment_or_unknown,UNRESOLVED_STAGE_3,UNRESOLVED_STAGE_3,LAYOUT-001;LAYOUT-002,High-layout/Lead-semantics,"SLUS file columns are blank because this is disc data loaded into RAM, not executable-backed static data."
opponent_13_rank_candidate,0x801798A8,0x8017996F,0x001798A8,0x0017996F,0x1798A8,0x17996F,,,0x00EAE6D0,0x00EAE797,17618,17618,200,,,,rank_data_lead,UNRESOLVED_STAGE_3,UNRESOLVED_STAGE_3,LAYOUT-001;LAYOUT-002,High-layout/Lead-semantics,"SLUS file columns are blank because this is disc data loaded into RAM, not executable-backed static data."
opponent_13_tail,0x80179970,0x801799D7,0x00179970,0x001799D7,0x179970,0x1799D7,,,0x00EAE798,0x00EAE7FF,17618,17618,104,,,,unknown_tail,UNRESOLVED_STAGE_3,UNRESOLVED_STAGE_3,LAYOUT-001;LAYOUT-002,High-layout/Lead-semantics,"SLUS file columns are blank because this is disc data loaded into RAM, not executable-backed static data."
opponent_14_record,0x801781D8,0x801799D7,0x001781D8,0x001799D7,0x1781D8,0x1799D7,,,0x00EAE800,0x00EAFFFF,17619,17621,6144,,,,current_opponent_record_lead,UNRESOLVED_STAGE_3,UNRESOLVED_STAGE_3,LAYOUT-001;LAYOUT-002,High-layout/Lead-semantics,"SLUS file columns are blank because this is disc data loaded into RAM, not executable-backed static data."
opponent_14_array_0,0x801781D8,0x8017877B,0x001781D8,0x0017877B,0x1781D8,0x17877B,,,0x00EAE800,0x00EAEDA3,17619,17619,1444,2,722,1460,deck_weights_lead,UNRESOLVED_STAGE_3,UNRESOLVED_STAGE_3,LAYOUT-001;LAYOUT-002,High-layout/Lead-semantics,"SLUS file columns are blank because this is disc data loaded into RAM, not executable-backed static data."
opponent_14_gap_0,0x8017877C,0x8017878B,0x0017877C,0x0017878B,0x17877C,0x17878B,,,0x00EAEDA4,0x00EAEDB3,17619,17619,16,,,,alignment_or_unknown,UNRESOLVED_STAGE_3,UNRESOLVED_STAGE_3,LAYOUT-001;LAYOUT-002,High-layout/Lead-semantics,"SLUS file columns are blank because this is disc data loaded into RAM, not executable-backed static data."
opponent_14_array_1,0x8017878C,0x80178D2F,0x0017878C,0x00178D2F,0x17878C,0x178D2F,,,0x00EAEDB4,0x00EAF357,17619,17620,1444,2,722,1460,sa_pow_weights_lead,UNRESOLVED_STAGE_3,UNRESOLVED_STAGE_3,LAYOUT-001;LAYOUT-002,High-layout/Lead-semantics,"SLUS file columns are blank because this is disc data loaded into RAM, not executable-backed static data."
opponent_14_gap_1,0x80178D30,0x80178D3F,0x00178D30,0x00178D3F,0x178D30,0x178D3F,,,0x00EAF358,0x00EAF367,17620,17620,16,,,,alignment_or_unknown,UNRESOLVED_STAGE_3,UNRESOLVED_STAGE_3,LAYOUT-001;LAYOUT-002,High-layout/Lead-semantics,"SLUS file columns are blank because this is disc data loaded into RAM, not executable-backed static data."
opponent_14_array_2,0x80178D40,0x801792E3,0x00178D40,0x001792E3,0x178D40,0x1792E3,,,0x00EAF368,0x00EAF90B,17620,17621,1444,2,722,1460,bcd_weights_lead,UNRESOLVED_STAGE_3,UNRESOLVED_STAGE_3,LAYOUT-001;LAYOUT-002,High-layout/Lead-semantics,"SLUS file columns are blank because this is disc data loaded into RAM, not executable-backed static data."
opponent_14_gap_2,0x801792E4,0x801792F3,0x001792E4,0x001792F3,0x1792E4,0x1792F3,,,0x00EAF90C,0x00EAF91B,17621,17621,16,,,,alignment_or_unknown,UNRESOLVED_STAGE_3,UNRESOLVED_STAGE_3,LAYOUT-001;LAYOUT-002,High-layout/Lead-semantics,"SLUS file columns are blank because this is disc data loaded into RAM, not executable-backed static data."
opponent_14_array_3,0x801792F4,0x80179897,0x001792F4,0x00179897,0x1792F4,0x179897,,,0x00EAF91C,0x00EAFEBF,17621,17621,1444,2,722,1460,sa_tec_weights_lead,UNRESOLVED_STAGE_3,UNRESOLVED_STAGE_3,LAYOUT-001;LAYOUT-002,High-layout/Lead-semantics,"SLUS file columns are blank because this is disc data loaded into RAM, not executable-backed static data."
opponent_14_gap_3,0x80179898,0x801798A7,0x00179898,0x001798A7,0x179898,0x1798A7,,,0x00EAFEC0,0x00EAFECF,17621,17621,16,,,,alignment_or_unknown,UNRESOLVED_STAGE_3,UNRESOLVED_STAGE_3,LAYOUT-001;LAYOUT-002,High-layout/Lead-semantics,"SLUS file columns are blank because this is disc data loaded into RAM, not executable-backed static data."
opponent_14_rank_candidate,0x801798A8,0x8017996F,0x001798A8,0x0017996F,0x1798A8,0x17996F,,,0x00EAFED0,0x00EAFF97,17621,17621,200,,,,rank_data_lead,UNRESOLVED_STAGE_3,UNRESOLVED_STAGE_3,LAYOUT-001;LAYOUT-002,High-layout/Lead-semantics,"SLUS file columns are blank because this is disc data loaded into RAM, not executable-backed static data."
opponent_14_tail,0x80179970,0x801799D7,0x00179970,0x001799D7,0x179970,0x1799D7,,,0x00EAFF98,0x00EAFFFF,17621,17621,104,,,,unknown_tail,UNRESOLVED_STAGE_3,UNRESOLVED_STAGE_3,LAYOUT-001;LAYOUT-002,High-layout/Lead-semantics,"SLUS file columns are blank because this is disc data loaded into RAM, not executable-backed static data."
opponent_15_record,0x801781D8,0x801799D7,0x001781D8,0x001799D7,0x1781D8,0x1799D7,,,0x00EB0000,0x00EB17FF,17622,17624,6144,,,,current_opponent_record_lead,UNRESOLVED_STAGE_3,UNRESOLVED_STAGE_3,LAYOUT-001;LAYOUT-002,High-layout/Lead-semantics,"SLUS file columns are blank because this is disc data loaded into RAM, not executable-backed static data."
opponent_15_array_0,0x801781D8,0x8017877B,0x001781D8,0x0017877B,0x1781D8,0x17877B,,,0x00EB0000,0x00EB05A3,17622,17622,1444,2,722,1460,deck_weights_lead,UNRESOLVED_STAGE_3,UNRESOLVED_STAGE_3,LAYOUT-001;LAYOUT-002,High-layout/Lead-semantics,"SLUS file columns are blank because this is disc data loaded into RAM, not executable-backed static data."
opponent_15_gap_0,0x8017877C,0x8017878B,0x0017877C,0x0017878B,0x17877C,0x17878B,,,0x00EB05A4,0x00EB05B3,17622,17622,16,,,,alignment_or_unknown,UNRESOLVED_STAGE_3,UNRESOLVED_STAGE_3,LAYOUT-001;LAYOUT-002,High-layout/Lead-semantics,"SLUS file columns are blank because this is disc data loaded into RAM, not executable-backed static data."
opponent_15_array_1,0x8017878C,0x80178D2F,0x0017878C,0x00178D2F,0x17878C,0x178D2F,,,0x00EB05B4,0x00EB0B57,17622,17623,1444,2,722,1460,sa_pow_weights_lead,UNRESOLVED_STAGE_3,UNRESOLVED_STAGE_3,LAYOUT-001;LAYOUT-002,High-layout/Lead-semantics,"SLUS file columns are blank because this is disc data loaded into RAM, not executable-backed static data."
opponent_15_gap_1,0x80178D30,0x80178D3F,0x00178D30,0x00178D3F,0x178D30,0x178D3F,,,0x00EB0B58,0x00EB0B67,17623,17623,16,,,,alignment_or_unknown,UNRESOLVED_STAGE_3,UNRESOLVED_STAGE_3,LAYOUT-001;LAYOUT-002,High-layout/Lead-semantics,"SLUS file columns are blank because this is disc data loaded into RAM, not executable-backed static data."
opponent_15_array_2,0x80178D40,0x801792E3,0x00178D40,0x001792E3,0x178D40,0x1792E3,,,0x00EB0B68,0x00EB110B,17623,17624,1444,2,722,1460,bcd_weights_lead,UNRESOLVED_STAGE_3,UNRESOLVED_STAGE_3,LAYOUT-001;LAYOUT-002,High-layout/Lead-semantics,"SLUS file columns are blank because this is disc data loaded into RAM, not executable-backed static data."
opponent_15_gap_2,0x801792E4,0x801792F3,0x001792E4,0x001792F3,0x1792E4,0x1792F3,,,0x00EB110C,0x00EB111B,17624,17624,16,,,,alignment_or_unknown,UNRESOLVED_STAGE_3,UNRESOLVED_STAGE_3,LAYOUT-001;LAYOUT-002,High-layout/Lead-semantics,"SLUS file columns are blank because this is disc data loaded into RAM, not executable-backed static data."
opponent_15_array_3,0x801792F4,0x80179897,0x001792F4,0x00179897,0x1792F4,0x179897,,,0x00EB111C,0x00EB16BF,17624,17624,1444,2,722,1460,sa_tec_weights_lead,UNRESOLVED_STAGE_3,UNRESOLVED_STAGE_3,LAYOUT-001;LAYOUT-002,High-layout/Lead-semantics,"SLUS file columns are blank because this is disc data loaded into RAM, not executable-backed static data."
opponent_15_gap_3,0x80179898,0x801798A7,0x00179898,0x001798A7,0x179898,0x1798A7,,,0x00EB16C0,0x00EB16CF,17624,17624,16,,,,alignment_or_unknown,UNRESOLVED_STAGE_3,UNRESOLVED_STAGE_3,LAYOUT-001;LAYOUT-002,High-layout/Lead-semantics,"SLUS file columns are blank because this is disc data loaded into RAM, not executable-backed static data."
opponent_15_rank_candidate,0x801798A8,0x8017996F,0x001798A8,0x0017996F,0x1798A8,0x17996F,,,0x00EB16D0,0x00EB1797,17624,17624,200,,,,rank_data_lead,UNRESOLVED_STAGE_3,UNRESOLVED_STAGE_3,LAYOUT-001;LAYOUT-002,High-layout/Lead-semantics,"SLUS file columns are blank because this is disc data loaded into RAM, not executable-backed static data."
opponent_15_tail,0x80179970,0x801799D7,0x00179970,0x001799D7,0x179970,0x1799D7,,,0x00EB1798,0x00EB17FF,17624,17624,104,,,,unknown_tail,UNRESOLVED_STAGE_3,UNRESOLVED_STAGE_3,LAYOUT-001;LAYOUT-002,High-layout/Lead-semantics,"SLUS file columns are blank because this is disc data loaded into RAM, not executable-backed static data."
opponent_16_record,0x801781D8,0x801799D7,0x001781D8,0x001799D7,0x1781D8,0x1799D7,,,0x00EB1800,0x00EB2FFF,17625,17627,6144,,,,current_opponent_record_lead,UNRESOLVED_STAGE_3,UNRESOLVED_STAGE_3,LAYOUT-001;LAYOUT-002,High-layout/Lead-semantics,"SLUS file columns are blank because this is disc data loaded into RAM, not executable-backed static data."
opponent_16_array_0,0x801781D8,0x8017877B,0x001781D8,0x0017877B,0x1781D8,0x17877B,,,0x00EB1800,0x00EB1DA3,17625,17625,1444,2,722,1460,deck_weights_lead,UNRESOLVED_STAGE_3,UNRESOLVED_STAGE_3,LAYOUT-001;LAYOUT-002,High-layout/Lead-semantics,"SLUS file columns are blank because this is disc data loaded into RAM, not executable-backed static data."
opponent_16_gap_0,0x8017877C,0x8017878B,0x0017877C,0x0017878B,0x17877C,0x17878B,,,0x00EB1DA4,0x00EB1DB3,17625,17625,16,,,,alignment_or_unknown,UNRESOLVED_STAGE_3,UNRESOLVED_STAGE_3,LAYOUT-001;LAYOUT-002,High-layout/Lead-semantics,"SLUS file columns are blank because this is disc data loaded into RAM, not executable-backed static data."
opponent_16_array_1,0x8017878C,0x80178D2F,0x0017878C,0x00178D2F,0x17878C,0x178D2F,,,0x00EB1DB4,0x00EB2357,17625,17626,1444,2,722,1460,sa_pow_weights_lead,UNRESOLVED_STAGE_3,UNRESOLVED_STAGE_3,LAYOUT-001;LAYOUT-002,High-layout/Lead-semantics,"SLUS file columns are blank because this is disc data loaded into RAM, not executable-backed static data."
opponent_16_gap_1,0x80178D30,0x80178D3F,0x00178D30,0x00178D3F,0x178D30,0x178D3F,,,0x00EB2358,0x00EB2367,17626,17626,16,,,,alignment_or_unknown,UNRESOLVED_STAGE_3,UNRESOLVED_STAGE_3,LAYOUT-001;LAYOUT-002,High-layout/Lead-semantics,"SLUS file columns are blank because this is disc data loaded into RAM, not executable-backed static data."
opponent_16_array_2,0x80178D40,0x801792E3,0x00178D40,0x001792E3,0x178D40,0x1792E3,,,0x00EB2368,0x00EB290B,17626,17627,1444,2,722,1460,bcd_weights_lead,UNRESOLVED_STAGE_3,UNRESOLVED_STAGE_3,LAYOUT-001;LAYOUT-002,High-layout/Lead-semantics,"SLUS file columns are blank because this is disc data loaded into RAM, not executable-backed static data."
opponent_16_gap_2,0x801792E4,0x801792F3,0x001792E4,0x001792F3,0x1792E4,0x1792F3,,,0x00EB290C,0x00EB291B,17627,17627,16,,,,alignment_or_unknown,UNRESOLVED_STAGE_3,UNRESOLVED_STAGE_3,LAYOUT-001;LAYOUT-002,High-layout/Lead-semantics,"SLUS file columns are blank because this is disc data loaded into RAM, not executable-backed static data."
opponent_16_array_3,0x801792F4,0x80179897,0x001792F4,0x00179897,0x1792F4,0x179897,,,0x00EB291C,0x00EB2EBF,17627,17627,1444,2,722,1460,sa_tec_weights_lead,UNRESOLVED_STAGE_3,UNRESOLVED_STAGE_3,LAYOUT-001;LAYOUT-002,High-layout/Lead-semantics,"SLUS file columns are blank because this is disc data loaded into RAM, not executable-backed static data."
opponent_16_gap_3,0x80179898,0x801798A7,0x00179898,0x001798A7,0x179898,0x1798A7,,,0x00EB2EC0,0x00EB2ECF,17627,17627,16,,,,alignment_or_unknown,UNRESOLVED_STAGE_3,UNRESOLVED_STAGE_3,LAYOUT-001;LAYOUT-002,High-layout/Lead-semantics,"SLUS file columns are blank because this is disc data loaded into RAM, not executable-backed static data."
opponent_16_rank_candidate,0x801798A8,0x8017996F,0x001798A8,0x0017996F,0x1798A8,0x17996F,,,0x00EB2ED0,0x00EB2F97,17627,17627,200,,,,rank_data_lead,UNRESOLVED_STAGE_3,UNRESOLVED_STAGE_3,LAYOUT-001;LAYOUT-002,High-layout/Lead-semantics,"SLUS file columns are blank because this is disc data loaded into RAM, not executable-backed static data."
opponent_16_tail,0x80179970,0x801799D7,0x00179970,0x001799D7,0x179970,0x1799D7,,,0x00EB2F98,0x00EB2FFF,17627,17627,104,,,,unknown_tail,UNRESOLVED_STAGE_3,UNRESOLVED_STAGE_3,LAYOUT-001;LAYOUT-002,High-layout/Lead-semantics,"SLUS file columns are blank because this is disc data loaded into RAM, not executable-backed static data."
opponent_17_record,0x801781D8,0x801799D7,0x001781D8,0x001799D7,0x1781D8,0x1799D7,,,0x00EB3000,0x00EB47FF,17628,17630,6144,,,,current_opponent_record_lead,UNRESOLVED_STAGE_3,UNRESOLVED_STAGE_3,LAYOUT-001;LAYOUT-002,High-layout/Lead-semantics,"SLUS file columns are blank because this is disc data loaded into RAM, not executable-backed static data."
opponent_17_array_0,0x801781D8,0x8017877B,0x001781D8,0x0017877B,0x1781D8,0x17877B,,,0x00EB3000,0x00EB35A3,17628,17628,1444,2,722,1460,deck_weights_lead,UNRESOLVED_STAGE_3,UNRESOLVED_STAGE_3,LAYOUT-001;LAYOUT-002,High-layout/Lead-semantics,"SLUS file columns are blank because this is disc data loaded into RAM, not executable-backed static data."
opponent_17_gap_0,0x8017877C,0x8017878B,0x0017877C,0x0017878B,0x17877C,0x17878B,,,0x00EB35A4,0x00EB35B3,17628,17628,16,,,,alignment_or_unknown,UNRESOLVED_STAGE_3,UNRESOLVED_STAGE_3,LAYOUT-001;LAYOUT-002,High-layout/Lead-semantics,"SLUS file columns are blank because this is disc data loaded into RAM, not executable-backed static data."
opponent_17_array_1,0x8017878C,0x80178D2F,0x0017878C,0x00178D2F,0x17878C,0x178D2F,,,0x00EB35B4,0x00EB3B57,17628,17629,1444,2,722,1460,sa_pow_weights_lead,UNRESOLVED_STAGE_3,UNRESOLVED_STAGE_3,LAYOUT-001;LAYOUT-002,High-layout/Lead-semantics,"SLUS file columns are blank because this is disc data loaded into RAM, not executable-backed static data."
opponent_17_gap_1,0x80178D30,0x80178D3F,0x00178D30,0x00178D3F,0x178D30,0x178D3F,,,0x00EB3B58,0x00EB3B67,17629,17629,16,,,,alignment_or_unknown,UNRESOLVED_STAGE_3,UNRESOLVED_STAGE_3,LAYOUT-001;LAYOUT-002,High-layout/Lead-semantics,"SLUS file columns are blank because this is disc data loaded into RAM, not executable-backed static data."
opponent_17_array_2,0x80178D40,0x801792E3,0x00178D40,0x001792E3,0x178D40,0x1792E3,,,0x00EB3B68,0x00EB410B,17629,17630,1444,2,722,1460,bcd_weights_lead,UNRESOLVED_STAGE_3,UNRESOLVED_STAGE_3,LAYOUT-001;LAYOUT-002,High-layout/Lead-semantics,"SLUS file columns are blank because this is disc data loaded into RAM, not executable-backed static data."
opponent_17_gap_2,0x801792E4,0x801792F3,0x001792E4,0x001792F3,0x1792E4,0x1792F3,,,0x00EB410C,0x00EB411B,17630,17630,16,,,,alignment_or_unknown,UNRESOLVED_STAGE_3,UNRESOLVED_STAGE_3,LAYOUT-001;LAYOUT-002,High-layout/Lead-semantics,"SLUS file columns are blank because this is disc data loaded into RAM, not executable-backed static data."
opponent_17_array_3,0x801792F4,0x80179897,0x001792F4,0x00179897,0x1792F4,0x179897,,,0x00EB411C,0x00EB46BF,17630,17630,1444,2,722,1460,sa_tec_weights_lead,UNRESOLVED_STAGE_3,UNRESOLVED_STAGE_3,LAYOUT-001;LAYOUT-002,High-layout/Lead-semantics,"SLUS file columns are blank because this is disc data loaded into RAM, not executable-backed static data."
opponent_17_gap_3,0x80179898,0x801798A7,0x00179898,0x001798A7,0x179898,0x1798A7,,,0x00EB46C0,0x00EB46CF,17630,17630,16,,,,alignment_or_unknown,UNRESOLVED_STAGE_3,UNRESOLVED_STAGE_3,LAYOUT-001;LAYOUT-002,High-layout/Lead-semantics,"SLUS file columns are blank because this is disc data loaded into RAM, not executable-backed static data."
opponent_17_rank_candidate,0x801798A8,0x8017996F,0x001798A8,0x0017996F,0x1798A8,0x17996F,,,0x00EB46D0,0x00EB4797,17630,17630,200,,,,rank_data_lead,UNRESOLVED_STAGE_3,UNRESOLVED_STAGE_3,LAYOUT-001;LAYOUT-002,High-layout/Lead-semantics,"SLUS file columns are blank because this is disc data loaded into RAM, not executable-backed static data."
opponent_17_tail,0x80179970,0x801799D7,0x00179970,0x001799D7,0x179970,0x1799D7,,,0x00EB4798,0x00EB47FF,17630,17630,104,,,,unknown_tail,UNRESOLVED_STAGE_3,UNRESOLVED_STAGE_3,LAYOUT-001;LAYOUT-002,High-layout/Lead-semantics,"SLUS file columns are blank because this is disc data loaded into RAM, not executable-backed static data."
opponent_18_record,0x801781D8,0x801799D7,0x001781D8,0x001799D7,0x1781D8,0x1799D7,,,0x00EB4800,0x00EB5FFF,17631,17633,6144,,,,current_opponent_record_lead,UNRESOLVED_STAGE_3,UNRESOLVED_STAGE_3,LAYOUT-001;LAYOUT-002,High-layout/Lead-semantics,"SLUS file columns are blank because this is disc data loaded into RAM, not executable-backed static data."
opponent_18_array_0,0x801781D8,0x8017877B,0x001781D8,0x0017877B,0x1781D8,0x17877B,,,0x00EB4800,0x00EB4DA3,17631,17631,1444,2,722,1460,deck_weights_lead,UNRESOLVED_STAGE_3,UNRESOLVED_STAGE_3,LAYOUT-001;LAYOUT-002,High-layout/Lead-semantics,"SLUS file columns are blank because this is disc data loaded into RAM, not executable-backed static data."
opponent_18_gap_0,0x8017877C,0x8017878B,0x0017877C,0x0017878B,0x17877C,0x17878B,,,0x00EB4DA4,0x00EB4DB3,17631,17631,16,,,,alignment_or_unknown,UNRESOLVED_STAGE_3,UNRESOLVED_STAGE_3,LAYOUT-001;LAYOUT-002,High-layout/Lead-semantics,"SLUS file columns are blank because this is disc data loaded into RAM, not executable-backed static data."
opponent_18_array_1,0x8017878C,0x80178D2F,0x0017878C,0x00178D2F,0x17878C,0x178D2F,,,0x00EB4DB4,0x00EB5357,17631,17632,1444,2,722,1460,sa_pow_weights_lead,UNRESOLVED_STAGE_3,UNRESOLVED_STAGE_3,LAYOUT-001;LAYOUT-002,High-layout/Lead-semantics,"SLUS file columns are blank because this is disc data loaded into RAM, not executable-backed static data."
opponent_18_gap_1,0x80178D30,0x80178D3F,0x00178D30,0x00178D3F,0x178D30,0x178D3F,,,0x00EB5358,0x00EB5367,17632,17632,16,,,,alignment_or_unknown,UNRESOLVED_STAGE_3,UNRESOLVED_STAGE_3,LAYOUT-001;LAYOUT-002,High-layout/Lead-semantics,"SLUS file columns are blank because this is disc data loaded into RAM, not executable-backed static data."
opponent_18_array_2,0x80178D40,0x801792E3,0x00178D40,0x001792E3,0x178D40,0x1792E3,,,0x00EB5368,0x00EB590B,17632,17633,1444,2,722,1460,bcd_weights_lead,UNRESOLVED_STAGE_3,UNRESOLVED_STAGE_3,LAYOUT-001;LAYOUT-002,High-layout/Lead-semantics,"SLUS file columns are blank because this is disc data loaded into RAM, not executable-backed static data."
opponent_18_gap_2,0x801792E4,0x801792F3,0x001792E4,0x001792F3,0x1792E4,0x1792F3,,,0x00EB590C,0x00EB591B,17633,17633,16,,,,alignment_or_unknown,UNRESOLVED_STAGE_3,UNRESOLVED_STAGE_3,LAYOUT-001;LAYOUT-002,High-layout/Lead-semantics,"SLUS file columns are blank because this is disc data loaded into RAM, not executable-backed static data."
opponent_18_array_3,0x801792F4,0x80179897,0x001792F4,0x00179897,0x1792F4,0x179897,,,0x00EB591C,0x00EB5EBF,17633,17633,1444,2,722,1460,sa_tec_weights_lead,UNRESOLVED_STAGE_3,UNRESOLVED_STAGE_3,LAYOUT-001;LAYOUT-002,High-layout/Lead-semantics,"SLUS file columns are blank because this is disc data loaded into RAM, not executable-backed static data."
opponent_18_gap_3,0x80179898,0x801798A7,0x00179898,0x001798A7,0x179898,0x1798A7,,,0x00EB5EC0,0x00EB5ECF,17633,17633,16,,,,alignment_or_unknown,UNRESOLVED_STAGE_3,UNRESOLVED_STAGE_3,LAYOUT-001;LAYOUT-002,High-layout/Lead-semantics,"SLUS file columns are blank because this is disc data loaded into RAM, not executable-backed static data."
opponent_18_rank_candidate,0x801798A8,0x8017996F,0x001798A8,0x0017996F,0x1798A8,0x17996F,,,0x00EB5ED0,0x00EB5F97,17633,17633,200,,,,rank_data_lead,UNRESOLVED_STAGE_3,UNRESOLVED_STAGE_3,LAYOUT-001;LAYOUT-002,High-layout/Lead-semantics,"SLUS file columns are blank because this is disc data loaded into RAM, not executable-backed static data."
opponent_18_tail,0x80179970,0x801799D7,0x00179970,0x001799D7,0x179970,0x1799D7,,,0x00EB5F98,0x00EB5FFF,17633,17633,104,,,,unknown_tail,UNRESOLVED_STAGE_3,UNRESOLVED_STAGE_3,LAYOUT-001;LAYOUT-002,High-layout/Lead-semantics,"SLUS file columns are blank because this is disc data loaded into RAM, not executable-backed static data."
opponent_19_record,0x801781D8,0x801799D7,0x001781D8,0x001799D7,0x1781D8,0x1799D7,,,0x00EB6000,0x00EB77FF,17634,17636,6144,,,,current_opponent_record_lead,UNRESOLVED_STAGE_3,UNRESOLVED_STAGE_3,LAYOUT-001;LAYOUT-002,High-layout/Lead-semantics,"SLUS file columns are blank because this is disc data loaded into RAM, not executable-backed static data."
opponent_19_array_0,0x801781D8,0x8017877B,0x001781D8,0x0017877B,0x1781D8,0x17877B,,,0x00EB6000,0x00EB65A3,17634,17634,1444,2,722,1460,deck_weights_lead,UNRESOLVED_STAGE_3,UNRESOLVED_STAGE_3,LAYOUT-001;LAYOUT-002,High-layout/Lead-semantics,"SLUS file columns are blank because this is disc data loaded into RAM, not executable-backed static data."
opponent_19_gap_0,0x8017877C,0x8017878B,0x0017877C,0x0017878B,0x17877C,0x17878B,,,0x00EB65A4,0x00EB65B3,17634,17634,16,,,,alignment_or_unknown,UNRESOLVED_STAGE_3,UNRESOLVED_STAGE_3,LAYOUT-001;LAYOUT-002,High-layout/Lead-semantics,"SLUS file columns are blank because this is disc data loaded into RAM, not executable-backed static data."
opponent_19_array_1,0x8017878C,0x80178D2F,0x0017878C,0x00178D2F,0x17878C,0x178D2F,,,0x00EB65B4,0x00EB6B57,17634,17635,1444,2,722,1460,sa_pow_weights_lead,UNRESOLVED_STAGE_3,UNRESOLVED_STAGE_3,LAYOUT-001;LAYOUT-002,High-layout/Lead-semantics,"SLUS file columns are blank because this is disc data loaded into RAM, not executable-backed static data."
opponent_19_gap_1,0x80178D30,0x80178D3F,0x00178D30,0x00178D3F,0x178D30,0x178D3F,,,0x00EB6B58,0x00EB6B67,17635,17635,16,,,,alignment_or_unknown,UNRESOLVED_STAGE_3,UNRESOLVED_STAGE_3,LAYOUT-001;LAYOUT-002,High-layout/Lead-semantics,"SLUS file columns are blank because this is disc data loaded into RAM, not executable-backed static data."
opponent_19_array_2,0x80178D40,0x801792E3,0x00178D40,0x001792E3,0x178D40,0x1792E3,,,0x00EB6B68,0x00EB710B,17635,17636,1444,2,722,1460,bcd_weights_lead,UNRESOLVED_STAGE_3,UNRESOLVED_STAGE_3,LAYOUT-001;LAYOUT-002,High-layout/Lead-semantics,"SLUS file columns are blank because this is disc data loaded into RAM, not executable-backed static data."
opponent_19_gap_2,0x801792E4,0x801792F3,0x001792E4,0x001792F3,0x1792E4,0x1792F3,,,0x00EB710C,0x00EB711B,17636,17636,16,,,,alignment_or_unknown,UNRESOLVED_STAGE_3,UNRESOLVED_STAGE_3,LAYOUT-001;LAYOUT-002,High-layout/Lead-semantics,"SLUS file columns are blank because this is disc data loaded into RAM, not executable-backed static data."
opponent_19_array_3,0x801792F4,0x80179897,0x001792F4,0x00179897,0x1792F4,0x179897,,,0x00EB711C,0x00EB76BF,17636,17636,1444,2,722,1460,sa_tec_weights_lead,UNRESOLVED_STAGE_3,UNRESOLVED_STAGE_3,LAYOUT-001;LAYOUT-002,High-layout/Lead-semantics,"SLUS file columns are blank because this is disc data loaded into RAM, not executable-backed static data."
opponent_19_gap_3,0x80179898,0x801798A7,0x00179898,0x001798A7,0x179898,0x1798A7,,,0x00EB76C0,0x00EB76CF,17636,17636,16,,,,alignment_or_unknown,UNRESOLVED_STAGE_3,UNRESOLVED_STAGE_3,LAYOUT-001;LAYOUT-002,High-layout/Lead-semantics,"SLUS file columns are blank because this is disc data loaded into RAM, not executable-backed static data."
opponent_19_rank_candidate,0x801798A8,0x8017996F,0x001798A8,0x0017996F,0x1798A8,0x17996F,,,0x00EB76D0,0x00EB7797,17636,17636,200,,,,rank_data_lead,UNRESOLVED_STAGE_3,UNRESOLVED_STAGE_3,LAYOUT-001;LAYOUT-002,High-layout/Lead-semantics,"SLUS file columns are blank because this is disc data loaded into RAM, not executable-backed static data."
opponent_19_tail,0x80179970,0x801799D7,0x00179970,0x001799D7,0x179970,0x1799D7,,,0x00EB7798,0x00EB77FF,17636,17636,104,,,,unknown_tail,UNRESOLVED_STAGE_3,UNRESOLVED_STAGE_3,LAYOUT-001;LAYOUT-002,High-layout/Lead-semantics,"SLUS file columns are blank because this is disc data loaded into RAM, not executable-backed static data."
opponent_20_record,0x801781D8,0x801799D7,0x001781D8,0x001799D7,0x1781D8,0x1799D7,,,0x00EB7800,0x00EB8FFF,17637,17639,6144,,,,current_opponent_record_lead,UNRESOLVED_STAGE_3,UNRESOLVED_STAGE_3,LAYOUT-001;LAYOUT-002,High-layout/Lead-semantics,"SLUS file columns are blank because this is disc data loaded into RAM, not executable-backed static data."
opponent_20_array_0,0x801781D8,0x8017877B,0x001781D8,0x0017877B,0x1781D8,0x17877B,,,0x00EB7800,0x00EB7DA3,17637,17637,1444,2,722,1460,deck_weights_lead,UNRESOLVED_STAGE_3,UNRESOLVED_STAGE_3,LAYOUT-001;LAYOUT-002,High-layout/Lead-semantics,"SLUS file columns are blank because this is disc data loaded into RAM, not executable-backed static data."
opponent_20_gap_0,0x8017877C,0x8017878B,0x0017877C,0x0017878B,0x17877C,0x17878B,,,0x00EB7DA4,0x00EB7DB3,17637,17637,16,,,,alignment_or_unknown,UNRESOLVED_STAGE_3,UNRESOLVED_STAGE_3,LAYOUT-001;LAYOUT-002,High-layout/Lead-semantics,"SLUS file columns are blank because this is disc data loaded into RAM, not executable-backed static data."
opponent_20_array_1,0x8017878C,0x80178D2F,0x0017878C,0x00178D2F,0x17878C,0x178D2F,,,0x00EB7DB4,0x00EB8357,17637,17638,1444,2,722,1460,sa_pow_weights_lead,UNRESOLVED_STAGE_3,UNRESOLVED_STAGE_3,LAYOUT-001;LAYOUT-002,High-layout/Lead-semantics,"SLUS file columns are blank because this is disc data loaded into RAM, not executable-backed static data."
opponent_20_gap_1,0x80178D30,0x80178D3F,0x00178D30,0x00178D3F,0x178D30,0x178D3F,,,0x00EB8358,0x00EB8367,17638,17638,16,,,,alignment_or_unknown,UNRESOLVED_STAGE_3,UNRESOLVED_STAGE_3,LAYOUT-001;LAYOUT-002,High-layout/Lead-semantics,"SLUS file columns are blank because this is disc data loaded into RAM, not executable-backed static data."
opponent_20_array_2,0x80178D40,0x801792E3,0x00178D40,0x001792E3,0x178D40,0x1792E3,,,0x00EB8368,0x00EB890B,17638,17639,1444,2,722,1460,bcd_weights_lead,UNRESOLVED_STAGE_3,UNRESOLVED_STAGE_3,LAYOUT-001;LAYOUT-002,High-layout/Lead-semantics,"SLUS file columns are blank because this is disc data loaded into RAM, not executable-backed static data."
opponent_20_gap_2,0x801792E4,0x801792F3,0x001792E4,0x001792F3,0x1792E4,0x1792F3,,,0x00EB890C,0x00EB891B,17639,17639,16,,,,alignment_or_unknown,UNRESOLVED_STAGE_3,UNRESOLVED_STAGE_3,LAYOUT-001;LAYOUT-002,High-layout/Lead-semantics,"SLUS file columns are blank because this is disc data loaded into RAM, not executable-backed static data."
opponent_20_array_3,0x801792F4,0x80179897,0x001792F4,0x00179897,0x1792F4,0x179897,,,0x00EB891C,0x00EB8EBF,17639,17639,1444,2,722,1460,sa_tec_weights_lead,UNRESOLVED_STAGE_3,UNRESOLVED_STAGE_3,LAYOUT-001;LAYOUT-002,High-layout/Lead-semantics,"SLUS file columns are blank because this is disc data loaded into RAM, not executable-backed static data."
opponent_20_gap_3,0x80179898,0x801798A7,0x00179898,0x001798A7,0x179898,0x1798A7,,,0x00EB8EC0,0x00EB8ECF,17639,17639,16,,,,alignment_or_unknown,UNRESOLVED_STAGE_3,UNRESOLVED_STAGE_3,LAYOUT-001;LAYOUT-002,High-layout/Lead-semantics,"SLUS file columns are blank because this is disc data loaded into RAM, not executable-backed static data."
opponent_20_rank_candidate,0x801798A8,0x8017996F,0x001798A8,0x0017996F,0x1798A8,0x17996F,,,0x00EB8ED0,0x00EB8F97,17639,17639,200,,,,rank_data_lead,UNRESOLVED_STAGE_3,UNRESOLVED_STAGE_3,LAYOUT-001;LAYOUT-002,High-layout/Lead-semantics,"SLUS file columns are blank because this is disc data loaded into RAM, not executable-backed static data."
opponent_20_tail,0x80179970,0x801799D7,0x00179970,0x001799D7,0x179970,0x1799D7,,,0x00EB8F98,0x00EB8FFF,17639,17639,104,,,,unknown_tail,UNRESOLVED_STAGE_3,UNRESOLVED_STAGE_3,LAYOUT-001;LAYOUT-002,High-layout/Lead-semantics,"SLUS file columns are blank because this is disc data loaded into RAM, not executable-backed static data."
opponent_21_record,0x801781D8,0x801799D7,0x001781D8,0x001799D7,0x1781D8,0x1799D7,,,0x00EB9000,0x00EBA7FF,17640,17642,6144,,,,current_opponent_record_lead,UNRESOLVED_STAGE_3,UNRESOLVED_STAGE_3,LAYOUT-001;LAYOUT-002,High-layout/Lead-semantics,"SLUS file columns are blank because this is disc data loaded into RAM, not executable-backed static data."
opponent_21_array_0,0x801781D8,0x8017877B,0x001781D8,0x0017877B,0x1781D8,0x17877B,,,0x00EB9000,0x00EB95A3,17640,17640,1444,2,722,1460,deck_weights_lead,UNRESOLVED_STAGE_3,UNRESOLVED_STAGE_3,LAYOUT-001;LAYOUT-002,High-layout/Lead-semantics,"SLUS file columns are blank because this is disc data loaded into RAM, not executable-backed static data."
opponent_21_gap_0,0x8017877C,0x8017878B,0x0017877C,0x0017878B,0x17877C,0x17878B,,,0x00EB95A4,0x00EB95B3,17640,17640,16,,,,alignment_or_unknown,UNRESOLVED_STAGE_3,UNRESOLVED_STAGE_3,LAYOUT-001;LAYOUT-002,High-layout/Lead-semantics,"SLUS file columns are blank because this is disc data loaded into RAM, not executable-backed static data."
opponent_21_array_1,0x8017878C,0x80178D2F,0x0017878C,0x00178D2F,0x17878C,0x178D2F,,,0x00EB95B4,0x00EB9B57,17640,17641,1444,2,722,1460,sa_pow_weights_lead,UNRESOLVED_STAGE_3,UNRESOLVED_STAGE_3,LAYOUT-001;LAYOUT-002,High-layout/Lead-semantics,"SLUS file columns are blank because this is disc data loaded into RAM, not executable-backed static data."
opponent_21_gap_1,0x80178D30,0x80178D3F,0x00178D30,0x00178D3F,0x178D30,0x178D3F,,,0x00EB9B58,0x00EB9B67,17641,17641,16,,,,alignment_or_unknown,UNRESOLVED_STAGE_3,UNRESOLVED_STAGE_3,LAYOUT-001;LAYOUT-002,High-layout/Lead-semantics,"SLUS file columns are blank because this is disc data loaded into RAM, not executable-backed static data."
opponent_21_array_2,0x80178D40,0x801792E3,0x00178D40,0x001792E3,0x178D40,0x1792E3,,,0x00EB9B68,0x00EBA10B,17641,17642,1444,2,722,1460,bcd_weights_lead,UNRESOLVED_STAGE_3,UNRESOLVED_STAGE_3,LAYOUT-001;LAYOUT-002,High-layout/Lead-semantics,"SLUS file columns are blank because this is disc data loaded into RAM, not executable-backed static data."
opponent_21_gap_2,0x801792E4,0x801792F3,0x001792E4,0x001792F3,0x1792E4,0x1792F3,,,0x00EBA10C,0x00EBA11B,17642,17642,16,,,,alignment_or_unknown,UNRESOLVED_STAGE_3,UNRESOLVED_STAGE_3,LAYOUT-001;LAYOUT-002,High-layout/Lead-semantics,"SLUS file columns are blank because this is disc data loaded into RAM, not executable-backed static data."
opponent_21_array_3,0x801792F4,0x80179897,0x001792F4,0x00179897,0x1792F4,0x179897,,,0x00EBA11C,0x00EBA6BF,17642,17642,1444,2,722,1460,sa_tec_weights_lead,UNRESOLVED_STAGE_3,UNRESOLVED_STAGE_3,LAYOUT-001;LAYOUT-002,High-layout/Lead-semantics,"SLUS file columns are blank because this is disc data loaded into RAM, not executable-backed static data."
opponent_21_gap_3,0x80179898,0x801798A7,0x00179898,0x001798A7,0x179898,0x1798A7,,,0x00EBA6C0,0x00EBA6CF,17642,17642,16,,,,alignment_or_unknown,UNRESOLVED_STAGE_3,UNRESOLVED_STAGE_3,LAYOUT-001;LAYOUT-002,High-layout/Lead-semantics,"SLUS file columns are blank because this is disc data loaded into RAM, not executable-backed static data."
opponent_21_rank_candidate,0x801798A8,0x8017996F,0x001798A8,0x0017996F,0x1798A8,0x17996F,,,0x00EBA6D0,0x00EBA797,17642,17642,200,,,,rank_data_lead,UNRESOLVED_STAGE_3,UNRESOLVED_STAGE_3,LAYOUT-001;LAYOUT-002,High-layout/Lead-semantics,"SLUS file columns are blank because this is disc data loaded into RAM, not executable-backed static data."
opponent_21_tail,0x80179970,0x801799D7,0x00179970,0x001799D7,0x179970,0x1799D7,,,0x00EBA798,0x00EBA7FF,17642,17642,104,,,,unknown_tail,UNRESOLVED_STAGE_3,UNRESOLVED_STAGE_3,LAYOUT-001;LAYOUT-002,High-layout/Lead-semantics,"SLUS file columns are blank because this is disc data loaded into RAM, not executable-backed static data."
opponent_22_record,0x801781D8,0x801799D7,0x001781D8,0x001799D7,0x1781D8,0x1799D7,,,0x00EBA800,0x00EBBFFF,17643,17645,6144,,,,current_opponent_record_lead,UNRESOLVED_STAGE_3,UNRESOLVED_STAGE_3,LAYOUT-001;LAYOUT-002,High-layout/Lead-semantics,"SLUS file columns are blank because this is disc data loaded into RAM, not executable-backed static data."
opponent_22_array_0,0x801781D8,0x8017877B,0x001781D8,0x0017877B,0x1781D8,0x17877B,,,0x00EBA800,0x00EBADA3,17643,17643,1444,2,722,1460,deck_weights_lead,UNRESOLVED_STAGE_3,UNRESOLVED_STAGE_3,LAYOUT-001;LAYOUT-002,High-layout/Lead-semantics,"SLUS file columns are blank because this is disc data loaded into RAM, not executable-backed static data."
opponent_22_gap_0,0x8017877C,0x8017878B,0x0017877C,0x0017878B,0x17877C,0x17878B,,,0x00EBADA4,0x00EBADB3,17643,17643,16,,,,alignment_or_unknown,UNRESOLVED_STAGE_3,UNRESOLVED_STAGE_3,LAYOUT-001;LAYOUT-002,High-layout/Lead-semantics,"SLUS file columns are blank because this is disc data loaded into RAM, not executable-backed static data."
opponent_22_array_1,0x8017878C,0x80178D2F,0x0017878C,0x00178D2F,0x17878C,0x178D2F,,,0x00EBADB4,0x00EBB357,17643,17644,1444,2,722,1460,sa_pow_weights_lead,UNRESOLVED_STAGE_3,UNRESOLVED_STAGE_3,LAYOUT-001;LAYOUT-002,High-layout/Lead-semantics,"SLUS file columns are blank because this is disc data loaded into RAM, not executable-backed static data."
opponent_22_gap_1,0x80178D30,0x80178D3F,0x00178D30,0x00178D3F,0x178D30,0x178D3F,,,0x00EBB358,0x00EBB367,17644,17644,16,,,,alignment_or_unknown,UNRESOLVED_STAGE_3,UNRESOLVED_STAGE_3,LAYOUT-001;LAYOUT-002,High-layout/Lead-semantics,"SLUS file columns are blank because this is disc data loaded into RAM, not executable-backed static data."
opponent_22_array_2,0x80178D40,0x801792E3,0x00178D40,0x001792E3,0x178D40,0x1792E3,,,0x00EBB368,0x00EBB90B,17644,17645,1444,2,722,1460,bcd_weights_lead,UNRESOLVED_STAGE_3,UNRESOLVED_STAGE_3,LAYOUT-001;LAYOUT-002,High-layout/Lead-semantics,"SLUS file columns are blank because this is disc data loaded into RAM, not executable-backed static data."
opponent_22_gap_2,0x801792E4,0x801792F3,0x001792E4,0x001792F3,0x1792E4,0x1792F3,,,0x00EBB90C,0x00EBB91B,17645,17645,16,,,,alignment_or_unknown,UNRESOLVED_STAGE_3,UNRESOLVED_STAGE_3,LAYOUT-001;LAYOUT-002,High-layout/Lead-semantics,"SLUS file columns are blank because this is disc data loaded into RAM, not executable-backed static data."
opponent_22_array_3,0x801792F4,0x80179897,0x001792F4,0x00179897,0x1792F4,0x179897,,,0x00EBB91C,0x00EBBEBF,17645,17645,1444,2,722,1460,sa_tec_weights_lead,UNRESOLVED_STAGE_3,UNRESOLVED_STAGE_3,LAYOUT-001;LAYOUT-002,High-layout/Lead-semantics,"SLUS file columns are blank because this is disc data loaded into RAM, not executable-backed static data."
opponent_22_gap_3,0x80179898,0x801798A7,0x00179898,0x001798A7,0x179898,0x1798A7,,,0x00EBBEC0,0x00EBBECF,17645,17645,16,,,,alignment_or_unknown,UNRESOLVED_STAGE_3,UNRESOLVED_STAGE_3,LAYOUT-001;LAYOUT-002,High-layout/Lead-semantics,"SLUS file columns are blank because this is disc data loaded into RAM, not executable-backed static data."
opponent_22_rank_candidate,0x801798A8,0x8017996F,0x001798A8,0x0017996F,0x1798A8,0x17996F,,,0x00EBBED0,0x00EBBF97,17645,17645,200,,,,rank_data_lead,UNRESOLVED_STAGE_3,UNRESOLVED_STAGE_3,LAYOUT-001;LAYOUT-002,High-layout/Lead-semantics,"SLUS file columns are blank because this is disc data loaded into RAM, not executable-backed static data."
opponent_22_tail,0x80179970,0x801799D7,0x00179970,0x001799D7,0x179970,0x1799D7,,,0x00EBBF98,0x00EBBFFF,17645,17645,104,,,,unknown_tail,UNRESOLVED_STAGE_3,UNRESOLVED_STAGE_3,LAYOUT-001;LAYOUT-002,High-layout/Lead-semantics,"SLUS file columns are blank because this is disc data loaded into RAM, not executable-backed static data."
opponent_23_record,0x801781D8,0x801799D7,0x001781D8,0x001799D7,0x1781D8,0x1799D7,,,0x00EBC000,0x00EBD7FF,17646,17648,6144,,,,current_opponent_record_lead,UNRESOLVED_STAGE_3,UNRESOLVED_STAGE_3,LAYOUT-001;LAYOUT-002,High-layout/Lead-semantics,"SLUS file columns are blank because this is disc data loaded into RAM, not executable-backed static data."
opponent_23_array_0,0x801781D8,0x8017877B,0x001781D8,0x0017877B,0x1781D8,0x17877B,,,0x00EBC000,0x00EBC5A3,17646,17646,1444,2,722,1460,deck_weights_lead,UNRESOLVED_STAGE_3,UNRESOLVED_STAGE_3,LAYOUT-001;LAYOUT-002,High-layout/Lead-semantics,"SLUS file columns are blank because this is disc data loaded into RAM, not executable-backed static data."
opponent_23_gap_0,0x8017877C,0x8017878B,0x0017877C,0x0017878B,0x17877C,0x17878B,,,0x00EBC5A4,0x00EBC5B3,17646,17646,16,,,,alignment_or_unknown,UNRESOLVED_STAGE_3,UNRESOLVED_STAGE_3,LAYOUT-001;LAYOUT-002,High-layout/Lead-semantics,"SLUS file columns are blank because this is disc data loaded into RAM, not executable-backed static data."
opponent_23_array_1,0x8017878C,0x80178D2F,0x0017878C,0x00178D2F,0x17878C,0x178D2F,,,0x00EBC5B4,0x00EBCB57,17646,17647,1444,2,722,1460,sa_pow_weights_lead,UNRESOLVED_STAGE_3,UNRESOLVED_STAGE_3,LAYOUT-001;LAYOUT-002,High-layout/Lead-semantics,"SLUS file columns are blank because this is disc data loaded into RAM, not executable-backed static data."
opponent_23_gap_1,0x80178D30,0x80178D3F,0x00178D30,0x00178D3F,0x178D30,0x178D3F,,,0x00EBCB58,0x00EBCB67,17647,17647,16,,,,alignment_or_unknown,UNRESOLVED_STAGE_3,UNRESOLVED_STAGE_3,LAYOUT-001;LAYOUT-002,High-layout/Lead-semantics,"SLUS file columns are blank because this is disc data loaded into RAM, not executable-backed static data."
opponent_23_array_2,0x80178D40,0x801792E3,0x00178D40,0x001792E3,0x178D40,0x1792E3,,,0x00EBCB68,0x00EBD10B,17647,17648,1444,2,722,1460,bcd_weights_lead,UNRESOLVED_STAGE_3,UNRESOLVED_STAGE_3,LAYOUT-001;LAYOUT-002,High-layout/Lead-semantics,"SLUS file columns are blank because this is disc data loaded into RAM, not executable-backed static data."
opponent_23_gap_2,0x801792E4,0x801792F3,0x001792E4,0x001792F3,0x1792E4,0x1792F3,,,0x00EBD10C,0x00EBD11B,17648,17648,16,,,,alignment_or_unknown,UNRESOLVED_STAGE_3,UNRESOLVED_STAGE_3,LAYOUT-001;LAYOUT-002,High-layout/Lead-semantics,"SLUS file columns are blank because this is disc data loaded into RAM, not executable-backed static data."
opponent_23_array_3,0x801792F4,0x80179897,0x001792F4,0x00179897,0x1792F4,0x179897,,,0x00EBD11C,0x00EBD6BF,17648,17648,1444,2,722,1460,sa_tec_weights_lead,UNRESOLVED_STAGE_3,UNRESOLVED_STAGE_3,LAYOUT-001;LAYOUT-002,High-layout/Lead-semantics,"SLUS file columns are blank because this is disc data loaded into RAM, not executable-backed static data."
opponent_23_gap_3,0x80179898,0x801798A7,0x00179898,0x001798A7,0x179898,0x1798A7,,,0x00EBD6C0,0x00EBD6CF,17648,17648,16,,,,alignment_or_unknown,UNRESOLVED_STAGE_3,UNRESOLVED_STAGE_3,LAYOUT-001;LAYOUT-002,High-layout/Lead-semantics,"SLUS file columns are blank because this is disc data loaded into RAM, not executable-backed static data."
opponent_23_rank_candidate,0x801798A8,0x8017996F,0x001798A8,0x0017996F,0x1798A8,0x17996F,,,0x00EBD6D0,0x00EBD797,17648,17648,200,,,,rank_data_lead,UNRESOLVED_STAGE_3,UNRESOLVED_STAGE_3,LAYOUT-001;LAYOUT-002,High-layout/Lead-semantics,"SLUS file columns are blank because this is disc data loaded into RAM, not executable-backed static data."
opponent_23_tail,0x80179970,0x801799D7,0x00179970,0x001799D7,0x179970,0x1799D7,,,0x00EBD798,0x00EBD7FF,17648,17648,104,,,,unknown_tail,UNRESOLVED_STAGE_3,UNRESOLVED_STAGE_3,LAYOUT-001;LAYOUT-002,High-layout/Lead-semantics,"SLUS file columns are blank because this is disc data loaded into RAM, not executable-backed static data."
opponent_24_record,0x801781D8,0x801799D7,0x001781D8,0x001799D7,0x1781D8,0x1799D7,,,0x00EBD800,0x00EBEFFF,17649,17651,6144,,,,current_opponent_record_lead,UNRESOLVED_STAGE_3,UNRESOLVED_STAGE_3,LAYOUT-001;LAYOUT-002,High-layout/Lead-semantics,"SLUS file columns are blank because this is disc data loaded into RAM, not executable-backed static data."
opponent_24_array_0,0x801781D8,0x8017877B,0x001781D8,0x0017877B,0x1781D8,0x17877B,,,0x00EBD800,0x00EBDDA3,17649,17649,1444,2,722,1460,deck_weights_lead,UNRESOLVED_STAGE_3,UNRESOLVED_STAGE_3,LAYOUT-001;LAYOUT-002,High-layout/Lead-semantics,"SLUS file columns are blank because this is disc data loaded into RAM, not executable-backed static data."
opponent_24_gap_0,0x8017877C,0x8017878B,0x0017877C,0x0017878B,0x17877C,0x17878B,,,0x00EBDDA4,0x00EBDDB3,17649,17649,16,,,,alignment_or_unknown,UNRESOLVED_STAGE_3,UNRESOLVED_STAGE_3,LAYOUT-001;LAYOUT-002,High-layout/Lead-semantics,"SLUS file columns are blank because this is disc data loaded into RAM, not executable-backed static data."
opponent_24_array_1,0x8017878C,0x80178D2F,0x0017878C,0x00178D2F,0x17878C,0x178D2F,,,0x00EBDDB4,0x00EBE357,17649,17650,1444,2,722,1460,sa_pow_weights_lead,UNRESOLVED_STAGE_3,UNRESOLVED_STAGE_3,LAYOUT-001;LAYOUT-002,High-layout/Lead-semantics,"SLUS file columns are blank because this is disc data loaded into RAM, not executable-backed static data."
opponent_24_gap_1,0x80178D30,0x80178D3F,0x00178D30,0x00178D3F,0x178D30,0x178D3F,,,0x00EBE358,0x00EBE367,17650,17650,16,,,,alignment_or_unknown,UNRESOLVED_STAGE_3,UNRESOLVED_STAGE_3,LAYOUT-001;LAYOUT-002,High-layout/Lead-semantics,"SLUS file columns are blank because this is disc data loaded into RAM, not executable-backed static data."
opponent_24_array_2,0x80178D40,0x801792E3,0x00178D40,0x001792E3,0x178D40,0x1792E3,,,0x00EBE368,0x00EBE90B,17650,17651,1444,2,722,1460,bcd_weights_lead,UNRESOLVED_STAGE_3,UNRESOLVED_STAGE_3,LAYOUT-001;LAYOUT-002,High-layout/Lead-semantics,"SLUS file columns are blank because this is disc data loaded into RAM, not executable-backed static data."
opponent_24_gap_2,0x801792E4,0x801792F3,0x001792E4,0x001792F3,0x1792E4,0x1792F3,,,0x00EBE90C,0x00EBE91B,17651,17651,16,,,,alignment_or_unknown,UNRESOLVED_STAGE_3,UNRESOLVED_STAGE_3,LAYOUT-001;LAYOUT-002,High-layout/Lead-semantics,"SLUS file columns are blank because this is disc data loaded into RAM, not executable-backed static data."
opponent_24_array_3,0x801792F4,0x80179897,0x001792F4,0x00179897,0x1792F4,0x179897,,,0x00EBE91C,0x00EBEEBF,17651,17651,1444,2,722,1460,sa_tec_weights_lead,UNRESOLVED_STAGE_3,UNRESOLVED_STAGE_3,LAYOUT-001;LAYOUT-002,High-layout/Lead-semantics,"SLUS file columns are blank because this is disc data loaded into RAM, not executable-backed static data."
opponent_24_gap_3,0x80179898,0x801798A7,0x00179898,0x001798A7,0x179898,0x1798A7,,,0x00EBEEC0,0x00EBEECF,17651,17651,16,,,,alignment_or_unknown,UNRESOLVED_STAGE_3,UNRESOLVED_STAGE_3,LAYOUT-001;LAYOUT-002,High-layout/Lead-semantics,"SLUS file columns are blank because this is disc data loaded into RAM, not executable-backed static data."
opponent_24_rank_candidate,0x801798A8,0x8017996F,0x001798A8,0x0017996F,0x1798A8,0x17996F,,,0x00EBEED0,0x00EBEF97,17651,17651,200,,,,rank_data_lead,UNRESOLVED_STAGE_3,UNRESOLVED_STAGE_3,LAYOUT-001;LAYOUT-002,High-layout/Lead-semantics,"SLUS file columns are blank because this is disc data loaded into RAM, not executable-backed static data."
opponent_24_tail,0x80179970,0x801799D7,0x00179970,0x001799D7,0x179970,0x1799D7,,,0x00EBEF98,0x00EBEFFF,17651,17651,104,,,,unknown_tail,UNRESOLVED_STAGE_3,UNRESOLVED_STAGE_3,LAYOUT-001;LAYOUT-002,High-layout/Lead-semantics,"SLUS file columns are blank because this is disc data loaded into RAM, not executable-backed static data."
opponent_25_record,0x801781D8,0x801799D7,0x001781D8,0x001799D7,0x1781D8,0x1799D7,,,0x00EBF000,0x00EC07FF,17652,17654,6144,,,,current_opponent_record_lead,UNRESOLVED_STAGE_3,UNRESOLVED_STAGE_3,LAYOUT-001;LAYOUT-002,High-layout/Lead-semantics,"SLUS file columns are blank because this is disc data loaded into RAM, not executable-backed static data."
opponent_25_array_0,0x801781D8,0x8017877B,0x001781D8,0x0017877B,0x1781D8,0x17877B,,,0x00EBF000,0x00EBF5A3,17652,17652,1444,2,722,1460,deck_weights_lead,UNRESOLVED_STAGE_3,UNRESOLVED_STAGE_3,LAYOUT-001;LAYOUT-002,High-layout/Lead-semantics,"SLUS file columns are blank because this is disc data loaded into RAM, not executable-backed static data."
opponent_25_gap_0,0x8017877C,0x8017878B,0x0017877C,0x0017878B,0x17877C,0x17878B,,,0x00EBF5A4,0x00EBF5B3,17652,17652,16,,,,alignment_or_unknown,UNRESOLVED_STAGE_3,UNRESOLVED_STAGE_3,LAYOUT-001;LAYOUT-002,High-layout/Lead-semantics,"SLUS file columns are blank because this is disc data loaded into RAM, not executable-backed static data."
opponent_25_array_1,0x8017878C,0x80178D2F,0x0017878C,0x00178D2F,0x17878C,0x178D2F,,,0x00EBF5B4,0x00EBFB57,17652,17653,1444,2,722,1460,sa_pow_weights_lead,UNRESOLVED_STAGE_3,UNRESOLVED_STAGE_3,LAYOUT-001;LAYOUT-002,High-layout/Lead-semantics,"SLUS file columns are blank because this is disc data loaded into RAM, not executable-backed static data."
opponent_25_gap_1,0x80178D30,0x80178D3F,0x00178D30,0x00178D3F,0x178D30,0x178D3F,,,0x00EBFB58,0x00EBFB67,17653,17653,16,,,,alignment_or_unknown,UNRESOLVED_STAGE_3,UNRESOLVED_STAGE_3,LAYOUT-001;LAYOUT-002,High-layout/Lead-semantics,"SLUS file columns are blank because this is disc data loaded into RAM, not executable-backed static data."
opponent_25_array_2,0x80178D40,0x801792E3,0x00178D40,0x001792E3,0x178D40,0x1792E3,,,0x00EBFB68,0x00EC010B,17653,17654,1444,2,722,1460,bcd_weights_lead,UNRESOLVED_STAGE_3,UNRESOLVED_STAGE_3,LAYOUT-001;LAYOUT-002,High-layout/Lead-semantics,"SLUS file columns are blank because this is disc data loaded into RAM, not executable-backed static data."
opponent_25_gap_2,0x801792E4,0x801792F3,0x001792E4,0x001792F3,0x1792E4,0x1792F3,,,0x00EC010C,0x00EC011B,17654,17654,16,,,,alignment_or_unknown,UNRESOLVED_STAGE_3,UNRESOLVED_STAGE_3,LAYOUT-001;LAYOUT-002,High-layout/Lead-semantics,"SLUS file columns are blank because this is disc data loaded into RAM, not executable-backed static data."
opponent_25_array_3,0x801792F4,0x80179897,0x001792F4,0x00179897,0x1792F4,0x179897,,,0x00EC011C,0x00EC06BF,17654,17654,1444,2,722,1460,sa_tec_weights_lead,UNRESOLVED_STAGE_3,UNRESOLVED_STAGE_3,LAYOUT-001;LAYOUT-002,High-layout/Lead-semantics,"SLUS file columns are blank because this is disc data loaded into RAM, not executable-backed static data."
opponent_25_gap_3,0x80179898,0x801798A7,0x00179898,0x001798A7,0x179898,0x1798A7,,,0x00EC06C0,0x00EC06CF,17654,17654,16,,,,alignment_or_unknown,UNRESOLVED_STAGE_3,UNRESOLVED_STAGE_3,LAYOUT-001;LAYOUT-002,High-layout/Lead-semantics,"SLUS file columns are blank because this is disc data loaded into RAM, not executable-backed static data."
opponent_25_rank_candidate,0x801798A8,0x8017996F,0x001798A8,0x0017996F,0x1798A8,0x17996F,,,0x00EC06D0,0x00EC0797,17654,17654,200,,,,rank_data_lead,UNRESOLVED_STAGE_3,UNRESOLVED_STAGE_3,LAYOUT-001;LAYOUT-002,High-layout/Lead-semantics,"SLUS file columns are blank because this is disc data loaded into RAM, not executable-backed static data."
opponent_25_tail,0x80179970,0x801799D7,0x00179970,0x001799D7,0x179970,0x1799D7,,,0x00EC0798,0x00EC07FF,17654,17654,104,,,,unknown_tail,UNRESOLVED_STAGE_3,UNRESOLVED_STAGE_3,LAYOUT-001;LAYOUT-002,High-layout/Lead-semantics,"SLUS file columns are blank because this is disc data loaded into RAM, not executable-backed static data."
opponent_26_record,0x801781D8,0x801799D7,0x001781D8,0x001799D7,0x1781D8,0x1799D7,,,0x00EC0800,0x00EC1FFF,17655,17657,6144,,,,current_opponent_record_lead,UNRESOLVED_STAGE_3,UNRESOLVED_STAGE_3,LAYOUT-001;LAYOUT-002,High-layout/Lead-semantics,"SLUS file columns are blank because this is disc data loaded into RAM, not executable-backed static data."
opponent_26_array_0,0x801781D8,0x8017877B,0x001781D8,0x0017877B,0x1781D8,0x17877B,,,0x00EC0800,0x00EC0DA3,17655,17655,1444,2,722,1460,deck_weights_lead,UNRESOLVED_STAGE_3,UNRESOLVED_STAGE_3,LAYOUT-001;LAYOUT-002,High-layout/Lead-semantics,"SLUS file columns are blank because this is disc data loaded into RAM, not executable-backed static data."
opponent_26_gap_0,0x8017877C,0x8017878B,0x0017877C,0x0017878B,0x17877C,0x17878B,,,0x00EC0DA4,0x00EC0DB3,17655,17655,16,,,,alignment_or_unknown,UNRESOLVED_STAGE_3,UNRESOLVED_STAGE_3,LAYOUT-001;LAYOUT-002,High-layout/Lead-semantics,"SLUS file columns are blank because this is disc data loaded into RAM, not executable-backed static data."
opponent_26_array_1,0x8017878C,0x80178D2F,0x0017878C,0x00178D2F,0x17878C,0x178D2F,,,0x00EC0DB4,0x00EC1357,17655,17656,1444,2,722,1460,sa_pow_weights_lead,UNRESOLVED_STAGE_3,UNRESOLVED_STAGE_3,LAYOUT-001;LAYOUT-002,High-layout/Lead-semantics,"SLUS file columns are blank because this is disc data loaded into RAM, not executable-backed static data."
opponent_26_gap_1,0x80178D30,0x80178D3F,0x00178D30,0x00178D3F,0x178D30,0x178D3F,,,0x00EC1358,0x00EC1367,17656,17656,16,,,,alignment_or_unknown,UNRESOLVED_STAGE_3,UNRESOLVED_STAGE_3,LAYOUT-001;LAYOUT-002,High-layout/Lead-semantics,"SLUS file columns are blank because this is disc data loaded into RAM, not executable-backed static data."
opponent_26_array_2,0x80178D40,0x801792E3,0x00178D40,0x001792E3,0x178D40,0x1792E3,,,0x00EC1368,0x00EC190B,17656,17657,1444,2,722,1460,bcd_weights_lead,UNRESOLVED_STAGE_3,UNRESOLVED_STAGE_3,LAYOUT-001;LAYOUT-002,High-layout/Lead-semantics,"SLUS file columns are blank because this is disc data loaded into RAM, not executable-backed static data."
opponent_26_gap_2,0x801792E4,0x801792F3,0x001792E4,0x001792F3,0x1792E4,0x1792F3,,,0x00EC190C,0x00EC191B,17657,17657,16,,,,alignment_or_unknown,UNRESOLVED_STAGE_3,UNRESOLVED_STAGE_3,LAYOUT-001;LAYOUT-002,High-layout/Lead-semantics,"SLUS file columns are blank because this is disc data loaded into RAM, not executable-backed static data."
opponent_26_array_3,0x801792F4,0x80179897,0x001792F4,0x00179897,0x1792F4,0x179897,,,0x00EC191C,0x00EC1EBF,17657,17657,1444,2,722,1460,sa_tec_weights_lead,UNRESOLVED_STAGE_3,UNRESOLVED_STAGE_3,LAYOUT-001;LAYOUT-002,High-layout/Lead-semantics,"SLUS file columns are blank because this is disc data loaded into RAM, not executable-backed static data."
opponent_26_gap_3,0x80179898,0x801798A7,0x00179898,0x001798A7,0x179898,0x1798A7,,,0x00EC1EC0,0x00EC1ECF,17657,17657,16,,,,alignment_or_unknown,UNRESOLVED_STAGE_3,UNRESOLVED_STAGE_3,LAYOUT-001;LAYOUT-002,High-layout/Lead-semantics,"SLUS file columns are blank because this is disc data loaded into RAM, not executable-backed static data."
opponent_26_rank_candidate,0x801798A8,0x8017996F,0x001798A8,0x0017996F,0x1798A8,0x17996F,,,0x00EC1ED0,0x00EC1F97,17657,17657,200,,,,rank_data_lead,UNRESOLVED_STAGE_3,UNRESOLVED_STAGE_3,LAYOUT-001;LAYOUT-002,High-layout/Lead-semantics,"SLUS file columns are blank because this is disc data loaded into RAM, not executable-backed static data."
opponent_26_tail,0x80179970,0x801799D7,0x00179970,0x001799D7,0x179970,0x1799D7,,,0x00EC1F98,0x00EC1FFF,17657,17657,104,,,,unknown_tail,UNRESOLVED_STAGE_3,UNRESOLVED_STAGE_3,LAYOUT-001;LAYOUT-002,High-layout/Lead-semantics,"SLUS file columns are blank because this is disc data loaded into RAM, not executable-backed static data."
opponent_27_record,0x801781D8,0x801799D7,0x001781D8,0x001799D7,0x1781D8,0x1799D7,,,0x00EC2000,0x00EC37FF,17658,17660,6144,,,,current_opponent_record_lead,UNRESOLVED_STAGE_3,UNRESOLVED_STAGE_3,LAYOUT-001;LAYOUT-002,High-layout/Lead-semantics,"SLUS file columns are blank because this is disc data loaded into RAM, not executable-backed static data."
opponent_27_array_0,0x801781D8,0x8017877B,0x001781D8,0x0017877B,0x1781D8,0x17877B,,,0x00EC2000,0x00EC25A3,17658,17658,1444,2,722,1460,deck_weights_lead,UNRESOLVED_STAGE_3,UNRESOLVED_STAGE_3,LAYOUT-001;LAYOUT-002,High-layout/Lead-semantics,"SLUS file columns are blank because this is disc data loaded into RAM, not executable-backed static data."
opponent_27_gap_0,0x8017877C,0x8017878B,0x0017877C,0x0017878B,0x17877C,0x17878B,,,0x00EC25A4,0x00EC25B3,17658,17658,16,,,,alignment_or_unknown,UNRESOLVED_STAGE_3,UNRESOLVED_STAGE_3,LAYOUT-001;LAYOUT-002,High-layout/Lead-semantics,"SLUS file columns are blank because this is disc data loaded into RAM, not executable-backed static data."
opponent_27_array_1,0x8017878C,0x80178D2F,0x0017878C,0x00178D2F,0x17878C,0x178D2F,,,0x00EC25B4,0x00EC2B57,17658,17659,1444,2,722,1460,sa_pow_weights_lead,UNRESOLVED_STAGE_3,UNRESOLVED_STAGE_3,LAYOUT-001;LAYOUT-002,High-layout/Lead-semantics,"SLUS file columns are blank because this is disc data loaded into RAM, not executable-backed static data."
opponent_27_gap_1,0x80178D30,0x80178D3F,0x00178D30,0x00178D3F,0x178D30,0x178D3F,,,0x00EC2B58,0x00EC2B67,17659,17659,16,,,,alignment_or_unknown,UNRESOLVED_STAGE_3,UNRESOLVED_STAGE_3,LAYOUT-001;LAYOUT-002,High-layout/Lead-semantics,"SLUS file columns are blank because this is disc data loaded into RAM, not executable-backed static data."
opponent_27_array_2,0x80178D40,0x801792E3,0x00178D40,0x001792E3,0x178D40,0x1792E3,,,0x00EC2B68,0x00EC310B,17659,17660,1444,2,722,1460,bcd_weights_lead,UNRESOLVED_STAGE_3,UNRESOLVED_STAGE_3,LAYOUT-001;LAYOUT-002,High-layout/Lead-semantics,"SLUS file columns are blank because this is disc data loaded into RAM, not executable-backed static data."
opponent_27_gap_2,0x801792E4,0x801792F3,0x001792E4,0x001792F3,0x1792E4,0x1792F3,,,0x00EC310C,0x00EC311B,17660,17660,16,,,,alignment_or_unknown,UNRESOLVED_STAGE_3,UNRESOLVED_STAGE_3,LAYOUT-001;LAYOUT-002,High-layout/Lead-semantics,"SLUS file columns are blank because this is disc data loaded into RAM, not executable-backed static data."
opponent_27_array_3,0x801792F4,0x80179897,0x001792F4,0x00179897,0x1792F4,0x179897,,,0x00EC311C,0x00EC36BF,17660,17660,1444,2,722,1460,sa_tec_weights_lead,UNRESOLVED_STAGE_3,UNRESOLVED_STAGE_3,LAYOUT-001;LAYOUT-002,High-layout/Lead-semantics,"SLUS file columns are blank because this is disc data loaded into RAM, not executable-backed static data."
opponent_27_gap_3,0x80179898,0x801798A7,0x00179898,0x001798A7,0x179898,0x1798A7,,,0x00EC36C0,0x00EC36CF,17660,17660,16,,,,alignment_or_unknown,UNRESOLVED_STAGE_3,UNRESOLVED_STAGE_3,LAYOUT-001;LAYOUT-002,High-layout/Lead-semantics,"SLUS file columns are blank because this is disc data loaded into RAM, not executable-backed static data."
opponent_27_rank_candidate,0x801798A8,0x8017996F,0x001798A8,0x0017996F,0x1798A8,0x17996F,,,0x00EC36D0,0x00EC3797,17660,17660,200,,,,rank_data_lead,UNRESOLVED_STAGE_3,UNRESOLVED_STAGE_3,LAYOUT-001;LAYOUT-002,High-layout/Lead-semantics,"SLUS file columns are blank because this is disc data loaded into RAM, not executable-backed static data."
opponent_27_tail,0x80179970,0x801799D7,0x00179970,0x001799D7,0x179970,0x1799D7,,,0x00EC3798,0x00EC37FF,17660,17660,104,,,,unknown_tail,UNRESOLVED_STAGE_3,UNRESOLVED_STAGE_3,LAYOUT-001;LAYOUT-002,High-layout/Lead-semantics,"SLUS file columns are blank because this is disc data loaded into RAM, not executable-backed static data."
opponent_28_record,0x801781D8,0x801799D7,0x001781D8,0x001799D7,0x1781D8,0x1799D7,,,0x00EC3800,0x00EC4FFF,17661,17663,6144,,,,current_opponent_record_lead,UNRESOLVED_STAGE_3,UNRESOLVED_STAGE_3,LAYOUT-001;LAYOUT-002,High-layout/Lead-semantics,"SLUS file columns are blank because this is disc data loaded into RAM, not executable-backed static data."
opponent_28_array_0,0x801781D8,0x8017877B,0x001781D8,0x0017877B,0x1781D8,0x17877B,,,0x00EC3800,0x00EC3DA3,17661,17661,1444,2,722,1460,deck_weights_lead,UNRESOLVED_STAGE_3,UNRESOLVED_STAGE_3,LAYOUT-001;LAYOUT-002,High-layout/Lead-semantics,"SLUS file columns are blank because this is disc data loaded into RAM, not executable-backed static data."
opponent_28_gap_0,0x8017877C,0x8017878B,0x0017877C,0x0017878B,0x17877C,0x17878B,,,0x00EC3DA4,0x00EC3DB3,17661,17661,16,,,,alignment_or_unknown,UNRESOLVED_STAGE_3,UNRESOLVED_STAGE_3,LAYOUT-001;LAYOUT-002,High-layout/Lead-semantics,"SLUS file columns are blank because this is disc data loaded into RAM, not executable-backed static data."
opponent_28_array_1,0x8017878C,0x80178D2F,0x0017878C,0x00178D2F,0x17878C,0x178D2F,,,0x00EC3DB4,0x00EC4357,17661,17662,1444,2,722,1460,sa_pow_weights_lead,UNRESOLVED_STAGE_3,UNRESOLVED_STAGE_3,LAYOUT-001;LAYOUT-002,High-layout/Lead-semantics,"SLUS file columns are blank because this is disc data loaded into RAM, not executable-backed static data."
opponent_28_gap_1,0x80178D30,0x80178D3F,0x00178D30,0x00178D3F,0x178D30,0x178D3F,,,0x00EC4358,0x00EC4367,17662,17662,16,,,,alignment_or_unknown,UNRESOLVED_STAGE_3,UNRESOLVED_STAGE_3,LAYOUT-001;LAYOUT-002,High-layout/Lead-semantics,"SLUS file columns are blank because this is disc data loaded into RAM, not executable-backed static data."
opponent_28_array_2,0x80178D40,0x801792E3,0x00178D40,0x001792E3,0x178D40,0x1792E3,,,0x00EC4368,0x00EC490B,17662,17663,1444,2,722,1460,bcd_weights_lead,UNRESOLVED_STAGE_3,UNRESOLVED_STAGE_3,LAYOUT-001;LAYOUT-002,High-layout/Lead-semantics,"SLUS file columns are blank because this is disc data loaded into RAM, not executable-backed static data."
opponent_28_gap_2,0x801792E4,0x801792F3,0x001792E4,0x001792F3,0x1792E4,0x1792F3,,,0x00EC490C,0x00EC491B,17663,17663,16,,,,alignment_or_unknown,UNRESOLVED_STAGE_3,UNRESOLVED_STAGE_3,LAYOUT-001;LAYOUT-002,High-layout/Lead-semantics,"SLUS file columns are blank because this is disc data loaded into RAM, not executable-backed static data."
opponent_28_array_3,0x801792F4,0x80179897,0x001792F4,0x00179897,0x1792F4,0x179897,,,0x00EC491C,0x00EC4EBF,17663,17663,1444,2,722,1460,sa_tec_weights_lead,UNRESOLVED_STAGE_3,UNRESOLVED_STAGE_3,LAYOUT-001;LAYOUT-002,High-layout/Lead-semantics,"SLUS file columns are blank because this is disc data loaded into RAM, not executable-backed static data."
opponent_28_gap_3,0x80179898,0x801798A7,0x00179898,0x001798A7,0x179898,0x1798A7,,,0x00EC4EC0,0x00EC4ECF,17663,17663,16,,,,alignment_or_unknown,UNRESOLVED_STAGE_3,UNRESOLVED_STAGE_3,LAYOUT-001;LAYOUT-002,High-layout/Lead-semantics,"SLUS file columns are blank because this is disc data loaded into RAM, not executable-backed static data."
opponent_28_rank_candidate,0x801798A8,0x8017996F,0x001798A8,0x0017996F,0x1798A8,0x17996F,,,0x00EC4ED0,0x00EC4F97,17663,17663,200,,,,rank_data_lead,UNRESOLVED_STAGE_3,UNRESOLVED_STAGE_3,LAYOUT-001;LAYOUT-002,High-layout/Lead-semantics,"SLUS file columns are blank because this is disc data loaded into RAM, not executable-backed static data."
opponent_28_tail,0x80179970,0x801799D7,0x00179970,0x001799D7,0x179970,0x1799D7,,,0x00EC4F98,0x00EC4FFF,17663,17663,104,,,,unknown_tail,UNRESOLVED_STAGE_3,UNRESOLVED_STAGE_3,LAYOUT-001;LAYOUT-002,High-layout/Lead-semantics,"SLUS file columns are blank because this is disc data loaded into RAM, not executable-backed static data."
opponent_29_record,0x801781D8,0x801799D7,0x001781D8,0x001799D7,0x1781D8,0x1799D7,,,0x00EC5000,0x00EC67FF,17664,17666,6144,,,,current_opponent_record_lead,UNRESOLVED_STAGE_3,UNRESOLVED_STAGE_3,LAYOUT-001;LAYOUT-002,High-layout/Lead-semantics,"SLUS file columns are blank because this is disc data loaded into RAM, not executable-backed static data."
opponent_29_array_0,0x801781D8,0x8017877B,0x001781D8,0x0017877B,0x1781D8,0x17877B,,,0x00EC5000,0x00EC55A3,17664,17664,1444,2,722,1460,deck_weights_lead,UNRESOLVED_STAGE_3,UNRESOLVED_STAGE_3,LAYOUT-001;LAYOUT-002,High-layout/Lead-semantics,"SLUS file columns are blank because this is disc data loaded into RAM, not executable-backed static data."
opponent_29_gap_0,0x8017877C,0x8017878B,0x0017877C,0x0017878B,0x17877C,0x17878B,,,0x00EC55A4,0x00EC55B3,17664,17664,16,,,,alignment_or_unknown,UNRESOLVED_STAGE_3,UNRESOLVED_STAGE_3,LAYOUT-001;LAYOUT-002,High-layout/Lead-semantics,"SLUS file columns are blank because this is disc data loaded into RAM, not executable-backed static data."
opponent_29_array_1,0x8017878C,0x80178D2F,0x0017878C,0x00178D2F,0x17878C,0x178D2F,,,0x00EC55B4,0x00EC5B57,17664,17665,1444,2,722,1460,sa_pow_weights_lead,UNRESOLVED_STAGE_3,UNRESOLVED_STAGE_3,LAYOUT-001;LAYOUT-002,High-layout/Lead-semantics,"SLUS file columns are blank because this is disc data loaded into RAM, not executable-backed static data."
opponent_29_gap_1,0x80178D30,0x80178D3F,0x00178D30,0x00178D3F,0x178D30,0x178D3F,,,0x00EC5B58,0x00EC5B67,17665,17665,16,,,,alignment_or_unknown,UNRESOLVED_STAGE_3,UNRESOLVED_STAGE_3,LAYOUT-001;LAYOUT-002,High-layout/Lead-semantics,"SLUS file columns are blank because this is disc data loaded into RAM, not executable-backed static data."
opponent_29_array_2,0x80178D40,0x801792E3,0x00178D40,0x001792E3,0x178D40,0x1792E3,,,0x00EC5B68,0x00EC610B,17665,17666,1444,2,722,1460,bcd_weights_lead,UNRESOLVED_STAGE_3,UNRESOLVED_STAGE_3,LAYOUT-001;LAYOUT-002,High-layout/Lead-semantics,"SLUS file columns are blank because this is disc data loaded into RAM, not executable-backed static data."
opponent_29_gap_2,0x801792E4,0x801792F3,0x001792E4,0x001792F3,0x1792E4,0x1792F3,,,0x00EC610C,0x00EC611B,17666,17666,16,,,,alignment_or_unknown,UNRESOLVED_STAGE_3,UNRESOLVED_STAGE_3,LAYOUT-001;LAYOUT-002,High-layout/Lead-semantics,"SLUS file columns are blank because this is disc data loaded into RAM, not executable-backed static data."
opponent_29_array_3,0x801792F4,0x80179897,0x001792F4,0x00179897,0x1792F4,0x179897,,,0x00EC611C,0x00EC66BF,17666,17666,1444,2,722,1460,sa_tec_weights_lead,UNRESOLVED_STAGE_3,UNRESOLVED_STAGE_3,LAYOUT-001;LAYOUT-002,High-layout/Lead-semantics,"SLUS file columns are blank because this is disc data loaded into RAM, not executable-backed static data."
opponent_29_gap_3,0x80179898,0x801798A7,0x00179898,0x001798A7,0x179898,0x1798A7,,,0x00EC66C0,0x00EC66CF,17666,17666,16,,,,alignment_or_unknown,UNRESOLVED_STAGE_3,UNRESOLVED_STAGE_3,LAYOUT-001;LAYOUT-002,High-layout/Lead-semantics,"SLUS file columns are blank because this is disc data loaded into RAM, not executable-backed static data."
opponent_29_rank_candidate,0x801798A8,0x8017996F,0x001798A8,0x0017996F,0x1798A8,0x17996F,,,0x00EC66D0,0x00EC6797,17666,17666,200,,,,rank_data_lead,UNRESOLVED_STAGE_3,UNRESOLVED_STAGE_3,LAYOUT-001;LAYOUT-002,High-layout/Lead-semantics,"SLUS file columns are blank because this is disc data loaded into RAM, not executable-backed static data."
opponent_29_tail,0x80179970,0x801799D7,0x00179970,0x001799D7,0x179970,0x1799D7,,,0x00EC6798,0x00EC67FF,17666,17666,104,,,,unknown_tail,UNRESOLVED_STAGE_3,UNRESOLVED_STAGE_3,LAYOUT-001;LAYOUT-002,High-layout/Lead-semantics,"SLUS file columns are blank because this is disc data loaded into RAM, not executable-backed static data."
opponent_30_record,0x801781D8,0x801799D7,0x001781D8,0x001799D7,0x1781D8,0x1799D7,,,0x00EC6800,0x00EC7FFF,17667,17669,6144,,,,current_opponent_record_lead,UNRESOLVED_STAGE_3,UNRESOLVED_STAGE_3,LAYOUT-001;LAYOUT-002,High-layout/Lead-semantics,"SLUS file columns are blank because this is disc data loaded into RAM, not executable-backed static data."
opponent_30_array_0,0x801781D8,0x8017877B,0x001781D8,0x0017877B,0x1781D8,0x17877B,,,0x00EC6800,0x00EC6DA3,17667,17667,1444,2,722,1460,deck_weights_lead,UNRESOLVED_STAGE_3,UNRESOLVED_STAGE_3,LAYOUT-001;LAYOUT-002,High-layout/Lead-semantics,"SLUS file columns are blank because this is disc data loaded into RAM, not executable-backed static data."
opponent_30_gap_0,0x8017877C,0x8017878B,0x0017877C,0x0017878B,0x17877C,0x17878B,,,0x00EC6DA4,0x00EC6DB3,17667,17667,16,,,,alignment_or_unknown,UNRESOLVED_STAGE_3,UNRESOLVED_STAGE_3,LAYOUT-001;LAYOUT-002,High-layout/Lead-semantics,"SLUS file columns are blank because this is disc data loaded into RAM, not executable-backed static data."
opponent_30_array_1,0x8017878C,0x80178D2F,0x0017878C,0x00178D2F,0x17878C,0x178D2F,,,0x00EC6DB4,0x00EC7357,17667,17668,1444,2,722,1460,sa_pow_weights_lead,UNRESOLVED_STAGE_3,UNRESOLVED_STAGE_3,LAYOUT-001;LAYOUT-002,High-layout/Lead-semantics,"SLUS file columns are blank because this is disc data loaded into RAM, not executable-backed static data."
opponent_30_gap_1,0x80178D30,0x80178D3F,0x00178D30,0x00178D3F,0x178D30,0x178D3F,,,0x00EC7358,0x00EC7367,17668,17668,16,,,,alignment_or_unknown,UNRESOLVED_STAGE_3,UNRESOLVED_STAGE_3,LAYOUT-001;LAYOUT-002,High-layout/Lead-semantics,"SLUS file columns are blank because this is disc data loaded into RAM, not executable-backed static data."
opponent_30_array_2,0x80178D40,0x801792E3,0x00178D40,0x001792E3,0x178D40,0x1792E3,,,0x00EC7368,0x00EC790B,17668,17669,1444,2,722,1460,bcd_weights_lead,UNRESOLVED_STAGE_3,UNRESOLVED_STAGE_3,LAYOUT-001;LAYOUT-002,High-layout/Lead-semantics,"SLUS file columns are blank because this is disc data loaded into RAM, not executable-backed static data."
opponent_30_gap_2,0x801792E4,0x801792F3,0x001792E4,0x001792F3,0x1792E4,0x1792F3,,,0x00EC790C,0x00EC791B,17669,17669,16,,,,alignment_or_unknown,UNRESOLVED_STAGE_3,UNRESOLVED_STAGE_3,LAYOUT-001;LAYOUT-002,High-layout/Lead-semantics,"SLUS file columns are blank because this is disc data loaded into RAM, not executable-backed static data."
opponent_30_array_3,0x801792F4,0x80179897,0x001792F4,0x00179897,0x1792F4,0x179897,,,0x00EC791C,0x00EC7EBF,17669,17669,1444,2,722,1460,sa_tec_weights_lead,UNRESOLVED_STAGE_3,UNRESOLVED_STAGE_3,LAYOUT-001;LAYOUT-002,High-layout/Lead-semantics,"SLUS file columns are blank because this is disc data loaded into RAM, not executable-backed static data."
opponent_30_gap_3,0x80179898,0x801798A7,0x00179898,0x001798A7,0x179898,0x1798A7,,,0x00EC7EC0,0x00EC7ECF,17669,17669,16,,,,alignment_or_unknown,UNRESOLVED_STAGE_3,UNRESOLVED_STAGE_3,LAYOUT-001;LAYOUT-002,High-layout/Lead-semantics,"SLUS file columns are blank because this is disc data loaded into RAM, not executable-backed static data."
opponent_30_rank_candidate,0x801798A8,0x8017996F,0x001798A8,0x0017996F,0x1798A8,0x17996F,,,0x00EC7ED0,0x00EC7F97,17669,17669,200,,,,rank_data_lead,UNRESOLVED_STAGE_3,UNRESOLVED_STAGE_3,LAYOUT-001;LAYOUT-002,High-layout/Lead-semantics,"SLUS file columns are blank because this is disc data loaded into RAM, not executable-backed static data."
opponent_30_tail,0x80179970,0x801799D7,0x00179970,0x001799D7,0x179970,0x1799D7,,,0x00EC7F98,0x00EC7FFF,17669,17669,104,,,,unknown_tail,UNRESOLVED_STAGE_3,UNRESOLVED_STAGE_3,LAYOUT-001;LAYOUT-002,High-layout/Lead-semantics,"SLUS file columns are blank because this is disc data loaded into RAM, not executable-backed static data."
opponent_31_record,0x801781D8,0x801799D7,0x001781D8,0x001799D7,0x1781D8,0x1799D7,,,0x00EC8000,0x00EC97FF,17670,17672,6144,,,,current_opponent_record_lead,UNRESOLVED_STAGE_3,UNRESOLVED_STAGE_3,LAYOUT-001;LAYOUT-002,High-layout/Lead-semantics,"SLUS file columns are blank because this is disc data loaded into RAM, not executable-backed static data."
opponent_31_array_0,0x801781D8,0x8017877B,0x001781D8,0x0017877B,0x1781D8,0x17877B,,,0x00EC8000,0x00EC85A3,17670,17670,1444,2,722,1460,deck_weights_lead,UNRESOLVED_STAGE_3,UNRESOLVED_STAGE_3,LAYOUT-001;LAYOUT-002,High-layout/Lead-semantics,"SLUS file columns are blank because this is disc data loaded into RAM, not executable-backed static data."
opponent_31_gap_0,0x8017877C,0x8017878B,0x0017877C,0x0017878B,0x17877C,0x17878B,,,0x00EC85A4,0x00EC85B3,17670,17670,16,,,,alignment_or_unknown,UNRESOLVED_STAGE_3,UNRESOLVED_STAGE_3,LAYOUT-001;LAYOUT-002,High-layout/Lead-semantics,"SLUS file columns are blank because this is disc data loaded into RAM, not executable-backed static data."
opponent_31_array_1,0x8017878C,0x80178D2F,0x0017878C,0x00178D2F,0x17878C,0x178D2F,,,0x00EC85B4,0x00EC8B57,17670,17671,1444,2,722,1460,sa_pow_weights_lead,UNRESOLVED_STAGE_3,UNRESOLVED_STAGE_3,LAYOUT-001;LAYOUT-002,High-layout/Lead-semantics,"SLUS file columns are blank because this is disc data loaded into RAM, not executable-backed static data."
opponent_31_gap_1,0x80178D30,0x80178D3F,0x00178D30,0x00178D3F,0x178D30,0x178D3F,,,0x00EC8B58,0x00EC8B67,17671,17671,16,,,,alignment_or_unknown,UNRESOLVED_STAGE_3,UNRESOLVED_STAGE_3,LAYOUT-001;LAYOUT-002,High-layout/Lead-semantics,"SLUS file columns are blank because this is disc data loaded into RAM, not executable-backed static data."
opponent_31_array_2,0x80178D40,0x801792E3,0x00178D40,0x001792E3,0x178D40,0x1792E3,,,0x00EC8B68,0x00EC910B,17671,17672,1444,2,722,1460,bcd_weights_lead,UNRESOLVED_STAGE_3,UNRESOLVED_STAGE_3,LAYOUT-001;LAYOUT-002,High-layout/Lead-semantics,"SLUS file columns are blank because this is disc data loaded into RAM, not executable-backed static data."
opponent_31_gap_2,0x801792E4,0x801792F3,0x001792E4,0x001792F3,0x1792E4,0x1792F3,,,0x00EC910C,0x00EC911B,17672,17672,16,,,,alignment_or_unknown,UNRESOLVED_STAGE_3,UNRESOLVED_STAGE_3,LAYOUT-001;LAYOUT-002,High-layout/Lead-semantics,"SLUS file columns are blank because this is disc data loaded into RAM, not executable-backed static data."
opponent_31_array_3,0x801792F4,0x80179897,0x001792F4,0x00179897,0x1792F4,0x179897,,,0x00EC911C,0x00EC96BF,17672,17672,1444,2,722,1460,sa_tec_weights_lead,UNRESOLVED_STAGE_3,UNRESOLVED_STAGE_3,LAYOUT-001;LAYOUT-002,High-layout/Lead-semantics,"SLUS file columns are blank because this is disc data loaded into RAM, not executable-backed static data."
opponent_31_gap_3,0x80179898,0x801798A7,0x00179898,0x001798A7,0x179898,0x1798A7,,,0x00EC96C0,0x00EC96CF,17672,17672,16,,,,alignment_or_unknown,UNRESOLVED_STAGE_3,UNRESOLVED_STAGE_3,LAYOUT-001;LAYOUT-002,High-layout/Lead-semantics,"SLUS file columns are blank because this is disc data loaded into RAM, not executable-backed static data."
opponent_31_rank_candidate,0x801798A8,0x8017996F,0x001798A8,0x0017996F,0x1798A8,0x17996F,,,0x00EC96D0,0x00EC9797,17672,17672,200,,,,rank_data_lead,UNRESOLVED_STAGE_3,UNRESOLVED_STAGE_3,LAYOUT-001;LAYOUT-002,High-layout/Lead-semantics,"SLUS file columns are blank because this is disc data loaded into RAM, not executable-backed static data."
opponent_31_tail,0x80179970,0x801799D7,0x00179970,0x001799D7,0x179970,0x1799D7,,,0x00EC9798,0x00EC97FF,17672,17672,104,,,,unknown_tail,UNRESOLVED_STAGE_3,UNRESOLVED_STAGE_3,LAYOUT-001;LAYOUT-002,High-layout/Lead-semantics,"SLUS file columns are blank because this is disc data loaded into RAM, not executable-backed static data."
opponent_32_record,0x801781D8,0x801799D7,0x001781D8,0x001799D7,0x1781D8,0x1799D7,,,0x00EC9800,0x00ECAFFF,17673,17675,6144,,,,current_opponent_record_lead,UNRESOLVED_STAGE_3,UNRESOLVED_STAGE_3,LAYOUT-001;LAYOUT-002,High-layout/Lead-semantics,"SLUS file columns are blank because this is disc data loaded into RAM, not executable-backed static data."
opponent_32_array_0,0x801781D8,0x8017877B,0x001781D8,0x0017877B,0x1781D8,0x17877B,,,0x00EC9800,0x00EC9DA3,17673,17673,1444,2,722,1460,deck_weights_lead,UNRESOLVED_STAGE_3,UNRESOLVED_STAGE_3,LAYOUT-001;LAYOUT-002,High-layout/Lead-semantics,"SLUS file columns are blank because this is disc data loaded into RAM, not executable-backed static data."
opponent_32_gap_0,0x8017877C,0x8017878B,0x0017877C,0x0017878B,0x17877C,0x17878B,,,0x00EC9DA4,0x00EC9DB3,17673,17673,16,,,,alignment_or_unknown,UNRESOLVED_STAGE_3,UNRESOLVED_STAGE_3,LAYOUT-001;LAYOUT-002,High-layout/Lead-semantics,"SLUS file columns are blank because this is disc data loaded into RAM, not executable-backed static data."
opponent_32_array_1,0x8017878C,0x80178D2F,0x0017878C,0x00178D2F,0x17878C,0x178D2F,,,0x00EC9DB4,0x00ECA357,17673,17674,1444,2,722,1460,sa_pow_weights_lead,UNRESOLVED_STAGE_3,UNRESOLVED_STAGE_3,LAYOUT-001;LAYOUT-002,High-layout/Lead-semantics,"SLUS file columns are blank because this is disc data loaded into RAM, not executable-backed static data."
opponent_32_gap_1,0x80178D30,0x80178D3F,0x00178D30,0x00178D3F,0x178D30,0x178D3F,,,0x00ECA358,0x00ECA367,17674,17674,16,,,,alignment_or_unknown,UNRESOLVED_STAGE_3,UNRESOLVED_STAGE_3,LAYOUT-001;LAYOUT-002,High-layout/Lead-semantics,"SLUS file columns are blank because this is disc data loaded into RAM, not executable-backed static data."
opponent_32_array_2,0x80178D40,0x801792E3,0x00178D40,0x001792E3,0x178D40,0x1792E3,,,0x00ECA368,0x00ECA90B,17674,17675,1444,2,722,1460,bcd_weights_lead,UNRESOLVED_STAGE_3,UNRESOLVED_STAGE_3,LAYOUT-001;LAYOUT-002,High-layout/Lead-semantics,"SLUS file columns are blank because this is disc data loaded into RAM, not executable-backed static data."
opponent_32_gap_2,0x801792E4,0x801792F3,0x001792E4,0x001792F3,0x1792E4,0x1792F3,,,0x00ECA90C,0x00ECA91B,17675,17675,16,,,,alignment_or_unknown,UNRESOLVED_STAGE_3,UNRESOLVED_STAGE_3,LAYOUT-001;LAYOUT-002,High-layout/Lead-semantics,"SLUS file columns are blank because this is disc data loaded into RAM, not executable-backed static data."
opponent_32_array_3,0x801792F4,0x80179897,0x001792F4,0x00179897,0x1792F4,0x179897,,,0x00ECA91C,0x00ECAEBF,17675,17675,1444,2,722,1460,sa_tec_weights_lead,UNRESOLVED_STAGE_3,UNRESOLVED_STAGE_3,LAYOUT-001;LAYOUT-002,High-layout/Lead-semantics,"SLUS file columns are blank because this is disc data loaded into RAM, not executable-backed static data."
opponent_32_gap_3,0x80179898,0x801798A7,0x00179898,0x001798A7,0x179898,0x1798A7,,,0x00ECAEC0,0x00ECAECF,17675,17675,16,,,,alignment_or_unknown,UNRESOLVED_STAGE_3,UNRESOLVED_STAGE_3,LAYOUT-001;LAYOUT-002,High-layout/Lead-semantics,"SLUS file columns are blank because this is disc data loaded into RAM, not executable-backed static data."
opponent_32_rank_candidate,0x801798A8,0x8017996F,0x001798A8,0x0017996F,0x1798A8,0x17996F,,,0x00ECAED0,0x00ECAF97,17675,17675,200,,,,rank_data_lead,UNRESOLVED_STAGE_3,UNRESOLVED_STAGE_3,LAYOUT-001;LAYOUT-002,High-layout/Lead-semantics,"SLUS file columns are blank because this is disc data loaded into RAM, not executable-backed static data."
opponent_32_tail,0x80179970,0x801799D7,0x00179970,0x001799D7,0x179970,0x1799D7,,,0x00ECAF98,0x00ECAFFF,17675,17675,104,,,,unknown_tail,UNRESOLVED_STAGE_3,UNRESOLVED_STAGE_3,LAYOUT-001;LAYOUT-002,High-layout/Lead-semantics,"SLUS file columns are blank because this is disc data loaded into RAM, not executable-backed static data."
opponent_33_record,0x801781D8,0x801799D7,0x001781D8,0x001799D7,0x1781D8,0x1799D7,,,0x00ECB000,0x00ECC7FF,17676,17678,6144,,,,current_opponent_record_lead,UNRESOLVED_STAGE_3,UNRESOLVED_STAGE_3,LAYOUT-001;LAYOUT-002,High-layout/Lead-semantics,"SLUS file columns are blank because this is disc data loaded into RAM, not executable-backed static data."
opponent_33_array_0,0x801781D8,0x8017877B,0x001781D8,0x0017877B,0x1781D8,0x17877B,,,0x00ECB000,0x00ECB5A3,17676,17676,1444,2,722,1460,deck_weights_lead,UNRESOLVED_STAGE_3,UNRESOLVED_STAGE_3,LAYOUT-001;LAYOUT-002,High-layout/Lead-semantics,"SLUS file columns are blank because this is disc data loaded into RAM, not executable-backed static data."
opponent_33_gap_0,0x8017877C,0x8017878B,0x0017877C,0x0017878B,0x17877C,0x17878B,,,0x00ECB5A4,0x00ECB5B3,17676,17676,16,,,,alignment_or_unknown,UNRESOLVED_STAGE_3,UNRESOLVED_STAGE_3,LAYOUT-001;LAYOUT-002,High-layout/Lead-semantics,"SLUS file columns are blank because this is disc data loaded into RAM, not executable-backed static data."
opponent_33_array_1,0x8017878C,0x80178D2F,0x0017878C,0x00178D2F,0x17878C,0x178D2F,,,0x00ECB5B4,0x00ECBB57,17676,17677,1444,2,722,1460,sa_pow_weights_lead,UNRESOLVED_STAGE_3,UNRESOLVED_STAGE_3,LAYOUT-001;LAYOUT-002,High-layout/Lead-semantics,"SLUS file columns are blank because this is disc data loaded into RAM, not executable-backed static data."
opponent_33_gap_1,0x80178D30,0x80178D3F,0x00178D30,0x00178D3F,0x178D30,0x178D3F,,,0x00ECBB58,0x00ECBB67,17677,17677,16,,,,alignment_or_unknown,UNRESOLVED_STAGE_3,UNRESOLVED_STAGE_3,LAYOUT-001;LAYOUT-002,High-layout/Lead-semantics,"SLUS file columns are blank because this is disc data loaded into RAM, not executable-backed static data."
opponent_33_array_2,0x80178D40,0x801792E3,0x00178D40,0x001792E3,0x178D40,0x1792E3,,,0x00ECBB68,0x00ECC10B,17677,17678,1444,2,722,1460,bcd_weights_lead,UNRESOLVED_STAGE_3,UNRESOLVED_STAGE_3,LAYOUT-001;LAYOUT-002,High-layout/Lead-semantics,"SLUS file columns are blank because this is disc data loaded into RAM, not executable-backed static data."
opponent_33_gap_2,0x801792E4,0x801792F3,0x001792E4,0x001792F3,0x1792E4,0x1792F3,,,0x00ECC10C,0x00ECC11B,17678,17678,16,,,,alignment_or_unknown,UNRESOLVED_STAGE_3,UNRESOLVED_STAGE_3,LAYOUT-001;LAYOUT-002,High-layout/Lead-semantics,"SLUS file columns are blank because this is disc data loaded into RAM, not executable-backed static data."
opponent_33_array_3,0x801792F4,0x80179897,0x001792F4,0x00179897,0x1792F4,0x179897,,,0x00ECC11C,0x00ECC6BF,17678,17678,1444,2,722,1460,sa_tec_weights_lead,UNRESOLVED_STAGE_3,UNRESOLVED_STAGE_3,LAYOUT-001;LAYOUT-002,High-layout/Lead-semantics,"SLUS file columns are blank because this is disc data loaded into RAM, not executable-backed static data."
opponent_33_gap_3,0x80179898,0x801798A7,0x00179898,0x001798A7,0x179898,0x1798A7,,,0x00ECC6C0,0x00ECC6CF,17678,17678,16,,,,alignment_or_unknown,UNRESOLVED_STAGE_3,UNRESOLVED_STAGE_3,LAYOUT-001;LAYOUT-002,High-layout/Lead-semantics,"SLUS file columns are blank because this is disc data loaded into RAM, not executable-backed static data."
opponent_33_rank_candidate,0x801798A8,0x8017996F,0x001798A8,0x0017996F,0x1798A8,0x17996F,,,0x00ECC6D0,0x00ECC797,17678,17678,200,,,,rank_data_lead,UNRESOLVED_STAGE_3,UNRESOLVED_STAGE_3,LAYOUT-001;LAYOUT-002,High-layout/Lead-semantics,"SLUS file columns are blank because this is disc data loaded into RAM, not executable-backed static data."
opponent_33_tail,0x80179970,0x801799D7,0x00179970,0x001799D7,0x179970,0x1799D7,,,0x00ECC798,0x00ECC7FF,17678,17678,104,,,,unknown_tail,UNRESOLVED_STAGE_3,UNRESOLVED_STAGE_3,LAYOUT-001;LAYOUT-002,High-layout/Lead-semantics,"SLUS file columns are blank because this is disc data loaded into RAM, not executable-backed static data."
opponent_34_record,0x801781D8,0x801799D7,0x001781D8,0x001799D7,0x1781D8,0x1799D7,,,0x00ECC800,0x00ECDFFF,17679,17681,6144,,,,current_opponent_record_lead,UNRESOLVED_STAGE_3,UNRESOLVED_STAGE_3,LAYOUT-001;LAYOUT-002,High-layout/Lead-semantics,"SLUS file columns are blank because this is disc data loaded into RAM, not executable-backed static data."
opponent_34_array_0,0x801781D8,0x8017877B,0x001781D8,0x0017877B,0x1781D8,0x17877B,,,0x00ECC800,0x00ECCDA3,17679,17679,1444,2,722,1460,deck_weights_lead,UNRESOLVED_STAGE_3,UNRESOLVED_STAGE_3,LAYOUT-001;LAYOUT-002,High-layout/Lead-semantics,"SLUS file columns are blank because this is disc data loaded into RAM, not executable-backed static data."
opponent_34_gap_0,0x8017877C,0x8017878B,0x0017877C,0x0017878B,0x17877C,0x17878B,,,0x00ECCDA4,0x00ECCDB3,17679,17679,16,,,,alignment_or_unknown,UNRESOLVED_STAGE_3,UNRESOLVED_STAGE_3,LAYOUT-001;LAYOUT-002,High-layout/Lead-semantics,"SLUS file columns are blank because this is disc data loaded into RAM, not executable-backed static data."
opponent_34_array_1,0x8017878C,0x80178D2F,0x0017878C,0x00178D2F,0x17878C,0x178D2F,,,0x00ECCDB4,0x00ECD357,17679,17680,1444,2,722,1460,sa_pow_weights_lead,UNRESOLVED_STAGE_3,UNRESOLVED_STAGE_3,LAYOUT-001;LAYOUT-002,High-layout/Lead-semantics,"SLUS file columns are blank because this is disc data loaded into RAM, not executable-backed static data."
opponent_34_gap_1,0x80178D30,0x80178D3F,0x00178D30,0x00178D3F,0x178D30,0x178D3F,,,0x00ECD358,0x00ECD367,17680,17680,16,,,,alignment_or_unknown,UNRESOLVED_STAGE_3,UNRESOLVED_STAGE_3,LAYOUT-001;LAYOUT-002,High-layout/Lead-semantics,"SLUS file columns are blank because this is disc data loaded into RAM, not executable-backed static data."
opponent_34_array_2,0x80178D40,0x801792E3,0x00178D40,0x001792E3,0x178D40,0x1792E3,,,0x00ECD368,0x00ECD90B,17680,17681,1444,2,722,1460,bcd_weights_lead,UNRESOLVED_STAGE_3,UNRESOLVED_STAGE_3,LAYOUT-001;LAYOUT-002,High-layout/Lead-semantics,"SLUS file columns are blank because this is disc data loaded into RAM, not executable-backed static data."
opponent_34_gap_2,0x801792E4,0x801792F3,0x001792E4,0x001792F3,0x1792E4,0x1792F3,,,0x00ECD90C,0x00ECD91B,17681,17681,16,,,,alignment_or_unknown,UNRESOLVED_STAGE_3,UNRESOLVED_STAGE_3,LAYOUT-001;LAYOUT-002,High-layout/Lead-semantics,"SLUS file columns are blank because this is disc data loaded into RAM, not executable-backed static data."
opponent_34_array_3,0x801792F4,0x80179897,0x001792F4,0x00179897,0x1792F4,0x179897,,,0x00ECD91C,0x00ECDEBF,17681,17681,1444,2,722,1460,sa_tec_weights_lead,UNRESOLVED_STAGE_3,UNRESOLVED_STAGE_3,LAYOUT-001;LAYOUT-002,High-layout/Lead-semantics,"SLUS file columns are blank because this is disc data loaded into RAM, not executable-backed static data."
opponent_34_gap_3,0x80179898,0x801798A7,0x00179898,0x001798A7,0x179898,0x1798A7,,,0x00ECDEC0,0x00ECDECF,17681,17681,16,,,,alignment_or_unknown,UNRESOLVED_STAGE_3,UNRESOLVED_STAGE_3,LAYOUT-001;LAYOUT-002,High-layout/Lead-semantics,"SLUS file columns are blank because this is disc data loaded into RAM, not executable-backed static data."
opponent_34_rank_candidate,0x801798A8,0x8017996F,0x001798A8,0x0017996F,0x1798A8,0x17996F,,,0x00ECDED0,0x00ECDF97,17681,17681,200,,,,rank_data_lead,UNRESOLVED_STAGE_3,UNRESOLVED_STAGE_3,LAYOUT-001;LAYOUT-002,High-layout/Lead-semantics,"SLUS file columns are blank because this is disc data loaded into RAM, not executable-backed static data."
opponent_34_tail,0x80179970,0x801799D7,0x00179970,0x001799D7,0x179970,0x1799D7,,,0x00ECDF98,0x00ECDFFF,17681,17681,104,,,,unknown_tail,UNRESOLVED_STAGE_3,UNRESOLVED_STAGE_3,LAYOUT-001;LAYOUT-002,High-layout/Lead-semantics,"SLUS file columns are blank because this is disc data loaded into RAM, not executable-backed static data."
opponent_35_record,0x801781D8,0x801799D7,0x001781D8,0x001799D7,0x1781D8,0x1799D7,,,0x00ECE000,0x00ECF7FF,17682,17684,6144,,,,current_opponent_record_lead,UNRESOLVED_STAGE_3,UNRESOLVED_STAGE_3,LAYOUT-001;LAYOUT-002,High-layout/Lead-semantics,"SLUS file columns are blank because this is disc data loaded into RAM, not executable-backed static data."
opponent_35_array_0,0x801781D8,0x8017877B,0x001781D8,0x0017877B,0x1781D8,0x17877B,,,0x00ECE000,0x00ECE5A3,17682,17682,1444,2,722,1460,deck_weights_lead,UNRESOLVED_STAGE_3,UNRESOLVED_STAGE_3,LAYOUT-001;LAYOUT-002,High-layout/Lead-semantics,"SLUS file columns are blank because this is disc data loaded into RAM, not executable-backed static data."
opponent_35_gap_0,0x8017877C,0x8017878B,0x0017877C,0x0017878B,0x17877C,0x17878B,,,0x00ECE5A4,0x00ECE5B3,17682,17682,16,,,,alignment_or_unknown,UNRESOLVED_STAGE_3,UNRESOLVED_STAGE_3,LAYOUT-001;LAYOUT-002,High-layout/Lead-semantics,"SLUS file columns are blank because this is disc data loaded into RAM, not executable-backed static data."
opponent_35_array_1,0x8017878C,0x80178D2F,0x0017878C,0x00178D2F,0x17878C,0x178D2F,,,0x00ECE5B4,0x00ECEB57,17682,17683,1444,2,722,1460,sa_pow_weights_lead,UNRESOLVED_STAGE_3,UNRESOLVED_STAGE_3,LAYOUT-001;LAYOUT-002,High-layout/Lead-semantics,"SLUS file columns are blank because this is disc data loaded into RAM, not executable-backed static data."
opponent_35_gap_1,0x80178D30,0x80178D3F,0x00178D30,0x00178D3F,0x178D30,0x178D3F,,,0x00ECEB58,0x00ECEB67,17683,17683,16,,,,alignment_or_unknown,UNRESOLVED_STAGE_3,UNRESOLVED_STAGE_3,LAYOUT-001;LAYOUT-002,High-layout/Lead-semantics,"SLUS file columns are blank because this is disc data loaded into RAM, not executable-backed static data."
opponent_35_array_2,0x80178D40,0x801792E3,0x00178D40,0x001792E3,0x178D40,0x1792E3,,,0x00ECEB68,0x00ECF10B,17683,17684,1444,2,722,1460,bcd_weights_lead,UNRESOLVED_STAGE_3,UNRESOLVED_STAGE_3,LAYOUT-001;LAYOUT-002,High-layout/Lead-semantics,"SLUS file columns are blank because this is disc data loaded into RAM, not executable-backed static data."
opponent_35_gap_2,0x801792E4,0x801792F3,0x001792E4,0x001792F3,0x1792E4,0x1792F3,,,0x00ECF10C,0x00ECF11B,17684,17684,16,,,,alignment_or_unknown,UNRESOLVED_STAGE_3,UNRESOLVED_STAGE_3,LAYOUT-001;LAYOUT-002,High-layout/Lead-semantics,"SLUS file columns are blank because this is disc data loaded into RAM, not executable-backed static data."
opponent_35_array_3,0x801792F4,0x80179897,0x001792F4,0x00179897,0x1792F4,0x179897,,,0x00ECF11C,0x00ECF6BF,17684,17684,1444,2,722,1460,sa_tec_weights_lead,UNRESOLVED_STAGE_3,UNRESOLVED_STAGE_3,LAYOUT-001;LAYOUT-002,High-layout/Lead-semantics,"SLUS file columns are blank because this is disc data loaded into RAM, not executable-backed static data."
opponent_35_gap_3,0x80179898,0x801798A7,0x00179898,0x001798A7,0x179898,0x1798A7,,,0x00ECF6C0,0x00ECF6CF,17684,17684,16,,,,alignment_or_unknown,UNRESOLVED_STAGE_3,UNRESOLVED_STAGE_3,LAYOUT-001;LAYOUT-002,High-layout/Lead-semantics,"SLUS file columns are blank because this is disc data loaded into RAM, not executable-backed static data."
opponent_35_rank_candidate,0x801798A8,0x8017996F,0x001798A8,0x0017996F,0x1798A8,0x17996F,,,0x00ECF6D0,0x00ECF797,17684,17684,200,,,,rank_data_lead,UNRESOLVED_STAGE_3,UNRESOLVED_STAGE_3,LAYOUT-001;LAYOUT-002,High-layout/Lead-semantics,"SLUS file columns are blank because this is disc data loaded into RAM, not executable-backed static data."
opponent_35_tail,0x80179970,0x801799D7,0x00179970,0x001799D7,0x179970,0x1799D7,,,0x00ECF798,0x00ECF7FF,17684,17684,104,,,,unknown_tail,UNRESOLVED_STAGE_3,UNRESOLVED_STAGE_3,LAYOUT-001;LAYOUT-002,High-layout/Lead-semantics,"SLUS file columns are blank because this is disc data loaded into RAM, not executable-backed static data."
opponent_36_record,0x801781D8,0x801799D7,0x001781D8,0x001799D7,0x1781D8,0x1799D7,,,0x00ECF800,0x00ED0FFF,17685,17687,6144,,,,current_opponent_record_lead,UNRESOLVED_STAGE_3,UNRESOLVED_STAGE_3,LAYOUT-001;LAYOUT-002,High-layout/Lead-semantics,"SLUS file columns are blank because this is disc data loaded into RAM, not executable-backed static data."
opponent_36_array_0,0x801781D8,0x8017877B,0x001781D8,0x0017877B,0x1781D8,0x17877B,,,0x00ECF800,0x00ECFDA3,17685,17685,1444,2,722,1460,deck_weights_lead,UNRESOLVED_STAGE_3,UNRESOLVED_STAGE_3,LAYOUT-001;LAYOUT-002,High-layout/Lead-semantics,"SLUS file columns are blank because this is disc data loaded into RAM, not executable-backed static data."
opponent_36_gap_0,0x8017877C,0x8017878B,0x0017877C,0x0017878B,0x17877C,0x17878B,,,0x00ECFDA4,0x00ECFDB3,17685,17685,16,,,,alignment_or_unknown,UNRESOLVED_STAGE_3,UNRESOLVED_STAGE_3,LAYOUT-001;LAYOUT-002,High-layout/Lead-semantics,"SLUS file columns are blank because this is disc data loaded into RAM, not executable-backed static data."
opponent_36_array_1,0x8017878C,0x80178D2F,0x0017878C,0x00178D2F,0x17878C,0x178D2F,,,0x00ECFDB4,0x00ED0357,17685,17686,1444,2,722,1460,sa_pow_weights_lead,UNRESOLVED_STAGE_3,UNRESOLVED_STAGE_3,LAYOUT-001;LAYOUT-002,High-layout/Lead-semantics,"SLUS file columns are blank because this is disc data loaded into RAM, not executable-backed static data."
opponent_36_gap_1,0x80178D30,0x80178D3F,0x00178D30,0x00178D3F,0x178D30,0x178D3F,,,0x00ED0358,0x00ED0367,17686,17686,16,,,,alignment_or_unknown,UNRESOLVED_STAGE_3,UNRESOLVED_STAGE_3,LAYOUT-001;LAYOUT-002,High-layout/Lead-semantics,"SLUS file columns are blank because this is disc data loaded into RAM, not executable-backed static data."
opponent_36_array_2,0x80178D40,0x801792E3,0x00178D40,0x001792E3,0x178D40,0x1792E3,,,0x00ED0368,0x00ED090B,17686,17687,1444,2,722,1460,bcd_weights_lead,UNRESOLVED_STAGE_3,UNRESOLVED_STAGE_3,LAYOUT-001;LAYOUT-002,High-layout/Lead-semantics,"SLUS file columns are blank because this is disc data loaded into RAM, not executable-backed static data."
opponent_36_gap_2,0x801792E4,0x801792F3,0x001792E4,0x001792F3,0x1792E4,0x1792F3,,,0x00ED090C,0x00ED091B,17687,17687,16,,,,alignment_or_unknown,UNRESOLVED_STAGE_3,UNRESOLVED_STAGE_3,LAYOUT-001;LAYOUT-002,High-layout/Lead-semantics,"SLUS file columns are blank because this is disc data loaded into RAM, not executable-backed static data."
opponent_36_array_3,0x801792F4,0x80179897,0x001792F4,0x00179897,0x1792F4,0x179897,,,0x00ED091C,0x00ED0EBF,17687,17687,1444,2,722,1460,sa_tec_weights_lead,UNRESOLVED_STAGE_3,UNRESOLVED_STAGE_3,LAYOUT-001;LAYOUT-002,High-layout/Lead-semantics,"SLUS file columns are blank because this is disc data loaded into RAM, not executable-backed static data."
opponent_36_gap_3,0x80179898,0x801798A7,0x00179898,0x001798A7,0x179898,0x1798A7,,,0x00ED0EC0,0x00ED0ECF,17687,17687,16,,,,alignment_or_unknown,UNRESOLVED_STAGE_3,UNRESOLVED_STAGE_3,LAYOUT-001;LAYOUT-002,High-layout/Lead-semantics,"SLUS file columns are blank because this is disc data loaded into RAM, not executable-backed static data."
opponent_36_rank_candidate,0x801798A8,0x8017996F,0x001798A8,0x0017996F,0x1798A8,0x17996F,,,0x00ED0ED0,0x00ED0F97,17687,17687,200,,,,rank_data_lead,UNRESOLVED_STAGE_3,UNRESOLVED_STAGE_3,LAYOUT-001;LAYOUT-002,High-layout/Lead-semantics,"SLUS file columns are blank because this is disc data loaded into RAM, not executable-backed static data."
opponent_36_tail,0x80179970,0x801799D7,0x00179970,0x001799D7,0x179970,0x1799D7,,,0x00ED0F98,0x00ED0FFF,17687,17687,104,,,,unknown_tail,UNRESOLVED_STAGE_3,UNRESOLVED_STAGE_3,LAYOUT-001;LAYOUT-002,High-layout/Lead-semantics,"SLUS file columns are blank because this is disc data loaded into RAM, not executable-backed static data."
opponent_37_record,0x801781D8,0x801799D7,0x001781D8,0x001799D7,0x1781D8,0x1799D7,,,0x00ED1000,0x00ED27FF,17688,17690,6144,,,,current_opponent_record_lead,UNRESOLVED_STAGE_3,UNRESOLVED_STAGE_3,LAYOUT-001;LAYOUT-002,High-layout/Lead-semantics,"SLUS file columns are blank because this is disc data loaded into RAM, not executable-backed static data."
opponent_37_array_0,0x801781D8,0x8017877B,0x001781D8,0x0017877B,0x1781D8,0x17877B,,,0x00ED1000,0x00ED15A3,17688,17688,1444,2,722,1460,deck_weights_lead,UNRESOLVED_STAGE_3,UNRESOLVED_STAGE_3,LAYOUT-001;LAYOUT-002,High-layout/Lead-semantics,"SLUS file columns are blank because this is disc data loaded into RAM, not executable-backed static data."
opponent_37_gap_0,0x8017877C,0x8017878B,0x0017877C,0x0017878B,0x17877C,0x17878B,,,0x00ED15A4,0x00ED15B3,17688,17688,16,,,,alignment_or_unknown,UNRESOLVED_STAGE_3,UNRESOLVED_STAGE_3,LAYOUT-001;LAYOUT-002,High-layout/Lead-semantics,"SLUS file columns are blank because this is disc data loaded into RAM, not executable-backed static data."
opponent_37_array_1,0x8017878C,0x80178D2F,0x0017878C,0x00178D2F,0x17878C,0x178D2F,,,0x00ED15B4,0x00ED1B57,17688,17689,1444,2,722,1460,sa_pow_weights_lead,UNRESOLVED_STAGE_3,UNRESOLVED_STAGE_3,LAYOUT-001;LAYOUT-002,High-layout/Lead-semantics,"SLUS file columns are blank because this is disc data loaded into RAM, not executable-backed static data."
opponent_37_gap_1,0x80178D30,0x80178D3F,0x00178D30,0x00178D3F,0x178D30,0x178D3F,,,0x00ED1B58,0x00ED1B67,17689,17689,16,,,,alignment_or_unknown,UNRESOLVED_STAGE_3,UNRESOLVED_STAGE_3,LAYOUT-001;LAYOUT-002,High-layout/Lead-semantics,"SLUS file columns are blank because this is disc data loaded into RAM, not executable-backed static data."
opponent_37_array_2,0x80178D40,0x801792E3,0x00178D40,0x001792E3,0x178D40,0x1792E3,,,0x00ED1B68,0x00ED210B,17689,17690,1444,2,722,1460,bcd_weights_lead,UNRESOLVED_STAGE_3,UNRESOLVED_STAGE_3,LAYOUT-001;LAYOUT-002,High-layout/Lead-semantics,"SLUS file columns are blank because this is disc data loaded into RAM, not executable-backed static data."
opponent_37_gap_2,0x801792E4,0x801792F3,0x001792E4,0x001792F3,0x1792E4,0x1792F3,,,0x00ED210C,0x00ED211B,17690,17690,16,,,,alignment_or_unknown,UNRESOLVED_STAGE_3,UNRESOLVED_STAGE_3,LAYOUT-001;LAYOUT-002,High-layout/Lead-semantics,"SLUS file columns are blank because this is disc data loaded into RAM, not executable-backed static data."
opponent_37_array_3,0x801792F4,0x80179897,0x001792F4,0x00179897,0x1792F4,0x179897,,,0x00ED211C,0x00ED26BF,17690,17690,1444,2,722,1460,sa_tec_weights_lead,UNRESOLVED_STAGE_3,UNRESOLVED_STAGE_3,LAYOUT-001;LAYOUT-002,High-layout/Lead-semantics,"SLUS file columns are blank because this is disc data loaded into RAM, not executable-backed static data."
opponent_37_gap_3,0x80179898,0x801798A7,0x00179898,0x001798A7,0x179898,0x1798A7,,,0x00ED26C0,0x00ED26CF,17690,17690,16,,,,alignment_or_unknown,UNRESOLVED_STAGE_3,UNRESOLVED_STAGE_3,LAYOUT-001;LAYOUT-002,High-layout/Lead-semantics,"SLUS file columns are blank because this is disc data loaded into RAM, not executable-backed static data."
opponent_37_rank_candidate,0x801798A8,0x8017996F,0x001798A8,0x0017996F,0x1798A8,0x17996F,,,0x00ED26D0,0x00ED2797,17690,17690,200,,,,rank_data_lead,UNRESOLVED_STAGE_3,UNRESOLVED_STAGE_3,LAYOUT-001;LAYOUT-002,High-layout/Lead-semantics,"SLUS file columns are blank because this is disc data loaded into RAM, not executable-backed static data."
opponent_37_tail,0x80179970,0x801799D7,0x00179970,0x001799D7,0x179970,0x1799D7,,,0x00ED2798,0x00ED27FF,17690,17690,104,,,,unknown_tail,UNRESOLVED_STAGE_3,UNRESOLVED_STAGE_3,LAYOUT-001;LAYOUT-002,High-layout/Lead-semantics,"SLUS file columns are blank because this is disc data loaded into RAM, not executable-backed static data."
opponent_38_record,0x801781D8,0x801799D7,0x001781D8,0x001799D7,0x1781D8,0x1799D7,,,0x00ED2800,0x00ED3FFF,17691,17693,6144,,,,current_opponent_record_lead,UNRESOLVED_STAGE_3,UNRESOLVED_STAGE_3,LAYOUT-001;LAYOUT-002,High-layout/Lead-semantics,"SLUS file columns are blank because this is disc data loaded into RAM, not executable-backed static data."
opponent_38_array_0,0x801781D8,0x8017877B,0x001781D8,0x0017877B,0x1781D8,0x17877B,,,0x00ED2800,0x00ED2DA3,17691,17691,1444,2,722,1460,deck_weights_lead,UNRESOLVED_STAGE_3,UNRESOLVED_STAGE_3,LAYOUT-001;LAYOUT-002,High-layout/Lead-semantics,"SLUS file columns are blank because this is disc data loaded into RAM, not executable-backed static data."
opponent_38_gap_0,0x8017877C,0x8017878B,0x0017877C,0x0017878B,0x17877C,0x17878B,,,0x00ED2DA4,0x00ED2DB3,17691,17691,16,,,,alignment_or_unknown,UNRESOLVED_STAGE_3,UNRESOLVED_STAGE_3,LAYOUT-001;LAYOUT-002,High-layout/Lead-semantics,"SLUS file columns are blank because this is disc data loaded into RAM, not executable-backed static data."
opponent_38_array_1,0x8017878C,0x80178D2F,0x0017878C,0x00178D2F,0x17878C,0x178D2F,,,0x00ED2DB4,0x00ED3357,17691,17692,1444,2,722,1460,sa_pow_weights_lead,UNRESOLVED_STAGE_3,UNRESOLVED_STAGE_3,LAYOUT-001;LAYOUT-002,High-layout/Lead-semantics,"SLUS file columns are blank because this is disc data loaded into RAM, not executable-backed static data."
opponent_38_gap_1,0x80178D30,0x80178D3F,0x00178D30,0x00178D3F,0x178D30,0x178D3F,,,0x00ED3358,0x00ED3367,17692,17692,16,,,,alignment_or_unknown,UNRESOLVED_STAGE_3,UNRESOLVED_STAGE_3,LAYOUT-001;LAYOUT-002,High-layout/Lead-semantics,"SLUS file columns are blank because this is disc data loaded into RAM, not executable-backed static data."
opponent_38_array_2,0x80178D40,0x801792E3,0x00178D40,0x001792E3,0x178D40,0x1792E3,,,0x00ED3368,0x00ED390B,17692,17693,1444,2,722,1460,bcd_weights_lead,UNRESOLVED_STAGE_3,UNRESOLVED_STAGE_3,LAYOUT-001;LAYOUT-002,High-layout/Lead-semantics,"SLUS file columns are blank because this is disc data loaded into RAM, not executable-backed static data."
opponent_38_gap_2,0x801792E4,0x801792F3,0x001792E4,0x001792F3,0x1792E4,0x1792F3,,,0x00ED390C,0x00ED391B,17693,17693,16,,,,alignment_or_unknown,UNRESOLVED_STAGE_3,UNRESOLVED_STAGE_3,LAYOUT-001;LAYOUT-002,High-layout/Lead-semantics,"SLUS file columns are blank because this is disc data loaded into RAM, not executable-backed static data."
opponent_38_array_3,0x801792F4,0x80179897,0x001792F4,0x00179897,0x1792F4,0x179897,,,0x00ED391C,0x00ED3EBF,17693,17693,1444,2,722,1460,sa_tec_weights_lead,UNRESOLVED_STAGE_3,UNRESOLVED_STAGE_3,LAYOUT-001;LAYOUT-002,High-layout/Lead-semantics,"SLUS file columns are blank because this is disc data loaded into RAM, not executable-backed static data."
opponent_38_gap_3,0x80179898,0x801798A7,0x00179898,0x001798A7,0x179898,0x1798A7,,,0x00ED3EC0,0x00ED3ECF,17693,17693,16,,,,alignment_or_unknown,UNRESOLVED_STAGE_3,UNRESOLVED_STAGE_3,LAYOUT-001;LAYOUT-002,High-layout/Lead-semantics,"SLUS file columns are blank because this is disc data loaded into RAM, not executable-backed static data."
opponent_38_rank_candidate,0x801798A8,0x8017996F,0x001798A8,0x0017996F,0x1798A8,0x17996F,,,0x00ED3ED0,0x00ED3F97,17693,17693,200,,,,rank_data_lead,UNRESOLVED_STAGE_3,UNRESOLVED_STAGE_3,LAYOUT-001;LAYOUT-002,High-layout/Lead-semantics,"SLUS file columns are blank because this is disc data loaded into RAM, not executable-backed static data."
opponent_38_tail,0x80179970,0x801799D7,0x00179970,0x001799D7,0x179970,0x1799D7,,,0x00ED3F98,0x00ED3FFF,17693,17693,104,,,,unknown_tail,UNRESOLVED_STAGE_3,UNRESOLVED_STAGE_3,LAYOUT-001;LAYOUT-002,High-layout/Lead-semantics,"SLUS file columns are blank because this is disc data loaded into RAM, not executable-backed static data."
opponent_39_record,0x801781D8,0x801799D7,0x001781D8,0x001799D7,0x1781D8,0x1799D7,,,0x00ED4000,0x00ED57FF,17694,17696,6144,,,,current_opponent_record_lead,UNRESOLVED_STAGE_3,UNRESOLVED_STAGE_3,LAYOUT-001;LAYOUT-002,High-layout/Lead-semantics,"SLUS file columns are blank because this is disc data loaded into RAM, not executable-backed static data."
opponent_39_array_0,0x801781D8,0x8017877B,0x001781D8,0x0017877B,0x1781D8,0x17877B,,,0x00ED4000,0x00ED45A3,17694,17694,1444,2,722,1460,deck_weights_lead,UNRESOLVED_STAGE_3,UNRESOLVED_STAGE_3,LAYOUT-001;LAYOUT-002,High-layout/Lead-semantics,"SLUS file columns are blank because this is disc data loaded into RAM, not executable-backed static data."
opponent_39_gap_0,0x8017877C,0x8017878B,0x0017877C,0x0017878B,0x17877C,0x17878B,,,0x00ED45A4,0x00ED45B3,17694,17694,16,,,,alignment_or_unknown,UNRESOLVED_STAGE_3,UNRESOLVED_STAGE_3,LAYOUT-001;LAYOUT-002,High-layout/Lead-semantics,"SLUS file columns are blank because this is disc data loaded into RAM, not executable-backed static data."
opponent_39_array_1,0x8017878C,0x80178D2F,0x0017878C,0x00178D2F,0x17878C,0x178D2F,,,0x00ED45B4,0x00ED4B57,17694,17695,1444,2,722,1460,sa_pow_weights_lead,UNRESOLVED_STAGE_3,UNRESOLVED_STAGE_3,LAYOUT-001;LAYOUT-002,High-layout/Lead-semantics,"SLUS file columns are blank because this is disc data loaded into RAM, not executable-backed static data."
opponent_39_gap_1,0x80178D30,0x80178D3F,0x00178D30,0x00178D3F,0x178D30,0x178D3F,,,0x00ED4B58,0x00ED4B67,17695,17695,16,,,,alignment_or_unknown,UNRESOLVED_STAGE_3,UNRESOLVED_STAGE_3,LAYOUT-001;LAYOUT-002,High-layout/Lead-semantics,"SLUS file columns are blank because this is disc data loaded into RAM, not executable-backed static data."
opponent_39_array_2,0x80178D40,0x801792E3,0x00178D40,0x001792E3,0x178D40,0x1792E3,,,0x00ED4B68,0x00ED510B,17695,17696,1444,2,722,1460,bcd_weights_lead,UNRESOLVED_STAGE_3,UNRESOLVED_STAGE_3,LAYOUT-001;LAYOUT-002,High-layout/Lead-semantics,"SLUS file columns are blank because this is disc data loaded into RAM, not executable-backed static data."
opponent_39_gap_2,0x801792E4,0x801792F3,0x001792E4,0x001792F3,0x1792E4,0x1792F3,,,0x00ED510C,0x00ED511B,17696,17696,16,,,,alignment_or_unknown,UNRESOLVED_STAGE_3,UNRESOLVED_STAGE_3,LAYOUT-001;LAYOUT-002,High-layout/Lead-semantics,"SLUS file columns are blank because this is disc data loaded into RAM, not executable-backed static data."
opponent_39_array_3,0x801792F4,0x80179897,0x001792F4,0x00179897,0x1792F4,0x179897,,,0x00ED511C,0x00ED56BF,17696,17696,1444,2,722,1460,sa_tec_weights_lead,UNRESOLVED_STAGE_3,UNRESOLVED_STAGE_3,LAYOUT-001;LAYOUT-002,High-layout/Lead-semantics,"SLUS file columns are blank because this is disc data loaded into RAM, not executable-backed static data."
opponent_39_gap_3,0x80179898,0x801798A7,0x00179898,0x001798A7,0x179898,0x1798A7,,,0x00ED56C0,0x00ED56CF,17696,17696,16,,,,alignment_or_unknown,UNRESOLVED_STAGE_3,UNRESOLVED_STAGE_3,LAYOUT-001;LAYOUT-002,High-layout/Lead-semantics,"SLUS file columns are blank because this is disc data loaded into RAM, not executable-backed static data."
opponent_39_rank_candidate,0x801798A8,0x8017996F,0x001798A8,0x0017996F,0x1798A8,0x17996F,,,0x00ED56D0,0x00ED5797,17696,17696,200,,,,rank_data_lead,UNRESOLVED_STAGE_3,UNRESOLVED_STAGE_3,LAYOUT-001;LAYOUT-002,High-layout/Lead-semantics,"SLUS file columns are blank because this is disc data loaded into RAM, not executable-backed static data."
opponent_39_tail,0x80179970,0x801799D7,0x00179970,0x001799D7,0x179970,0x1799D7,,,0x00ED5798,0x00ED57FF,17696,17696,104,,,,unknown_tail,UNRESOLVED_STAGE_3,UNRESOLVED_STAGE_3,LAYOUT-001;LAYOUT-002,High-layout/Lead-semantics,"SLUS file columns are blank because this is disc data loaded into RAM, not executable-backed static data."
