window,cpu_address,file_offset,instruction_bytes_le,mnemonic,operands,input_sha256
request_geometry,0x80013940,0x00004140,100087ac,sw,"$a3, 0x10($a0)",84a54ed74f3d0edd6d81380839f7e4ef5bfb21ecea18be9a062bd6bfa5a45c88
request_geometry,0x80013944,0x00004144,0400e104,bgez,"$a3, 0x80013958",84a54ed74f3d0edd6d81380839f7e4ef5bfb21ecea18be9a062bd6bfa5a45c88
request_geometry,0x80013948,0x00004148,0f00a530,andi,"$a1, $a1, 0xf",84a54ed74f3d0edd6d81380839f7e4ef5bfb21ecea18be9a062bd6bfa5a45c88
request_geometry,0x8001394C,0x0000414C,c0120700,sll,"$v0, $a3, 0xb",84a54ed74f3d0edd6d81380839f7e4ef5bfb21ecea18be9a062bd6bfa5a45c88
request_geometry,0x80013950,0x00004150,23100200,negu,"$v0, $v0",84a54ed74f3d0edd6d81380839f7e4ef5bfb21ecea18be9a062bd6bfa5a45c88
request_geometry,0x80013954,0x00004154,100082ac,sw,"$v0, 0x10($a0)",84a54ed74f3d0edd6d81380839f7e4ef5bfb21ecea18be9a062bd6bfa5a45c88
request_geometry,0x80013958,0x00004158,0500c104,bgez,"$a2, 0x80013970",84a54ed74f3d0edd6d81380839f7e4ef5bfb21ecea18be9a062bd6bfa5a45c88
request_geometry,0x8001395C,0x0000415C,c0120600,sll,"$v0, $a2, 0xb",84a54ed74f3d0edd6d81380839f7e4ef5bfb21ecea18be9a062bd6bfa5a45c88
request_geometry,0x80013960,0x00004160,23100600,negu,"$v0, $a2",84a54ed74f3d0edd6d81380839f7e4ef5bfb21ecea18be9a062bd6bfa5a45c88
request_geometry,0x80013964,0x00004164,140080ac,sw,"$zero, 0x14($a0)",84a54ed74f3d0edd6d81380839f7e4ef5bfb21ecea18be9a062bd6bfa5a45c88
request_geometry,0x80013968,0x00004168,0800e003,jr,$ra,84a54ed74f3d0edd6d81380839f7e4ef5bfb21ecea18be9a062bd6bfa5a45c88
request_geometry,0x8001396C,0x0000416C,240082ac,sw,"$v0, 0x24($a0)",84a54ed74f3d0edd6d81380839f7e4ef5bfb21ecea18be9a062bd6bfa5a45c88
request_geometry,0x80013970,0x00004170,0f80033c,lui,"$v1, 0x800f",84a54ed74f3d0edd6d81380839f7e4ef5bfb21ecea18be9a062bd6bfa5a45c88
request_geometry,0x80013974,0x00004174,a89e6324,addiu,"$v1, $v1, -0x6158",84a54ed74f3d0edd6d81380839f7e4ef5bfb21ecea18be9a062bd6bfa5a45c88
request_geometry,0x80013978,0x00004178,140082ac,sw,"$v0, 0x14($a0)",84a54ed74f3d0edd6d81380839f7e4ef5bfb21ecea18be9a062bd6bfa5a45c88
request_geometry,0x8001397C,0x0000417C,80100500,sll,"$v0, $a1, 2",84a54ed74f3d0edd6d81380839f7e4ef5bfb21ecea18be9a062bd6bfa5a45c88
request_geometry,0x80013980,0x00004180,21104300,addu,"$v0, $v0, $v1",84a54ed74f3d0edd6d81380839f7e4ef5bfb21ecea18be9a062bd6bfa5a45c88
request_geometry,0x80013984,0x00004184,0000428c,lw,"$v0, ($v0)",84a54ed74f3d0edd6d81380839f7e4ef5bfb21ecea18be9a062bd6bfa5a45c88
request_geometry,0x80013988,0x00004188,00000000,nop,,84a54ed74f3d0edd6d81380839f7e4ef5bfb21ecea18be9a062bd6bfa5a45c88
request_geometry,0x8001398C,0x0000418C,21104600,addu,"$v0, $v0, $a2",84a54ed74f3d0edd6d81380839f7e4ef5bfb21ecea18be9a062bd6bfa5a45c88
request_geometry,0x80013990,0x00004190,0800e003,jr,$ra,84a54ed74f3d0edd6d81380839f7e4ef5bfb21ecea18be9a062bd6bfa5a45c88
request_geometry,0x80013994,0x00004194,240082ac,sw,"$v0, 0x24($a0)",84a54ed74f3d0edd6d81380839f7e4ef5bfb21ecea18be9a062bd6bfa5a45c88
request_geometry,0x80013998,0x00004198,d8ffbd27,addiu,"$sp, $sp, -0x28",84a54ed74f3d0edd6d81380839f7e4ef5bfb21ecea18be9a062bd6bfa5a45c88
request_geometry,0x8001399C,0x0000419C,1800b2af,sw,"$s2, 0x18($sp)",84a54ed74f3d0edd6d81380839f7e4ef5bfb21ecea18be9a062bd6bfa5a45c88
request_geometry,0x800139A0,0x000041A0,21908000,move,"$s2, $a0",84a54ed74f3d0edd6d81380839f7e4ef5bfb21ecea18be9a062bd6bfa5a45c88
request_geometry,0x800139A4,0x000041A4,2000b4af,sw,"$s4, 0x20($sp)",84a54ed74f3d0edd6d81380839f7e4ef5bfb21ecea18be9a062bd6bfa5a45c88
request_geometry,0x800139A8,0x000041A8,21a0a000,move,"$s4, $a1",84a54ed74f3d0edd6d81380839f7e4ef5bfb21ecea18be9a062bd6bfa5a45c88
request_geometry,0x800139AC,0x000041AC,2400bfaf,sw,"$ra, 0x24($sp)",84a54ed74f3d0edd6d81380839f7e4ef5bfb21ecea18be9a062bd6bfa5a45c88
request_geometry,0x800139B0,0x000041B0,1c00b3af,sw,"$s3, 0x1c($sp)",84a54ed74f3d0edd6d81380839f7e4ef5bfb21ecea18be9a062bd6bfa5a45c88
request_geometry,0x800139B4,0x000041B4,1400b1af,sw,"$s1, 0x14($sp)",84a54ed74f3d0edd6d81380839f7e4ef5bfb21ecea18be9a062bd6bfa5a45c88
request_geometry,0x800139B8,0x000041B8,1000b0af,sw,"$s0, 0x10($sp)",84a54ed74f3d0edd6d81380839f7e4ef5bfb21ecea18be9a062bd6bfa5a45c88
request_geometry,0x800139BC,0x000041BC,180046ae,sw,"$a2, 0x18($s2)",84a54ed74f3d0edd6d81380839f7e4ef5bfb21ecea18be9a062bd6bfa5a45c88
request_geometry,0x800139C0,0x000041C0,2130e000,move,"$a2, $a3",84a54ed74f3d0edd6d81380839f7e4ef5bfb21ecea18be9a062bd6bfa5a45c88
request_geometry,0x800139C4,0x000041C4,3800a28f,lw,"$v0, 0x38($sp)",84a54ed74f3d0edd6d81380839f7e4ef5bfb21ecea18be9a062bd6bfa5a45c88
request_geometry,0x800139C8,0x000041C8,3c00b08f,lw,"$s0, 0x3c($sp)",84a54ed74f3d0edd6d81380839f7e4ef5bfb21ecea18be9a062bd6bfa5a45c88
request_geometry,0x800139CC,0x000041CC,4000b18f,lw,"$s1, 0x40($sp)",84a54ed74f3d0edd6d81380839f7e4ef5bfb21ecea18be9a062bd6bfa5a45c88
request_geometry,0x800139D0,0x000041D0,4400b38f,lw,"$s3, 0x44($sp)",84a54ed74f3d0edd6d81380839f7e4ef5bfb21ecea18be9a062bd6bfa5a45c88
request_geometry,0x800139D4,0x000041D4,504e000c,jal,0x80013940,84a54ed74f3d0edd6d81380839f7e4ef5bfb21ecea18be9a062bd6bfa5a45c88
request_geometry,0x800139D8,0x000041D8,23380200,negu,"$a3, $v0",84a54ed74f3d0edd6d81380839f7e4ef5bfb21ecea18be9a062bd6bfa5a45c88
request_geometry,0x800139DC,0x000041DC,01000324,addiu,"$v1, $zero, 1",84a54ed74f3d0edd6d81380839f7e4ef5bfb21ecea18be9a062bd6bfa5a45c88
request_geometry,0x800139E0,0x000041E0,460043a2,sb,"$v1, 0x46($s2)",84a54ed74f3d0edd6d81380839f7e4ef5bfb21ecea18be9a062bd6bfa5a45c88
request_geometry,0x800139E4,0x000041E4,470040a2,sb,"$zero, 0x47($s2)",84a54ed74f3d0edd6d81380839f7e4ef5bfb21ecea18be9a062bd6bfa5a45c88
request_geometry,0x800139E8,0x000041E8,440040a6,sh,"$zero, 0x44($s2)",84a54ed74f3d0edd6d81380839f7e4ef5bfb21ecea18be9a062bd6bfa5a45c88
request_geometry,0x800139EC,0x000041EC,1c0040ae,sw,"$zero, 0x1c($s2)",84a54ed74f3d0edd6d81380839f7e4ef5bfb21ecea18be9a062bd6bfa5a45c88
request_geometry,0x800139F0,0x000041F0,200050ae,sw,"$s0, 0x20($s2)",84a54ed74f3d0edd6d81380839f7e4ef5bfb21ecea18be9a062bd6bfa5a45c88
request_geometry,0x800139F4,0x000041F4,1d006012,beqz,"$s3, 0x80013a6c",84a54ed74f3d0edd6d81380839f7e4ef5bfb21ecea18be9a062bd6bfa5a45c88
request_geometry,0x800139F8,0x000041F8,400051ae,sw,"$s1, 0x40($s2)",84a54ed74f3d0edd6d81380839f7e4ef5bfb21ecea18be9a062bd6bfa5a45c88
request_geometry,0x800139FC,0x000041FC,0001023c,lui,"$v0, 0x100",84a54ed74f3d0edd6d81380839f7e4ef5bfb21ecea18be9a062bd6bfa5a45c88
request_geometry,0x80013A00,0x00004200,24108202,and,"$v0, $s4, $v0",84a54ed74f3d0edd6d81380839f7e4ef5bfb21ecea18be9a062bd6bfa5a45c88
request_geometry,0x80013A04,0x00004204,03004010,beqz,"$v0, 0x80013a14",84a54ed74f3d0edd6d81380839f7e4ef5bfb21ecea18be9a062bd6bfa5a45c88
request_geometry,0x80013A08,0x00004208,00000000,nop,,84a54ed74f3d0edd6d81380839f7e4ef5bfb21ecea18be9a062bd6bfa5a45c88
request_geometry,0x80013A0C,0x0000420C,9b4e0008,j,0x80013a6c,84a54ed74f3d0edd6d81380839f7e4ef5bfb21ecea18be9a062bd6bfa5a45c88
request_geometry,0x80013A10,0x00004210,340053ae,sw,"$s3, 0x34($s2)",84a54ed74f3d0edd6d81380839f7e4ef5bfb21ecea18be9a062bd6bfa5a45c88
request_geometry,0x80013A14,0x00004214,1000428e,lw,"$v0, 0x10($s2)",84a54ed74f3d0edd6d81380839f7e4ef5bfb21ecea18be9a062bd6bfa5a45c88
request_geometry,0x80013A18,0x00004218,05006106,bgez,"$s3, 0x80013a30",84a54ed74f3d0edd6d81380839f7e4ef5bfb21ecea18be9a062bd6bfa5a45c88
request_geometry,0x80013A1C,0x0000421C,1c0042ae,sw,"$v0, 0x1c($s2)",84a54ed74f3d0edd6d81380839f7e4ef5bfb21ecea18be9a062bd6bfa5a45c88
request_geometry,0x80013A20,0x00004220,460043a2,sb,"$v1, 0x46($s2)",84a54ed74f3d0edd6d81380839f7e4ef5bfb21ecea18be9a062bd6bfa5a45c88
request_geometry,0x80013A24,0x00004224,0c0053ae,sw,"$s3, 0xc($s2)",84a54ed74f3d0edd6d81380839f7e4ef5bfb21ecea18be9a062bd6bfa5a45c88
request_geometry,0x80013A28,0x00004228,9b4e0008,j,0x80013a6c,84a54ed74f3d0edd6d81380839f7e4ef5bfb21ecea18be9a062bd6bfa5a45c88
request_geometry,0x80013A2C,0x0000422C,080053ae,sw,"$s3, 8($s2)",84a54ed74f3d0edd6d81380839f7e4ef5bfb21ecea18be9a062bd6bfa5a45c88
request_geometry,0x80013A30,0x00004230,0100023c,lui,"$v0, 1",84a54ed74f3d0edd6d81380839f7e4ef5bfb21ecea18be9a062bd6bfa5a45c88
request_geometry,0x80013A34,0x00004234,25a08202,or,"$s4, $s4, $v0",84a54ed74f3d0edd6d81380839f7e4ef5bfb21ecea18be9a062bd6bfa5a45c88
request_geometry,0x80013A38,0x00004238,02000224,addiu,"$v0, $zero, 2",84a54ed74f3d0edd6d81380839f7e4ef5bfb21ecea18be9a062bd6bfa5a45c88
request_geometry,0x80013A3C,0x0000423C,460042a2,sb,"$v0, 0x46($s2)",84a54ed74f3d0edd6d81380839f7e4ef5bfb21ecea18be9a062bd6bfa5a45c88
request_geometry,0x80013A40,0x00004240,02141300,srl,"$v0, $s3, 0x10",84a54ed74f3d0edd6d81380839f7e4ef5bfb21ecea18be9a062bd6bfa5a45c88
request_geometry,0x80013A44,0x00004244,320042a6,sh,"$v0, 0x32($s2)",84a54ed74f3d0edd6d81380839f7e4ef5bfb21ecea18be9a062bd6bfa5a45c88
request_geometry,0x80013A48,0x00004248,40000224,addiu,"$v0, $zero, 0x40",84a54ed74f3d0edd6d81380839f7e4ef5bfb21ecea18be9a062bd6bfa5a45c88
request_geometry,0x80013A4C,0x0000424C,040042a6,sh,"$v0, 4($s2)",84a54ed74f3d0edd6d81380839f7e4ef5bfb21ecea18be9a062bd6bfa5a45c88
request_geometry,0x80013A50,0x00004250,1002828f,lw,"$v0, 0x210($gp)",84a54ed74f3d0edd6d81380839f7e4ef5bfb21ecea18be9a062bd6bfa5a45c88
request_geometry,0x80013A54,0x00004254,10000324,addiu,"$v1, $zero, 0x10",84a54ed74f3d0edd6d81380839f7e4ef5bfb21ecea18be9a062bd6bfa5a45c88
request_geometry,0x80013A58,0x00004258,300053a6,sh,"$s3, 0x30($s2)",84a54ed74f3d0edd6d81380839f7e4ef5bfb21ecea18be9a062bd6bfa5a45c88
request_geometry,0x80013A5C,0x0000425C,060043a6,sh,"$v1, 6($s2)",84a54ed74f3d0edd6d81380839f7e4ef5bfb21ecea18be9a062bd6bfa5a45c88
request_geometry,0x80013A60,0x00004260,080042ae,sw,"$v0, 8($s2)",84a54ed74f3d0edd6d81380839f7e4ef5bfb21ecea18be9a062bd6bfa5a45c88
request_geometry,0x80013A64,0x00004264,00084224,addiu,"$v0, $v0, 0x800",84a54ed74f3d0edd6d81380839f7e4ef5bfb21ecea18be9a062bd6bfa5a45c88
request_geometry,0x80013A68,0x00004268,0c0042ae,sw,"$v0, 0xc($s2)",84a54ed74f3d0edd6d81380839f7e4ef5bfb21ecea18be9a062bd6bfa5a45c88
request_geometry,0x80013A6C,0x0000426C,21104002,move,"$v0, $s2",84a54ed74f3d0edd6d81380839f7e4ef5bfb21ecea18be9a062bd6bfa5a45c88
request_geometry,0x80013A70,0x00004270,2c0054ae,sw,"$s4, 0x2c($s2)",84a54ed74f3d0edd6d81380839f7e4ef5bfb21ecea18be9a062bd6bfa5a45c88
request_geometry,0x80013A74,0x00004274,2400bf8f,lw,"$ra, 0x24($sp)",84a54ed74f3d0edd6d81380839f7e4ef5bfb21ecea18be9a062bd6bfa5a45c88
request_geometry,0x80013A78,0x00004278,2000b48f,lw,"$s4, 0x20($sp)",84a54ed74f3d0edd6d81380839f7e4ef5bfb21ecea18be9a062bd6bfa5a45c88
request_geometry,0x80013A7C,0x0000427C,1c00b38f,lw,"$s3, 0x1c($sp)",84a54ed74f3d0edd6d81380839f7e4ef5bfb21ecea18be9a062bd6bfa5a45c88
request_geometry,0x80013A80,0x00004280,1800b28f,lw,"$s2, 0x18($sp)",84a54ed74f3d0edd6d81380839f7e4ef5bfb21ecea18be9a062bd6bfa5a45c88
request_geometry,0x80013A84,0x00004284,1400b18f,lw,"$s1, 0x14($sp)",84a54ed74f3d0edd6d81380839f7e4ef5bfb21ecea18be9a062bd6bfa5a45c88
request_geometry,0x80013A88,0x00004288,1000b08f,lw,"$s0, 0x10($sp)",84a54ed74f3d0edd6d81380839f7e4ef5bfb21ecea18be9a062bd6bfa5a45c88
request_geometry,0x80013A8C,0x0000428C,0800e003,jr,$ra,84a54ed74f3d0edd6d81380839f7e4ef5bfb21ecea18be9a062bd6bfa5a45c88
request_geometry,0x80013A90,0x00004290,2800bd27,addiu,"$sp, $sp, 0x28",84a54ed74f3d0edd6d81380839f7e4ef5bfb21ecea18be9a062bd6bfa5a45c88
sector_copy,0x80013C28,0x00004428,e0ffbd27,addiu,"$sp, $sp, -0x20",84a54ed74f3d0edd6d81380839f7e4ef5bfb21ecea18be9a062bd6bfa5a45c88
sector_copy,0x80013C2C,0x0000442C,0c028293,lbu,"$v0, 0x20c($gp)",84a54ed74f3d0edd6d81380839f7e4ef5bfb21ecea18be9a062bd6bfa5a45c88
sector_copy,0x80013C30,0x00004430,ff008530,andi,"$a1, $a0, 0xff",84a54ed74f3d0edd6d81380839f7e4ef5bfb21ecea18be9a062bd6bfa5a45c88
sector_copy,0x80013C34,0x00004434,1800bfaf,sw,"$ra, 0x18($sp)",84a54ed74f3d0edd6d81380839f7e4ef5bfb21ecea18be9a062bd6bfa5a45c88
sector_copy,0x80013C38,0x00004438,1400b1af,sw,"$s1, 0x14($sp)",84a54ed74f3d0edd6d81380839f7e4ef5bfb21ecea18be9a062bd6bfa5a45c88
sector_copy,0x80013C3C,0x0000443C,1000b0af,sw,"$s0, 0x10($sp)",84a54ed74f3d0edd6d81380839f7e4ef5bfb21ecea18be9a062bd6bfa5a45c88
sector_copy,0x80013C40,0x00004440,01004224,addiu,"$v0, $v0, 1",84a54ed74f3d0edd6d81380839f7e4ef5bfb21ecea18be9a062bd6bfa5a45c88
sector_copy,0x80013C44,0x00004444,0c0282a3,sb,"$v0, 0x20c($gp)",84a54ed74f3d0edd6d81380839f7e4ef5bfb21ecea18be9a062bd6bfa5a45c88
sector_copy,0x80013C48,0x00004448,01000224,addiu,"$v0, $zero, 1",84a54ed74f3d0edd6d81380839f7e4ef5bfb21ecea18be9a062bd6bfa5a45c88
sector_copy,0x80013C4C,0x0000444C,0f01a214,bne,"$a1, $v0, 0x8001408c",84a54ed74f3d0edd6d81380839f7e4ef5bfb21ecea18be9a062bd6bfa5a45c88
sector_copy,0x80013C50,0x00004450,00000000,nop,,84a54ed74f3d0edd6d81380839f7e4ef5bfb21ecea18be9a062bd6bfa5a45c88
sector_copy,0x80013C54,0x00004454,3002828f,lw,"$v0, 0x230($gp)",84a54ed74f3d0edd6d81380839f7e4ef5bfb21ecea18be9a062bd6bfa5a45c88
sector_copy,0x80013C58,0x00004458,1000848f,lw,"$a0, 0x10($gp)",84a54ed74f3d0edd6d81380839f7e4ef5bfb21ecea18be9a062bd6bfa5a45c88
sector_copy,0x80013C5C,0x0000445C,01004224,addiu,"$v0, $v0, 1",84a54ed74f3d0edd6d81380839f7e4ef5bfb21ecea18be9a062bd6bfa5a45c88
sector_copy,0x80013C60,0x00004460,300282af,sw,"$v0, 0x230($gp)",84a54ed74f3d0edd6d81380839f7e4ef5bfb21ecea18be9a062bd6bfa5a45c88
sector_copy,0x80013C64,0x00004464,46008390,lbu,"$v1, 0x46($a0)",84a54ed74f3d0edd6d81380839f7e4ef5bfb21ecea18be9a062bd6bfa5a45c88
sector_copy,0x80013C68,0x00004468,02000224,addiu,"$v0, $zero, 2",84a54ed74f3d0edd6d81380839f7e4ef5bfb21ecea18be9a062bd6bfa5a45c88
sector_copy,0x80013C6C,0x0000446C,56006210,beq,"$v1, $v0, 0x80013dc8",84a54ed74f3d0edd6d81380839f7e4ef5bfb21ecea18be9a062bd6bfa5a45c88
sector_copy,0x80013C70,0x00004470,03006228,slti,"$v0, $v1, 3",84a54ed74f3d0edd6d81380839f7e4ef5bfb21ecea18be9a062bd6bfa5a45c88
sector_copy,0x80013C74,0x00004474,05004010,beqz,"$v0, 0x80013c8c",84a54ed74f3d0edd6d81380839f7e4ef5bfb21ecea18be9a062bd6bfa5a45c88
sector_copy,0x80013C78,0x00004478,00000000,nop,,84a54ed74f3d0edd6d81380839f7e4ef5bfb21ecea18be9a062bd6bfa5a45c88
sector_copy,0x80013C7C,0x0000447C,08006510,beq,"$v1, $a1, 0x80013ca0",84a54ed74f3d0edd6d81380839f7e4ef5bfb21ecea18be9a062bd6bfa5a45c88
sector_copy,0x80013C80,0x00004480,00000000,nop,,84a54ed74f3d0edd6d81380839f7e4ef5bfb21ecea18be9a062bd6bfa5a45c88
sector_copy,0x80013C84,0x00004484,23500008,j,0x8001408c,84a54ed74f3d0edd6d81380839f7e4ef5bfb21ecea18be9a062bd6bfa5a45c88
sector_copy,0x80013C88,0x00004488,00000000,nop,,84a54ed74f3d0edd6d81380839f7e4ef5bfb21ecea18be9a062bd6bfa5a45c88
sector_copy,0x80013C8C,0x0000448C,03000224,addiu,"$v0, $zero, 3",84a54ed74f3d0edd6d81380839f7e4ef5bfb21ecea18be9a062bd6bfa5a45c88
sector_copy,0x80013C90,0x00004490,a4006210,beq,"$v1, $v0, 0x80013f24",84a54ed74f3d0edd6d81380839f7e4ef5bfb21ecea18be9a062bd6bfa5a45c88
sector_copy,0x80013C94,0x00004494,00081124,addiu,"$s1, $zero, 0x800",84a54ed74f3d0edd6d81380839f7e4ef5bfb21ecea18be9a062bd6bfa5a45c88
sector_copy,0x80013C98,0x00004498,23500008,j,0x8001408c,84a54ed74f3d0edd6d81380839f7e4ef5bfb21ecea18be9a062bd6bfa5a45c88
sector_copy,0x80013C9C,0x0000449C,00000000,nop,,84a54ed74f3d0edd6d81380839f7e4ef5bfb21ecea18be9a062bd6bfa5a45c88
sector_copy,0x80013CA0,0x000044A0,ec01828f,lw,"$v0, 0x1ec($gp)",84a54ed74f3d0edd6d81380839f7e4ef5bfb21ecea18be9a062bd6bfa5a45c88
sector_copy,0x80013CA4,0x000044A4,2000033c,lui,"$v1, 0x20",84a54ed74f3d0edd6d81380839f7e4ef5bfb21ecea18be9a062bd6bfa5a45c88
sector_copy,0x80013CA8,0x000044A8,24104300,and,"$v0, $v0, $v1",84a54ed74f3d0edd6d81380839f7e4ef5bfb21ecea18be9a062bd6bfa5a45c88
sector_copy,0x80013CAC,0x000044AC,1d004014,bnez,"$v0, 0x80013d24",84a54ed74f3d0edd6d81380839f7e4ef5bfb21ecea18be9a062bd6bfa5a45c88
sector_copy,0x80013CB0,0x000044B0,00000000,nop,,84a54ed74f3d0edd6d81380839f7e4ef5bfb21ecea18be9a062bd6bfa5a45c88
sector_copy,0x80013CB4,0x000044B4,ec01828f,lw,"$v0, 0x1ec($gp)",84a54ed74f3d0edd6d81380839f7e4ef5bfb21ecea18be9a062bd6bfa5a45c88
sector_copy,0x80013CB8,0x000044B8,0040033c,lui,"$v1, 0x4000",84a54ed74f3d0edd6d81380839f7e4ef5bfb21ecea18be9a062bd6bfa5a45c88
sector_copy,0x80013CBC,0x000044BC,24104300,and,"$v0, $v0, $v1",84a54ed74f3d0edd6d81380839f7e4ef5bfb21ecea18be9a062bd6bfa5a45c88
sector_copy,0x80013CC0,0x000044C0,06004014,bnez,"$v0, 0x80013cdc",84a54ed74f3d0edd6d81380839f7e4ef5bfb21ecea18be9a062bd6bfa5a45c88
sector_copy,0x80013CC4,0x000044C4,21300000,move,"$a2, $zero",84a54ed74f3d0edd6d81380839f7e4ef5bfb21ecea18be9a062bd6bfa5a45c88
sector_copy,0x80013CC8,0x000044C8,0800848c,lw,"$a0, 8($a0)",84a54ed74f3d0edd6d81380839f7e4ef5bfb21ecea18be9a062bd6bfa5a45c88
sector_copy,0x80013CCC,0x000044CC,f4f8010c,jal,0x8007e3d0,84a54ed74f3d0edd6d81380839f7e4ef5bfb21ecea18be9a062bd6bfa5a45c88
sector_copy,0x80013CD0,0x000044D0,00020524,addiu,"$a1, $zero, 0x200",84a54ed74f3d0edd6d81380839f7e4ef5bfb21ecea18be9a062bd6bfa5a45c88
sector_copy,0x80013CD4,0x000044D4,434f0008,j,0x80013d0c,84a54ed74f3d0edd6d81380839f7e4ef5bfb21ecea18be9a062bd6bfa5a45c88
sector_copy,0x80013CD8,0x000044D8,00000000,nop,,84a54ed74f3d0edd6d81380839f7e4ef5bfb21ecea18be9a062bd6bfa5a45c88
sector_copy,0x80013CDC,0x000044DC,21388000,move,"$a3, $a0",84a54ed74f3d0edd6d81380839f7e4ef5bfb21ecea18be9a062bd6bfa5a45c88
sector_copy,0x80013CE0,0x000044E0,f001858f,lw,"$a1, 0x1f0($gp)",84a54ed74f3d0edd6d81380839f7e4ef5bfb21ecea18be9a062bd6bfa5a45c88
sector_copy,0x80013CE4,0x000044E4,00000000,nop,,84a54ed74f3d0edd6d81380839f7e4ef5bfb21ecea18be9a062bd6bfa5a45c88
sector_copy,0x80013CE8,0x000044E8,0000a48c,lw,"$a0, ($a1)",84a54ed74f3d0edd6d81380839f7e4ef5bfb21ecea18be9a062bd6bfa5a45c88
sector_copy,0x80013CEC,0x000044EC,80100600,sll,"$v0, $a2, 2",84a54ed74f3d0edd6d81380839f7e4ef5bfb21ecea18be9a062bd6bfa5a45c88
sector_copy,0x80013CF0,0x000044F0,0800e38c,lw,"$v1, 8($a3)",84a54ed74f3d0edd6d81380839f7e4ef5bfb21ecea18be9a062bd6bfa5a45c88
sector_copy,0x80013CF4,0x000044F4,0100c624,addiu,"$a2, $a2, 1",84a54ed74f3d0edd6d81380839f7e4ef5bfb21ecea18be9a062bd6bfa5a45c88
sector_copy,0x80013CF8,0x000044F8,21104300,addu,"$v0, $v0, $v1",84a54ed74f3d0edd6d81380839f7e4ef5bfb21ecea18be9a062bd6bfa5a45c88
sector_copy,0x80013CFC,0x000044FC,000044ac,sw,"$a0, ($v0)",84a54ed74f3d0edd6d81380839f7e4ef5bfb21ecea18be9a062bd6bfa5a45c88
sector_copy,0x80013D00,0x00004500,0002c228,slti,"$v0, $a2, 0x200",84a54ed74f3d0edd6d81380839f7e4ef5bfb21ecea18be9a062bd6bfa5a45c88
sector_copy,0x80013D04,0x00004504,f7ff4014,bnez,"$v0, 0x80013ce4",84a54ed74f3d0edd6d81380839f7e4ef5bfb21ecea18be9a062bd6bfa5a45c88
sector_copy,0x80013D08,0x00004508,0400a524,addiu,"$a1, $a1, 4",84a54ed74f3d0edd6d81380839f7e4ef5bfb21ecea18be9a062bd6bfa5a45c88
sector_copy,0x80013D0C,0x0000450C,1000838f,lw,"$v1, 0x10($gp)",84a54ed74f3d0edd6d81380839f7e4ef5bfb21ecea18be9a062bd6bfa5a45c88
sector_copy,0x80013D10,0x00004510,00000000,nop,,84a54ed74f3d0edd6d81380839f7e4ef5bfb21ecea18be9a062bd6bfa5a45c88
sector_copy,0x80013D14,0x00004514,0800628c,lw,"$v0, 8($v1)",84a54ed74f3d0edd6d81380839f7e4ef5bfb21ecea18be9a062bd6bfa5a45c88
sector_copy,0x80013D18,0x00004518,00000000,nop,,84a54ed74f3d0edd6d81380839f7e4ef5bfb21ecea18be9a062bd6bfa5a45c88
sector_copy,0x80013D1C,0x0000451C,00084224,addiu,"$v0, $v0, 0x800",84a54ed74f3d0edd6d81380839f7e4ef5bfb21ecea18be9a062bd6bfa5a45c88
sector_copy,0x80013D20,0x00004520,080062ac,sw,"$v0, 8($v1)",84a54ed74f3d0edd6d81380839f7e4ef5bfb21ecea18be9a062bd6bfa5a45c88
sector_copy,0x80013D24,0x00004524,1000828f,lw,"$v0, 0x10($gp)",84a54ed74f3d0edd6d81380839f7e4ef5bfb21ecea18be9a062bd6bfa5a45c88
sector_copy,0x80013D28,0x00004528,f001838f,lw,"$v1, 0x1f0($gp)",84a54ed74f3d0edd6d81380839f7e4ef5bfb21ecea18be9a062bd6bfa5a45c88
sector_copy,0x80013D2C,0x0000452C,1000448c,lw,"$a0, 0x10($v0)",84a54ed74f3d0edd6d81380839f7e4ef5bfb21ecea18be9a062bd6bfa5a45c88
sector_copy,0x80013D30,0x00004530,00086324,addiu,"$v1, $v1, 0x800",84a54ed74f3d0edd6d81380839f7e4ef5bfb21ecea18be9a062bd6bfa5a45c88
sector_copy,0x80013D34,0x00004534,f00183af,sw,"$v1, 0x1f0($gp)",84a54ed74f3d0edd6d81380839f7e4ef5bfb21ecea18be9a062bd6bfa5a45c88
sector_copy,0x80013D38,0x00004538,00f88424,addiu,"$a0, $a0, -0x800",84a54ed74f3d0edd6d81380839f7e4ef5bfb21ecea18be9a062bd6bfa5a45c88
sector_copy,0x80013D3C,0x0000453C,0500801c,bgtz,"$a0, 0x80013d54",84a54ed74f3d0edd6d81380839f7e4ef5bfb21ecea18be9a062bd6bfa5a45c88
sector_copy,0x80013D40,0x00004540,100044ac,sw,"$a0, 0x10($v0)",84a54ed74f3d0edd6d81380839f7e4ef5bfb21ecea18be9a062bd6bfa5a45c88
sector_copy,0x80013D44,0x00004544,75f7010c,jal,0x8007ddd4,84a54ed74f3d0edd6d81380839f7e4ef5bfb21ecea18be9a062bd6bfa5a45c88
sector_copy,0x80013D48,0x00004548,00000000,nop,,84a54ed74f3d0edd6d81380839f7e4ef5bfb21ecea18be9a062bd6bfa5a45c88
sector_copy,0x80013D4C,0x0000454C,18fa010c,jal,0x8007e860,84a54ed74f3d0edd6d81380839f7e4ef5bfb21ecea18be9a062bd6bfa5a45c88
sector_copy,0x80013D50,0x00004550,21200000,move,"$a0, $zero",84a54ed74f3d0edd6d81380839f7e4ef5bfb21ecea18be9a062bd6bfa5a45c88
packet_callback,0x800140A0,0x000048A0,e0ffbd27,addiu,"$sp, $sp, -0x20",84a54ed74f3d0edd6d81380839f7e4ef5bfb21ecea18be9a062bd6bfa5a45c88
packet_callback,0x800140A4,0x000048A4,ff008430,andi,"$a0, $a0, 0xff",84a54ed74f3d0edd6d81380839f7e4ef5bfb21ecea18be9a062bd6bfa5a45c88
packet_callback,0x800140A8,0x000048A8,05000224,addiu,"$v0, $zero, 5",84a54ed74f3d0edd6d81380839f7e4ef5bfb21ecea18be9a062bd6bfa5a45c88
packet_callback,0x800140AC,0x000048AC,0e008214,bne,"$a0, $v0, 0x800140e8",84a54ed74f3d0edd6d81380839f7e4ef5bfb21ecea18be9a062bd6bfa5a45c88
packet_callback,0x800140B0,0x000048B0,1800bfaf,sw,"$ra, 0x18($sp)",84a54ed74f3d0edd6d81380839f7e4ef5bfb21ecea18be9a062bd6bfa5a45c88
packet_callback,0x800140B4,0x000048B4,a0000424,addiu,"$a0, $zero, 0xa0",84a54ed74f3d0edd6d81380839f7e4ef5bfb21ecea18be9a062bd6bfa5a45c88
packet_callback,0x800140B8,0x000048B8,fc018527,addiu,"$a1, $gp, 0x1fc",84a54ed74f3d0edd6d81380839f7e4ef5bfb21ecea18be9a062bd6bfa5a45c88
packet_callback,0x800140BC,0x000048BC,ffff0324,addiu,"$v1, $zero, -1",84a54ed74f3d0edd6d81380839f7e4ef5bfb21ecea18be9a062bd6bfa5a45c88
packet_callback,0x800140C0,0x000048C0,0180073c,lui,"$a3, 0x8001",84a54ed74f3d0edd6d81380839f7e4ef5bfb21ecea18be9a062bd6bfa5a45c88
packet_callback,0x800140C4,0x000048C4,06000624,addiu,"$a2, $zero, 6",84a54ed74f3d0edd6d81380839f7e4ef5bfb21ecea18be9a062bd6bfa5a45c88
packet_callback,0x800140C8,0x000048C8,2802828f,lw,"$v0, 0x228($gp)",84a54ed74f3d0edd6d81380839f7e4ef5bfb21ecea18be9a062bd6bfa5a45c88
packet_callback,0x800140CC,0x000048CC,1000a3af,sw,"$v1, 0x10($sp)",84a54ed74f3d0edd6d81380839f7e4ef5bfb21ecea18be9a062bd6bfa5a45c88
packet_callback,0x800140D0,0x000048D0,01004224,addiu,"$v0, $v0, 1",84a54ed74f3d0edd6d81380839f7e4ef5bfb21ecea18be9a062bd6bfa5a45c88
packet_callback,0x800140D4,0x000048D4,280282af,sw,"$v0, 0x228($gp)",84a54ed74f3d0edd6d81380839f7e4ef5bfb21ecea18be9a062bd6bfa5a45c88
packet_callback,0x800140D8,0x000048D8,1aed010c,jal,0x8007b468,84a54ed74f3d0edd6d81380839f7e4ef5bfb21ecea18be9a062bd6bfa5a45c88
packet_callback,0x800140DC,0x000048DC,a040e724,addiu,"$a3, $a3, 0x40a0",84a54ed74f3d0edd6d81380839f7e4ef5bfb21ecea18be9a062bd6bfa5a45c88
packet_callback,0x800140E0,0x000048E0,49500008,j,0x80014124,84a54ed74f3d0edd6d81380839f7e4ef5bfb21ecea18be9a062bd6bfa5a45c88
packet_callback,0x800140E4,0x000048E4,00000000,nop,,84a54ed74f3d0edd6d81380839f7e4ef5bfb21ecea18be9a062bd6bfa5a45c88
packet_callback,0x800140E8,0x000048E8,02000224,addiu,"$v0, $zero, 2",84a54ed74f3d0edd6d81380839f7e4ef5bfb21ecea18be9a062bd6bfa5a45c88
packet_callback,0x800140EC,0x000048EC,0d008214,bne,"$a0, $v0, 0x80014124",84a54ed74f3d0edd6d81380839f7e4ef5bfb21ecea18be9a062bd6bfa5a45c88
packet_callback,0x800140F0,0x000048F0,00000000,nop,,84a54ed74f3d0edd6d81380839f7e4ef5bfb21ecea18be9a062bd6bfa5a45c88
packet_callback,0x800140F4,0x000048F4,8ef7010c,jal,0x8007de38,84a54ed74f3d0edd6d81380839f7e4ef5bfb21ecea18be9a062bd6bfa5a45c88
packet_callback,0x800140F8,0x000048F8,01000424,addiu,"$a0, $zero, 1",84a54ed74f3d0edd6d81380839f7e4ef5bfb21ecea18be9a062bd6bfa5a45c88
packet_callback,0x800140FC,0x000048FC,0180043c,lui,"$a0, 0x8001",84a54ed74f3d0edd6d81380839f7e4ef5bfb21ecea18be9a062bd6bfa5a45c88
packet_callback,0x80014100,0x00004900,283c8424,addiu,"$a0, $a0, 0x3c28",84a54ed74f3d0edd6d81380839f7e4ef5bfb21ecea18be9a062bd6bfa5a45c88
packet_callback,0x80014104,0x00004904,54f7010c,jal,0x8007dd50,84a54ed74f3d0edd6d81380839f7e4ef5bfb21ecea18be9a062bd6bfa5a45c88
packet_callback,0x80014108,0x00004908,ffff0524,addiu,"$a1, $zero, -1",84a54ed74f3d0edd6d81380839f7e4ef5bfb21ecea18be9a062bd6bfa5a45c88
packet_callback,0x8001410C,0x0000490C,ec01828f,lw,"$v0, 0x1ec($gp)",84a54ed74f3d0edd6d81380839f7e4ef5bfb21ecea18be9a062bd6bfa5a45c88
packet_callback,0x80014110,0x00004910,fffb0324,addiu,"$v1, $zero, -0x401",84a54ed74f3d0edd6d81380839f7e4ef5bfb21ecea18be9a062bd6bfa5a45c88
packet_callback,0x80014114,0x00004914,0c0280a3,sb,"$zero, 0x20c($gp)",84a54ed74f3d0edd6d81380839f7e4ef5bfb21ecea18be9a062bd6bfa5a45c88
packet_callback,0x80014118,0x00004918,300280af,sw,"$zero, 0x230($gp)",84a54ed74f3d0edd6d81380839f7e4ef5bfb21ecea18be9a062bd6bfa5a45c88
packet_callback,0x8001411C,0x0000491C,24104300,and,"$v0, $v0, $v1",84a54ed74f3d0edd6d81380839f7e4ef5bfb21ecea18be9a062bd6bfa5a45c88
packet_callback,0x80014120,0x00004920,ec0182af,sw,"$v0, 0x1ec($gp)",84a54ed74f3d0edd6d81380839f7e4ef5bfb21ecea18be9a062bd6bfa5a45c88
packet_callback,0x80014124,0x00004924,1800bf8f,lw,"$ra, 0x18($sp)",84a54ed74f3d0edd6d81380839f7e4ef5bfb21ecea18be9a062bd6bfa5a45c88
packet_callback,0x80014128,0x00004928,00000000,nop,,84a54ed74f3d0edd6d81380839f7e4ef5bfb21ecea18be9a062bd6bfa5a45c88
packet_callback,0x8001412C,0x0000492C,0800e003,jr,$ra,84a54ed74f3d0edd6d81380839f7e4ef5bfb21ecea18be9a062bd6bfa5a45c88
packet_callback,0x80014130,0x00004930,2000bd27,addiu,"$sp, $sp, 0x20",84a54ed74f3d0edd6d81380839f7e4ef5bfb21ecea18be9a062bd6bfa5a45c88
disc_initiation,0x800148E8,0x000050E8,80004230,andi,"$v0, $v0, 0x80",84a54ed74f3d0edd6d81380839f7e4ef5bfb21ecea18be9a062bd6bfa5a45c88
disc_initiation,0x800148EC,0x000050EC,08004010,beqz,"$v0, 0x80014910",84a54ed74f3d0edd6d81380839f7e4ef5bfb21ecea18be9a062bd6bfa5a45c88
disc_initiation,0x800148F0,0x000050F0,00000000,nop,,84a54ed74f3d0edd6d81380839f7e4ef5bfb21ecea18be9a062bd6bfa5a45c88
disc_initiation,0x800148F4,0x000050F4,ec01828f,lw,"$v0, 0x1ec($gp)",84a54ed74f3d0edd6d81380839f7e4ef5bfb21ecea18be9a062bd6bfa5a45c88
disc_initiation,0x800148F8,0x000050F8,00000000,nop,,84a54ed74f3d0edd6d81380839f7e4ef5bfb21ecea18be9a062bd6bfa5a45c88
disc_initiation,0x800148FC,0x000050FC,00014230,andi,"$v0, $v0, 0x100",84a54ed74f3d0edd6d81380839f7e4ef5bfb21ecea18be9a062bd6bfa5a45c88
disc_initiation,0x80014900,0x00005100,83ff4010,beqz,"$v0, 0x80014710",84a54ed74f3d0edd6d81380839f7e4ef5bfb21ecea18be9a062bd6bfa5a45c88
disc_initiation,0x80014904,0x00005104,00000000,nop,,84a54ed74f3d0edd6d81380839f7e4ef5bfb21ecea18be9a062bd6bfa5a45c88
disc_initiation,0x80014908,0x00005108,93520008,j,0x80014a4c,84a54ed74f3d0edd6d81380839f7e4ef5bfb21ecea18be9a062bd6bfa5a45c88
disc_initiation,0x8001490C,0x0000510C,00000000,nop,,84a54ed74f3d0edd6d81380839f7e4ef5bfb21ecea18be9a062bd6bfa5a45c88
disc_initiation,0x80014910,0x00005110,2400048e,lw,"$a0, 0x24($s0)",84a54ed74f3d0edd6d81380839f7e4ef5bfb21ecea18be9a062bd6bfa5a45c88
disc_initiation,0x80014914,0x00005114,fc018527,addiu,"$a1, $gp, 0x1fc",84a54ed74f3d0edd6d81380839f7e4ef5bfb21ecea18be9a062bd6bfa5a45c88
disc_initiation,0x80014918,0x00005118,80f9010c,jal,0x8007e600,84a54ed74f3d0edd6d81380839f7e4ef5bfb21ecea18be9a062bd6bfa5a45c88
disc_initiation,0x8001491C,0x0000511C,00000000,nop,,84a54ed74f3d0edd6d81380839f7e4ef5bfb21ecea18be9a062bd6bfa5a45c88
disc_initiation,0x80014920,0x00005120,ec01828f,lw,"$v0, 0x1ec($gp)",84a54ed74f3d0edd6d81380839f7e4ef5bfb21ecea18be9a062bd6bfa5a45c88
disc_initiation,0x80014924,0x00005124,1000033c,lui,"$v1, 0x10",84a54ed74f3d0edd6d81380839f7e4ef5bfb21ecea18be9a062bd6bfa5a45c88
disc_initiation,0x80014928,0x00005128,24104300,and,"$v0, $v0, $v1",84a54ed74f3d0edd6d81380839f7e4ef5bfb21ecea18be9a062bd6bfa5a45c88
disc_initiation,0x8001492C,0x0000512C,11004010,beqz,"$v0, 0x80014974",84a54ed74f3d0edd6d81380839f7e4ef5bfb21ecea18be9a062bd6bfa5a45c88
disc_initiation,0x80014930,0x00005130,00000000,nop,,84a54ed74f3d0edd6d81380839f7e4ef5bfb21ecea18be9a062bd6bfa5a45c88
disc_initiation,0x80014934,0x00005134,ec01828f,lw,"$v0, 0x1ec($gp)",84a54ed74f3d0edd6d81380839f7e4ef5bfb21ecea18be9a062bd6bfa5a45c88
disc_initiation,0x80014938,0x00005138,00000000,nop,,84a54ed74f3d0edd6d81380839f7e4ef5bfb21ecea18be9a062bd6bfa5a45c88
disc_initiation,0x8001493C,0x0000513C,74ff4004,bltz,"$v0, 0x80014710",84a54ed74f3d0edd6d81380839f7e4ef5bfb21ecea18be9a062bd6bfa5a45c88
disc_initiation,0x80014940,0x00005140,ffff0224,addiu,"$v0, $zero, -1",84a54ed74f3d0edd6d81380839f7e4ef5bfb21ecea18be9a062bd6bfa5a45c88
disc_initiation,0x80014944,0x00005144,1000a2af,sw,"$v0, 0x10($sp)",84a54ed74f3d0edd6d81380839f7e4ef5bfb21ecea18be9a062bd6bfa5a45c88
disc_initiation,0x80014948,0x00005148,a0000424,addiu,"$a0, $zero, 0xa0",84a54ed74f3d0edd6d81380839f7e4ef5bfb21ecea18be9a062bd6bfa5a45c88
disc_initiation,0x8001494C,0x0000514C,fc018527,addiu,"$a1, $gp, 0x1fc",84a54ed74f3d0edd6d81380839f7e4ef5bfb21ecea18be9a062bd6bfa5a45c88
disc_initiation,0x80014950,0x00005150,15000624,addiu,"$a2, $zero, 0x15",84a54ed74f3d0edd6d81380839f7e4ef5bfb21ecea18be9a062bd6bfa5a45c88
disc_initiation,0x80014954,0x00005154,0180073c,lui,"$a3, 0x8001",84a54ed74f3d0edd6d81380839f7e4ef5bfb21ecea18be9a062bd6bfa5a45c88
disc_initiation,0x80014958,0x00005158,1aed010c,jal,0x8007b468,84a54ed74f3d0edd6d81380839f7e4ef5bfb21ecea18be9a062bd6bfa5a45c88
disc_initiation,0x8001495C,0x0000515C,3441e724,addiu,"$a3, $a3, 0x4134",84a54ed74f3d0edd6d81380839f7e4ef5bfb21ecea18be9a062bd6bfa5a45c88
disc_initiation,0x80014960,0x00005160,3a004018,blez,"$v0, 0x80014a4c",84a54ed74f3d0edd6d81380839f7e4ef5bfb21ecea18be9a062bd6bfa5a45c88
disc_initiation,0x80014964,0x00005164,00000000,nop,,84a54ed74f3d0edd6d81380839f7e4ef5bfb21ecea18be9a062bd6bfa5a45c88
disc_initiation,0x80014968,0x00005168,ec01828f,lw,"$v0, 0x1ec($gp)",84a54ed74f3d0edd6d81380839f7e4ef5bfb21ecea18be9a062bd6bfa5a45c88
disc_initiation,0x8001496C,0x0000516C,92520008,j,0x80014a48,84a54ed74f3d0edd6d81380839f7e4ef5bfb21ecea18be9a062bd6bfa5a45c88
disc_initiation,0x80014970,0x00005170,80044234,ori,"$v0, $v0, 0x480",84a54ed74f3d0edd6d81380839f7e4ef5bfb21ecea18be9a062bd6bfa5a45c88
disc_initiation,0x80014974,0x00005174,ec01828f,lw,"$v0, 0x1ec($gp)",84a54ed74f3d0edd6d81380839f7e4ef5bfb21ecea18be9a062bd6bfa5a45c88
disc_initiation,0x80014978,0x00005178,8000043c,lui,"$a0, 0x80",84a54ed74f3d0edd6d81380839f7e4ef5bfb21ecea18be9a062bd6bfa5a45c88
disc_initiation,0x8001497C,0x0000517C,24104400,and,"$v0, $v0, $a0",84a54ed74f3d0edd6d81380839f7e4ef5bfb21ecea18be9a062bd6bfa5a45c88
disc_initiation,0x80014980,0x00005180,10004014,bnez,"$v0, 0x800149c4",84a54ed74f3d0edd6d81380839f7e4ef5bfb21ecea18be9a062bd6bfa5a45c88
disc_initiation,0x80014984,0x00005184,00000000,nop,,84a54ed74f3d0edd6d81380839f7e4ef5bfb21ecea18be9a062bd6bfa5a45c88
disc_initiation,0x80014988,0x00005188,ec01828f,lw,"$v0, 0x1ec($gp)",84a54ed74f3d0edd6d81380839f7e4ef5bfb21ecea18be9a062bd6bfa5a45c88
disc_initiation,0x8001498C,0x0000518C,2000038e,lw,"$v1, 0x20($s0)",84a54ed74f3d0edd6d81380839f7e4ef5bfb21ecea18be9a062bd6bfa5a45c88
disc_initiation,0x80014990,0x00005190,25104400,or,"$v0, $v0, $a0",84a54ed74f3d0edd6d81380839f7e4ef5bfb21ecea18be9a062bd6bfa5a45c88
disc_initiation,0x80014994,0x00005194,ec0182af,sw,"$v0, 0x1ec($gp)",84a54ed74f3d0edd6d81380839f7e4ef5bfb21ecea18be9a062bd6bfa5a45c88
disc_initiation,0x80014998,0x00005198,07006010,beqz,"$v1, 0x800149b8",84a54ed74f3d0edd6d81380839f7e4ef5bfb21ecea18be9a062bd6bfa5a45c88
disc_initiation,0x8001499C,0x0000519C,21200002,move,"$a0, $s0",84a54ed74f3d0edd6d81380839f7e4ef5bfb21ecea18be9a062bd6bfa5a45c88
disc_initiation,0x800149A0,0x000051A0,4000028e,lw,"$v0, 0x40($s0)",84a54ed74f3d0edd6d81380839f7e4ef5bfb21ecea18be9a062bd6bfa5a45c88
disc_initiation,0x800149A4,0x000051A4,00000000,nop,,84a54ed74f3d0edd6d81380839f7e4ef5bfb21ecea18be9a062bd6bfa5a45c88
disc_initiation,0x800149A8,0x000051A8,21284000,move,"$a1, $v0",84a54ed74f3d0edd6d81380839f7e4ef5bfb21ecea18be9a062bd6bfa5a45c88
disc_initiation,0x800149AC,0x000051AC,01004224,addiu,"$v0, $v0, 1",84a54ed74f3d0edd6d81380839f7e4ef5bfb21ecea18be9a062bd6bfa5a45c88
disc_initiation,0x800149B0,0x000051B0,09f86000,jalr,$v1,84a54ed74f3d0edd6d81380839f7e4ef5bfb21ecea18be9a062bd6bfa5a45c88
disc_initiation,0x800149B4,0x000051B4,400002ae,sw,"$v0, 0x40($s0)",84a54ed74f3d0edd6d81380839f7e4ef5bfb21ecea18be9a062bd6bfa5a45c88
disc_initiation,0x800149B8,0x000051B8,1c00028e,lw,"$v0, 0x1c($s0)",84a54ed74f3d0edd6d81380839f7e4ef5bfb21ecea18be9a062bd6bfa5a45c88
disc_initiation,0x800149BC,0x000051BC,93520008,j,0x80014a4c,84a54ed74f3d0edd6d81380839f7e4ef5bfb21ecea18be9a062bd6bfa5a45c88
disc_initiation,0x800149C0,0x000051C0,280002ae,sw,"$v0, 0x28($s0)",84a54ed74f3d0edd6d81380839f7e4ef5bfb21ecea18be9a062bd6bfa5a45c88
disc_initiation,0x800149C4,0x000051C4,ec01828f,lw,"$v0, 0x1ec($gp)",84a54ed74f3d0edd6d81380839f7e4ef5bfb21ecea18be9a062bd6bfa5a45c88
disc_initiation,0x800149C8,0x000051C8,4000033c,lui,"$v1, 0x40",84a54ed74f3d0edd6d81380839f7e4ef5bfb21ecea18be9a062bd6bfa5a45c88
disc_initiation,0x800149CC,0x000051CC,24104300,and,"$v0, $v0, $v1",84a54ed74f3d0edd6d81380839f7e4ef5bfb21ecea18be9a062bd6bfa5a45c88
disc_initiation,0x800149D0,0x000051D0,09004010,beqz,"$v0, 0x800149f8",84a54ed74f3d0edd6d81380839f7e4ef5bfb21ecea18be9a062bd6bfa5a45c88
disc_initiation,0x800149D4,0x000051D4,00000000,nop,,84a54ed74f3d0edd6d81380839f7e4ef5bfb21ecea18be9a062bd6bfa5a45c88
disc_initiation,0x800149D8,0x000051D8,90dc010c,jal,0x80077240,84a54ed74f3d0edd6d81380839f7e4ef5bfb21ecea18be9a062bd6bfa5a45c88
disc_initiation,0x800149DC,0x000051DC,21200000,move,"$a0, $zero",84a54ed74f3d0edd6d81380839f7e4ef5bfb21ecea18be9a062bd6bfa5a45c88
disc_initiation,0x800149E0,0x000051E0,1a004010,beqz,"$v0, 0x80014a4c",84a54ed74f3d0edd6d81380839f7e4ef5bfb21ecea18be9a062bd6bfa5a45c88
disc_initiation,0x800149E4,0x000051E4,bfff033c,lui,"$v1, 0xffbf",84a54ed74f3d0edd6d81380839f7e4ef5bfb21ecea18be9a062bd6bfa5a45c88
disc_initiation,0x800149E8,0x000051E8,ec01828f,lw,"$v0, 0x1ec($gp)",84a54ed74f3d0edd6d81380839f7e4ef5bfb21ecea18be9a062bd6bfa5a45c88
disc_initiation,0x800149EC,0x000051EC,ffff6334,ori,"$v1, $v1, 0xffff",84a54ed74f3d0edd6d81380839f7e4ef5bfb21ecea18be9a062bd6bfa5a45c88
disc_initiation,0x800149F0,0x000051F0,24104300,and,"$v0, $v0, $v1",84a54ed74f3d0edd6d81380839f7e4ef5bfb21ecea18be9a062bd6bfa5a45c88
disc_initiation,0x800149F4,0x000051F4,ec0182af,sw,"$v0, 0x1ec($gp)",84a54ed74f3d0edd6d81380839f7e4ef5bfb21ecea18be9a062bd6bfa5a45c88
disc_initiation,0x800149F8,0x000051F8,ec01828f,lw,"$v0, 0x1ec($gp)",84a54ed74f3d0edd6d81380839f7e4ef5bfb21ecea18be9a062bd6bfa5a45c88
disc_initiation,0x800149FC,0x000051FC,00000000,nop,,84a54ed74f3d0edd6d81380839f7e4ef5bfb21ecea18be9a062bd6bfa5a45c88
disc_initiation,0x80014A00,0x00005200,0e004004,bltz,"$v0, 0x80014a3c",84a54ed74f3d0edd6d81380839f7e4ef5bfb21ecea18be9a062bd6bfa5a45c88
disc_initiation,0x80014A04,0x00005204,ffff0224,addiu,"$v0, $zero, -1",84a54ed74f3d0edd6d81380839f7e4ef5bfb21ecea18be9a062bd6bfa5a45c88
disc_initiation,0x80014A08,0x00005208,1000a2af,sw,"$v0, 0x10($sp)",84a54ed74f3d0edd6d81380839f7e4ef5bfb21ecea18be9a062bd6bfa5a45c88
disc_initiation,0x80014A0C,0x0000520C,a0000424,addiu,"$a0, $zero, 0xa0",84a54ed74f3d0edd6d81380839f7e4ef5bfb21ecea18be9a062bd6bfa5a45c88
disc_initiation,0x80014A10,0x00005210,fc018527,addiu,"$a1, $gp, 0x1fc",84a54ed74f3d0edd6d81380839f7e4ef5bfb21ecea18be9a062bd6bfa5a45c88
disc_initiation,0x80014A14,0x00005214,06000624,addiu,"$a2, $zero, 6",84a54ed74f3d0edd6d81380839f7e4ef5bfb21ecea18be9a062bd6bfa5a45c88
disc_initiation,0x80014A18,0x00005218,0180073c,lui,"$a3, 0x8001",84a54ed74f3d0edd6d81380839f7e4ef5bfb21ecea18be9a062bd6bfa5a45c88
disc_initiation,0x80014A1C,0x0000521C,1aed010c,jal,0x8007b468,84a54ed74f3d0edd6d81380839f7e4ef5bfb21ecea18be9a062bd6bfa5a45c88
disc_initiation,0x80014A20,0x00005220,a040e724,addiu,"$a3, $a3, 0x40a0",84a54ed74f3d0edd6d81380839f7e4ef5bfb21ecea18be9a062bd6bfa5a45c88
disc_initiation,0x80014A24,0x00005224,09004010,beqz,"$v0, 0x80014a4c",84a54ed74f3d0edd6d81380839f7e4ef5bfb21ecea18be9a062bd6bfa5a45c88
scheduler_bridge,0x80014A5C,0x0000525C,1c028297,lhu,"$v0, 0x21c($gp)",84a54ed74f3d0edd6d81380839f7e4ef5bfb21ecea18be9a062bd6bfa5a45c88
scheduler_bridge,0x80014A60,0x00005260,e8ffbd27,addiu,"$sp, $sp, -0x18",84a54ed74f3d0edd6d81380839f7e4ef5bfb21ecea18be9a062bd6bfa5a45c88
scheduler_bridge,0x80014A64,0x00005264,04004010,beqz,"$v0, 0x80014a78",84a54ed74f3d0edd6d81380839f7e4ef5bfb21ecea18be9a062bd6bfa5a45c88
scheduler_bridge,0x80014A68,0x00005268,1000bfaf,sw,"$ra, 0x10($sp)",84a54ed74f3d0edd6d81380839f7e4ef5bfb21ecea18be9a062bd6bfa5a45c88
scheduler_bridge,0x80014A6C,0x0000526C,1c0280a7,sh,"$zero, 0x21c($gp)",84a54ed74f3d0edd6d81380839f7e4ef5bfb21ecea18be9a062bd6bfa5a45c88
scheduler_bridge,0x80014A70,0x00005270,c8520008,j,0x80014b20,84a54ed74f3d0edd6d81380839f7e4ef5bfb21ecea18be9a062bd6bfa5a45c88
scheduler_bridge,0x80014A74,0x00005274,00000000,nop,,84a54ed74f3d0edd6d81380839f7e4ef5bfb21ecea18be9a062bd6bfa5a45c88
scheduler_bridge,0x80014A78,0x00005278,01000224,addiu,"$v0, $zero, 1",84a54ed74f3d0edd6d81380839f7e4ef5bfb21ecea18be9a062bd6bfa5a45c88
scheduler_bridge,0x80014A7C,0x0000527C,1c0282a7,sh,"$v0, 0x21c($gp)",84a54ed74f3d0edd6d81380839f7e4ef5bfb21ecea18be9a062bd6bfa5a45c88
scheduler_bridge,0x80014A80,0x00005280,e001828f,lw,"$v0, 0x1e0($gp)",84a54ed74f3d0edd6d81380839f7e4ef5bfb21ecea18be9a062bd6bfa5a45c88
scheduler_bridge,0x80014A84,0x00005284,00000000,nop,,84a54ed74f3d0edd6d81380839f7e4ef5bfb21ecea18be9a062bd6bfa5a45c88
scheduler_bridge,0x80014A88,0x00005288,25004014,bnez,"$v0, 0x80014b20",84a54ed74f3d0edd6d81380839f7e4ef5bfb21ecea18be9a062bd6bfa5a45c88
scheduler_bridge,0x80014A8C,0x0000528C,01000224,addiu,"$v0, $zero, 1",84a54ed74f3d0edd6d81380839f7e4ef5bfb21ecea18be9a062bd6bfa5a45c88
scheduler_bridge,0x80014A90,0x00005290,e00182af,sw,"$v0, 0x1e0($gp)",84a54ed74f3d0edd6d81380839f7e4ef5bfb21ecea18be9a062bd6bfa5a45c88
scheduler_bridge,0x80014A94,0x00005294,ec01828f,lw,"$v0, 0x1ec($gp)",84a54ed74f3d0edd6d81380839f7e4ef5bfb21ecea18be9a062bd6bfa5a45c88
scheduler_bridge,0x80014A98,0x00005298,00000000,nop,,84a54ed74f3d0edd6d81380839f7e4ef5bfb21ecea18be9a062bd6bfa5a45c88
scheduler_bridge,0x80014A9C,0x0000529C,10004230,andi,"$v0, $v0, 0x10",84a54ed74f3d0edd6d81380839f7e4ef5bfb21ecea18be9a062bd6bfa5a45c88
scheduler_bridge,0x80014AA0,0x000052A0,08004014,bnez,"$v0, 0x80014ac4",84a54ed74f3d0edd6d81380839f7e4ef5bfb21ecea18be9a062bd6bfa5a45c88
scheduler_bridge,0x80014AA4,0x000052A4,00000000,nop,,84a54ed74f3d0edd6d81380839f7e4ef5bfb21ecea18be9a062bd6bfa5a45c88
scheduler_bridge,0x80014AA8,0x000052A8,ec01828f,lw,"$v0, 0x1ec($gp)",84a54ed74f3d0edd6d81380839f7e4ef5bfb21ecea18be9a062bd6bfa5a45c88
scheduler_bridge,0x80014AAC,0x000052AC,00000000,nop,,84a54ed74f3d0edd6d81380839f7e4ef5bfb21ecea18be9a062bd6bfa5a45c88
scheduler_bridge,0x80014AB0,0x000052B0,20004230,andi,"$v0, $v0, 0x20",84a54ed74f3d0edd6d81380839f7e4ef5bfb21ecea18be9a062bd6bfa5a45c88
scheduler_bridge,0x80014AB4,0x000052B4,03004010,beqz,"$v0, 0x80014ac4",84a54ed74f3d0edd6d81380839f7e4ef5bfb21ecea18be9a062bd6bfa5a45c88
scheduler_bridge,0x80014AB8,0x000052B8,00000000,nop,,84a54ed74f3d0edd6d81380839f7e4ef5bfb21ecea18be9a062bd6bfa5a45c88
scheduler_bridge,0x80014ABC,0x000052BC,f750000c,jal,0x800143dc,84a54ed74f3d0edd6d81380839f7e4ef5bfb21ecea18be9a062bd6bfa5a45c88
scheduler_bridge,0x80014AC0,0x000052C0,00000000,nop,,84a54ed74f3d0edd6d81380839f7e4ef5bfb21ecea18be9a062bd6bfa5a45c88
scheduler_bridge,0x80014AC4,0x000052C4,ec01828f,lw,"$v0, 0x1ec($gp)",84a54ed74f3d0edd6d81380839f7e4ef5bfb21ecea18be9a062bd6bfa5a45c88
scheduler_bridge,0x80014AC8,0x000052C8,00000000,nop,,84a54ed74f3d0edd6d81380839f7e4ef5bfb21ecea18be9a062bd6bfa5a45c88
scheduler_bridge,0x80014ACC,0x000052CC,10004230,andi,"$v0, $v0, 0x10",84a54ed74f3d0edd6d81380839f7e4ef5bfb21ecea18be9a062bd6bfa5a45c88
scheduler_bridge,0x80014AD0,0x000052D0,11004010,beqz,"$v0, 0x80014b18",84a54ed74f3d0edd6d81380839f7e4ef5bfb21ecea18be9a062bd6bfa5a45c88
scheduler_bridge,0x80014AD4,0x000052D4,00000000,nop,,84a54ed74f3d0edd6d81380839f7e4ef5bfb21ecea18be9a062bd6bfa5a45c88
scheduler_bridge,0x80014AD8,0x000052D8,2c02838f,lw,"$v1, 0x22c($gp)",84a54ed74f3d0edd6d81380839f7e4ef5bfb21ecea18be9a062bd6bfa5a45c88
scheduler_bridge,0x80014ADC,0x000052DC,00000000,nop,,84a54ed74f3d0edd6d81380839f7e4ef5bfb21ecea18be9a062bd6bfa5a45c88
scheduler_bridge,0x80014AE0,0x000052E0,09006010,beqz,"$v1, 0x80014b08",84a54ed74f3d0edd6d81380839f7e4ef5bfb21ecea18be9a062bd6bfa5a45c88
scheduler_bridge,0x80014AE4,0x000052E4,40006230,andi,"$v0, $v1, 0x40",84a54ed74f3d0edd6d81380839f7e4ef5bfb21ecea18be9a062bd6bfa5a45c88
scheduler_bridge,0x80014AE8,0x000052E8,07004014,bnez,"$v0, 0x80014b08",84a54ed74f3d0edd6d81380839f7e4ef5bfb21ecea18be9a062bd6bfa5a45c88
scheduler_bridge,0x80014AEC,0x000052EC,40006234,ori,"$v0, $v1, 0x40",84a54ed74f3d0edd6d81380839f7e4ef5bfb21ecea18be9a062bd6bfa5a45c88
scheduler_bridge,0x80014AF0,0x000052F0,2c0282af,sw,"$v0, 0x22c($gp)",84a54ed74f3d0edd6d81380839f7e4ef5bfb21ecea18be9a062bd6bfa5a45c88
scheduler_bridge,0x80014AF4,0x000052F4,0f80023c,lui,"$v0, 0x800f",84a54ed74f3d0edd6d81380839f7e4ef5bfb21ecea18be9a062bd6bfa5a45c88
scheduler_bridge,0x80014AF8,0x000052F8,609e4224,addiu,"$v0, $v0, -0x61a0",84a54ed74f3d0edd6d81380839f7e4ef5bfb21ecea18be9a062bd6bfa5a45c88
scheduler_bridge,0x80014AFC,0x000052FC,05000324,addiu,"$v1, $zero, 5",84a54ed74f3d0edd6d81380839f7e4ef5bfb21ecea18be9a062bd6bfa5a45c88
scheduler_bridge,0x80014B00,0x00005300,460043a0,sb,"$v1, 0x46($v0)",84a54ed74f3d0edd6d81380839f7e4ef5bfb21ecea18be9a062bd6bfa5a45c88
scheduler_bridge,0x80014B04,0x00005304,470040a0,sb,"$zero, 0x47($v0)",84a54ed74f3d0edd6d81380839f7e4ef5bfb21ecea18be9a062bd6bfa5a45c88
scheduler_bridge,0x80014B08,0x00005308,5751000c,jal,0x8001455c,84a54ed74f3d0edd6d81380839f7e4ef5bfb21ecea18be9a062bd6bfa5a45c88
scheduler_bridge,0x80014B0C,0x0000530C,00000000,nop,,84a54ed74f3d0edd6d81380839f7e4ef5bfb21ecea18be9a062bd6bfa5a45c88
scheduler_bridge,0x80014B10,0x00005310,c7520008,j,0x80014b1c,84a54ed74f3d0edd6d81380839f7e4ef5bfb21ecea18be9a062bd6bfa5a45c88
scheduler_bridge,0x80014B14,0x00005314,00000000,nop,,84a54ed74f3d0edd6d81380839f7e4ef5bfb21ecea18be9a062bd6bfa5a45c88
scheduler_bridge,0x80014B18,0x00005318,2c0280af,sw,"$zero, 0x22c($gp)",84a54ed74f3d0edd6d81380839f7e4ef5bfb21ecea18be9a062bd6bfa5a45c88
scheduler_bridge,0x80014B1C,0x0000531C,e00180af,sw,"$zero, 0x1e0($gp)",84a54ed74f3d0edd6d81380839f7e4ef5bfb21ecea18be9a062bd6bfa5a45c88
scheduler_bridge,0x80014B20,0x00005320,1000bf8f,lw,"$ra, 0x10($sp)",84a54ed74f3d0edd6d81380839f7e4ef5bfb21ecea18be9a062bd6bfa5a45c88
scheduler_bridge,0x80014B24,0x00005324,00000000,nop,,84a54ed74f3d0edd6d81380839f7e4ef5bfb21ecea18be9a062bd6bfa5a45c88
scheduler_bridge,0x80014B28,0x00005328,0800e003,jr,$ra,84a54ed74f3d0edd6d81380839f7e4ef5bfb21ecea18be9a062bd6bfa5a45c88
scheduler_bridge,0x80014B2C,0x0000532C,1800bd27,addiu,"$sp, $sp, 0x18",84a54ed74f3d0edd6d81380839f7e4ef5bfb21ecea18be9a062bd6bfa5a45c88
record_request,0x80014E1C,0x0000561C,ec01828f,lw,"$v0, 0x1ec($gp)",84a54ed74f3d0edd6d81380839f7e4ef5bfb21ecea18be9a062bd6bfa5a45c88
record_request,0x80014E20,0x00005620,0402838f,lw,"$v1, 0x204($gp)",84a54ed74f3d0edd6d81380839f7e4ef5bfb21ecea18be9a062bd6bfa5a45c88
record_request,0x80014E24,0x00005624,c8ffbd27,addiu,"$sp, $sp, -0x38",84a54ed74f3d0edd6d81380839f7e4ef5bfb21ecea18be9a062bd6bfa5a45c88
record_request,0x80014E28,0x00005628,2400b1af,sw,"$s1, 0x24($sp)",84a54ed74f3d0edd6d81380839f7e4ef5bfb21ecea18be9a062bd6bfa5a45c88
record_request,0x80014E2C,0x0000562C,21888000,move,"$s1, $a0",84a54ed74f3d0edd6d81380839f7e4ef5bfb21ecea18be9a062bd6bfa5a45c88
record_request,0x80014E30,0x00005630,2800b2af,sw,"$s2, 0x28($sp)",84a54ed74f3d0edd6d81380839f7e4ef5bfb21ecea18be9a062bd6bfa5a45c88
record_request,0x80014E34,0x00005634,2190a000,move,"$s2, $a1",84a54ed74f3d0edd6d81380839f7e4ef5bfb21ecea18be9a062bd6bfa5a45c88
record_request,0x80014E38,0x00005638,2c00b3af,sw,"$s3, 0x2c($sp)",84a54ed74f3d0edd6d81380839f7e4ef5bfb21ecea18be9a062bd6bfa5a45c88
record_request,0x80014E3C,0x0000563C,2198c000,move,"$s3, $a2",84a54ed74f3d0edd6d81380839f7e4ef5bfb21ecea18be9a062bd6bfa5a45c88
record_request,0x80014E40,0x00005640,2000b0af,sw,"$s0, 0x20($sp)",84a54ed74f3d0edd6d81380839f7e4ef5bfb21ecea18be9a062bd6bfa5a45c88
record_request,0x80014E44,0x00005644,3000bfaf,sw,"$ra, 0x30($sp)",84a54ed74f3d0edd6d81380839f7e4ef5bfb21ecea18be9a062bd6bfa5a45c88
record_request,0x80014E48,0x00005648,40004234,ori,"$v0, $v0, 0x40",84a54ed74f3d0edd6d81380839f7e4ef5bfb21ecea18be9a062bd6bfa5a45c88
record_request,0x80014E4C,0x0000564C,ec0182af,sw,"$v0, 0x1ec($gp)",84a54ed74f3d0edd6d81380839f7e4ef5bfb21ecea18be9a062bd6bfa5a45c88
record_request,0x80014E50,0x00005650,0b006014,bnez,"$v1, 0x80014e80",84a54ed74f3d0edd6d81380839f7e4ef5bfb21ecea18be9a062bd6bfa5a45c88
record_request,0x80014E54,0x00005654,2180e000,move,"$s0, $a3",84a54ed74f3d0edd6d81380839f7e4ef5bfb21ecea18be9a062bd6bfa5a45c88
record_request,0x80014E58,0x00005658,0002023c,lui,"$v0, 0x200",84a54ed74f3d0edd6d81380839f7e4ef5bfb21ecea18be9a062bd6bfa5a45c88
record_request,0x80014E5C,0x0000565C,30004234,ori,"$v0, $v0, 0x30",84a54ed74f3d0edd6d81380839f7e4ef5bfb21ecea18be9a062bd6bfa5a45c88
record_request,0x80014E60,0x00005660,ec01838f,lw,"$v1, 0x1ec($gp)",84a54ed74f3d0edd6d81380839f7e4ef5bfb21ecea18be9a062bd6bfa5a45c88
record_request,0x80014E64,0x00005664,2c02848f,lw,"$a0, 0x22c($gp)",84a54ed74f3d0edd6d81380839f7e4ef5bfb21ecea18be9a062bd6bfa5a45c88
record_request,0x80014E68,0x00005668,24186200,and,"$v1, $v1, $v0",84a54ed74f3d0edd6d81380839f7e4ef5bfb21ecea18be9a062bd6bfa5a45c88
record_request,0x80014E6C,0x0000566C,25186400,or,"$v1, $v1, $a0",84a54ed74f3d0edd6d81380839f7e4ef5bfb21ecea18be9a062bd6bfa5a45c88
record_request,0x80014E70,0x00005670,05006010,beqz,"$v1, 0x80014e88",84a54ed74f3d0edd6d81380839f7e4ef5bfb21ecea18be9a062bd6bfa5a45c88
record_request,0x80014E74,0x00005674,21100000,move,"$v0, $zero",84a54ed74f3d0edd6d81380839f7e4ef5bfb21ecea18be9a062bd6bfa5a45c88
record_request,0x80014E78,0x00005678,b1530008,j,0x80014ec4,84a54ed74f3d0edd6d81380839f7e4ef5bfb21ecea18be9a062bd6bfa5a45c88
record_request,0x80014E7C,0x0000567C,00000000,nop,,84a54ed74f3d0edd6d81380839f7e4ef5bfb21ecea18be9a062bd6bfa5a45c88
record_request,0x80014E80,0x00005680,09f86000,jalr,$v1,84a54ed74f3d0edd6d81380839f7e4ef5bfb21ecea18be9a062bd6bfa5a45c88
record_request,0x80014E84,0x00005684,00000000,nop,,84a54ed74f3d0edd6d81380839f7e4ef5bfb21ecea18be9a062bd6bfa5a45c88
record_request,0x80014E88,0x00005688,1000b0af,sw,"$s0, 0x10($sp)",84a54ed74f3d0edd6d81380839f7e4ef5bfb21ecea18be9a062bd6bfa5a45c88
record_request,0x80014E8C,0x0000568C,0f80103c,lui,"$s0, 0x800f",84a54ed74f3d0edd6d81380839f7e4ef5bfb21ecea18be9a062bd6bfa5a45c88
record_request,0x80014E90,0x00005690,609e1026,addiu,"$s0, $s0, -0x61a0",84a54ed74f3d0edd6d81380839f7e4ef5bfb21ecea18be9a062bd6bfa5a45c88
record_request,0x80014E94,0x00005694,21200002,move,"$a0, $s0",84a54ed74f3d0edd6d81380839f7e4ef5bfb21ecea18be9a062bd6bfa5a45c88
record_request,0x80014E98,0x00005698,4800a28f,lw,"$v0, 0x48($sp)",84a54ed74f3d0edd6d81380839f7e4ef5bfb21ecea18be9a062bd6bfa5a45c88
record_request,0x80014E9C,0x0000569C,21282002,move,"$a1, $s1",84a54ed74f3d0edd6d81380839f7e4ef5bfb21ecea18be9a062bd6bfa5a45c88
record_request,0x80014EA0,0x000056A0,1400a2af,sw,"$v0, 0x14($sp)",84a54ed74f3d0edd6d81380839f7e4ef5bfb21ecea18be9a062bd6bfa5a45c88
record_request,0x80014EA4,0x000056A4,4c00a28f,lw,"$v0, 0x4c($sp)",84a54ed74f3d0edd6d81380839f7e4ef5bfb21ecea18be9a062bd6bfa5a45c88
record_request,0x80014EA8,0x000056A8,21304002,move,"$a2, $s2",84a54ed74f3d0edd6d81380839f7e4ef5bfb21ecea18be9a062bd6bfa5a45c88
record_request,0x80014EAC,0x000056AC,1800a2af,sw,"$v0, 0x18($sp)",84a54ed74f3d0edd6d81380839f7e4ef5bfb21ecea18be9a062bd6bfa5a45c88
record_request,0x80014EB0,0x000056B0,5000a28f,lw,"$v0, 0x50($sp)",84a54ed74f3d0edd6d81380839f7e4ef5bfb21ecea18be9a062bd6bfa5a45c88
record_request,0x80014EB4,0x000056B4,21386002,move,"$a3, $s3",84a54ed74f3d0edd6d81380839f7e4ef5bfb21ecea18be9a062bd6bfa5a45c88
record_request,0x80014EB8,0x000056B8,664e000c,jal,0x80013998,84a54ed74f3d0edd6d81380839f7e4ef5bfb21ecea18be9a062bd6bfa5a45c88
record_request,0x80014EBC,0x000056BC,1c00a2af,sw,"$v0, 0x1c($sp)",84a54ed74f3d0edd6d81380839f7e4ef5bfb21ecea18be9a062bd6bfa5a45c88
record_request,0x80014EC0,0x000056C0,21100002,move,"$v0, $s0",84a54ed74f3d0edd6d81380839f7e4ef5bfb21ecea18be9a062bd6bfa5a45c88
record_request,0x80014EC4,0x000056C4,2c00438c,lw,"$v1, 0x2c($v0)",84a54ed74f3d0edd6d81380839f7e4ef5bfb21ecea18be9a062bd6bfa5a45c88
record_request,0x80014EC8,0x000056C8,3000bf8f,lw,"$ra, 0x30($sp)",84a54ed74f3d0edd6d81380839f7e4ef5bfb21ecea18be9a062bd6bfa5a45c88
record_request,0x80014ECC,0x000056CC,2c00b38f,lw,"$s3, 0x2c($sp)",84a54ed74f3d0edd6d81380839f7e4ef5bfb21ecea18be9a062bd6bfa5a45c88
record_request,0x80014ED0,0x000056D0,2800b28f,lw,"$s2, 0x28($sp)",84a54ed74f3d0edd6d81380839f7e4ef5bfb21ecea18be9a062bd6bfa5a45c88
record_request,0x80014ED4,0x000056D4,2400b18f,lw,"$s1, 0x24($sp)",84a54ed74f3d0edd6d81380839f7e4ef5bfb21ecea18be9a062bd6bfa5a45c88
record_request,0x80014ED8,0x000056D8,2000b08f,lw,"$s0, 0x20($sp)",84a54ed74f3d0edd6d81380839f7e4ef5bfb21ecea18be9a062bd6bfa5a45c88
record_request,0x80014EDC,0x000056DC,10006334,ori,"$v1, $v1, 0x10",84a54ed74f3d0edd6d81380839f7e4ef5bfb21ecea18be9a062bd6bfa5a45c88
record_request,0x80014EE0,0x000056E0,ec0183af,sw,"$v1, 0x1ec($gp)",84a54ed74f3d0edd6d81380839f7e4ef5bfb21ecea18be9a062bd6bfa5a45c88
record_request,0x80014EE4,0x000056E4,0800e003,jr,$ra,84a54ed74f3d0edd6d81380839f7e4ef5bfb21ecea18be9a062bd6bfa5a45c88
record_request,0x80014EE8,0x000056E8,3800bd27,addiu,"$sp, $sp, 0x38",84a54ed74f3d0edd6d81380839f7e4ef5bfb21ecea18be9a062bd6bfa5a45c88
record_callsite,0x80017AB0,0x000082B0,0a80023c,lui,"$v0, 0x800a",84a54ed74f3d0edd6d81380839f7e4ef5bfb21ecea18be9a062bd6bfa5a45c88
record_callsite,0x80017AB4,0x000082B4,61b34280,lb,"$v0, -0x4c9f($v0)",84a54ed74f3d0edd6d81380839f7e4ef5bfb21ecea18be9a062bd6bfa5a45c88
record_callsite,0x80017AB8,0x000082B8,00000000,nop,,84a54ed74f3d0edd6d81380839f7e4ef5bfb21ecea18be9a062bd6bfa5a45c88
record_callsite,0x80017ABC,0x000082BC,0c004004,bltz,"$v0, 0x80017af0",84a54ed74f3d0edd6d81380839f7e4ef5bfb21ecea18be9a062bd6bfa5a45c88
record_callsite,0x80017AC0,0x000082C0,04300202,sllv,"$a2, $v0, $s0",84a54ed74f3d0edd6d81380839f7e4ef5bfb21ecea18be9a062bd6bfa5a45c88
record_callsite,0x80017AC4,0x000082C4,21200000,move,"$a0, $zero",84a54ed74f3d0edd6d81380839f7e4ef5bfb21ecea18be9a062bd6bfa5a45c88
record_callsite,0x80017AC8,0x000082C8,21288000,move,"$a1, $a0",84a54ed74f3d0edd6d81380839f7e4ef5bfb21ecea18be9a062bd6bfa5a45c88
record_callsite,0x80017ACC,0x000082CC,2130c200,addu,"$a2, $a2, $v0",84a54ed74f3d0edd6d81380839f7e4ef5bfb21ecea18be9a062bd6bfa5a45c88
record_callsite,0x80017AD0,0x000082D0,331dc624,addiu,"$a2, $a2, 0x1d33",84a54ed74f3d0edd6d81380839f7e4ef5bfb21ecea18be9a062bd6bfa5a45c88
record_callsite,0x80017AD4,0x000082D4,03000724,addiu,"$a3, $zero, 3",84a54ed74f3d0edd6d81380839f7e4ef5bfb21ecea18be9a062bd6bfa5a45c88
record_callsite,0x80017AD8,0x000082D8,1880023c,lui,"$v0, 0x8018",84a54ed74f3d0edd6d81380839f7e4ef5bfb21ecea18be9a062bd6bfa5a45c88
record_callsite,0x80017ADC,0x000082DC,d8814224,addiu,"$v0, $v0, -0x7e28",84a54ed74f3d0edd6d81380839f7e4ef5bfb21ecea18be9a062bd6bfa5a45c88
record_callsite,0x80017AE0,0x000082E0,1000a0af,sw,"$zero, 0x10($sp)",84a54ed74f3d0edd6d81380839f7e4ef5bfb21ecea18be9a062bd6bfa5a45c88
record_callsite,0x80017AE4,0x000082E4,1400a0af,sw,"$zero, 0x14($sp)",84a54ed74f3d0edd6d81380839f7e4ef5bfb21ecea18be9a062bd6bfa5a45c88
record_callsite,0x80017AE8,0x000082E8,8753000c,jal,0x80014e1c,84a54ed74f3d0edd6d81380839f7e4ef5bfb21ecea18be9a062bd6bfa5a45c88
record_callsite,0x80017AEC,0x000082EC,1800a2af,sw,"$v0, 0x18($sp)",84a54ed74f3d0edd6d81380839f7e4ef5bfb21ecea18be9a062bd6bfa5a45c88
record_callsite,0x80017AF0,0x000082F0,cd0280a3,sb,"$zero, 0x2cd($gp)",84a54ed74f3d0edd6d81380839f7e4ef5bfb21ecea18be9a062bd6bfa5a45c88
object_pool_allocation,0x80017BE0,0x000083E0,0b00010c,jal,0x8004002c,84a54ed74f3d0edd6d81380839f7e4ef5bfb21ecea18be9a062bd6bfa5a45c88
object_pool_allocation,0x80017BE4,0x000083E4,00000000,nop,,84a54ed74f3d0edd6d81380839f7e4ef5bfb21ecea18be9a062bd6bfa5a45c88
object_pool_allocation,0x80017BE8,0x000083E8,21204000,move,"$a0, $v0",84a54ed74f3d0edd6d81380839f7e4ef5bfb21ecea18be9a062bd6bfa5a45c88
object_pool_allocation,0x80017BEC,0x000083EC,2b00010c,jal,0x800400ac,84a54ed74f3d0edd6d81380839f7e4ef5bfb21ecea18be9a062bd6bfa5a45c88
object_pool_allocation,0x80017BF0,0x000083F0,02000524,addiu,"$a1, $zero, 2",84a54ed74f3d0edd6d81380839f7e4ef5bfb21ecea18be9a062bd6bfa5a45c88
object_pool_allocation,0x80017BF4,0x000083F4,21904000,move,"$s2, $v0",84a54ed74f3d0edd6d81380839f7e4ef5bfb21ecea18be9a062bd6bfa5a45c88
object_pool_allocation,0x80017BF8,0x000083F8,21204002,move,"$a0, $s2",84a54ed74f3d0edd6d81380839f7e4ef5bfb21ecea18be9a062bd6bfa5a45c88
object_pool_allocation,0x80017BFC,0x000083FC,0c000524,addiu,"$a1, $zero, 0xc",84a54ed74f3d0edd6d81380839f7e4ef5bfb21ecea18be9a062bd6bfa5a45c88
object_pool_allocation,0x80017C00,0x00008400,18000624,addiu,"$a2, $zero, 0x18",84a54ed74f3d0edd6d81380839f7e4ef5bfb21ecea18be9a062bd6bfa5a45c88
object_pool_allocation,0x80017C04,0x00008404,04000724,addiu,"$a3, $zero, 4",84a54ed74f3d0edd6d81380839f7e4ef5bfb21ecea18be9a062bd6bfa5a45c88
object_pool_allocation,0x80017C08,0x00008408,02000224,addiu,"$v0, $zero, 2",84a54ed74f3d0edd6d81380839f7e4ef5bfb21ecea18be9a062bd6bfa5a45c88
object_pool_allocation,0x80017C0C,0x0000840C,0a80033c,lui,"$v1, 0x800a",84a54ed74f3d0edd6d81380839f7e4ef5bfb21ecea18be9a062bd6bfa5a45c88
object_pool_allocation,0x80017C10,0x00008410,64b36390,lbu,"$v1, -0x4c9c($v1)",84a54ed74f3d0edd6d81380839f7e4ef5bfb21ecea18be9a062bd6bfa5a45c88
object_pool_allocation,0x80017C14,0x00008414,1000a2af,sw,"$v0, 0x10($sp)",84a54ed74f3d0edd6d81380839f7e4ef5bfb21ecea18be9a062bd6bfa5a45c88
object_pool_allocation,0x80017C18,0x00008418,dc020224,addiu,"$v0, $zero, 0x2dc",84a54ed74f3d0edd6d81380839f7e4ef5bfb21ecea18be9a062bd6bfa5a45c88
object_pool_allocation,0x80017C1C,0x0000841C,1800b1af,sw,"$s1, 0x18($sp)",84a54ed74f3d0edd6d81380839f7e4ef5bfb21ecea18be9a062bd6bfa5a45c88
object_pool_allocation,0x80017C20,0x00008420,1c00a2af,sw,"$v0, 0x1c($sp)",84a54ed74f3d0edd6d81380839f7e4ef5bfb21ecea18be9a062bd6bfa5a45c88
object_pool_allocation,0x80017C24,0x00008424,3301010c,jal,0x800404cc,84a54ed74f3d0edd6d81380839f7e4ef5bfb21ecea18be9a062bd6bfa5a45c88
object_pool_allocation,0x80017C28,0x00008428,1400a3af,sw,"$v1, 0x14($sp)",84a54ed74f3d0edd6d81380839f7e4ef5bfb21ecea18be9a062bd6bfa5a45c88
object_pool_allocation,0x80017C2C,0x0000842C,460a010c,jal,0x80042918,84a54ed74f3d0edd6d81380839f7e4ef5bfb21ecea18be9a062bd6bfa5a45c88
object_pool_allocation,0x80017C30,0x00008430,21204002,move,"$a0, $s2",84a54ed74f3d0edd6d81380839f7e4ef5bfb21ecea18be9a062bd6bfa5a45c88
object_pool_allocation,0x80017C34,0x00008434,08004296,lhu,"$v0, 8($s2)",84a54ed74f3d0edd6d81380839f7e4ef5bfb21ecea18be9a062bd6bfa5a45c88
object_pool_allocation,0x80017C38,0x00008438,00000000,nop,,84a54ed74f3d0edd6d81380839f7e4ef5bfb21ecea18be9a062bd6bfa5a45c88
object_pool_allocation,0x80017C3C,0x0000843C,08004234,ori,"$v0, $v0, 8",84a54ed74f3d0edd6d81380839f7e4ef5bfb21ecea18be9a062bd6bfa5a45c88
object_pool_allocation,0x80017C40,0x00008440,080042a6,sh,"$v0, 8($s2)",84a54ed74f3d0edd6d81380839f7e4ef5bfb21ecea18be9a062bd6bfa5a45c88
object_pool_allocation,0x80017C44,0x00008444,0a80103c,lui,"$s0, 0x800a",84a54ed74f3d0edd6d81380839f7e4ef5bfb21ecea18be9a062bd6bfa5a45c88
object_pool_allocation,0x80017C48,0x00008448,61b31082,lb,"$s0, -0x4c9f($s0)",84a54ed74f3d0edd6d81380839f7e4ef5bfb21ecea18be9a062bd6bfa5a45c88
object_pool_allocation,0x80017C4C,0x0000844C,0c0392af,sw,"$s2, 0x30c($gp)",84a54ed74f3d0edd6d81380839f7e4ef5bfb21ecea18be9a062bd6bfa5a45c88
object_pool_allocation,0x80017C50,0x00008450,0b00010c,jal,0x8004002c,84a54ed74f3d0edd6d81380839f7e4ef5bfb21ecea18be9a062bd6bfa5a45c88
auxiliary_record_request,0x800210E0,0x000118E0,8000a234,ori,"$v0, $a1, 0x80",84a54ed74f3d0edd6d81380839f7e4ef5bfb21ecea18be9a062bd6bfa5a45c88
auxiliary_record_request,0x800210E4,0x000118E4,0a80033c,lui,"$v1, 0x800a",84a54ed74f3d0edd6d81380839f7e4ef5bfb21ecea18be9a062bd6bfa5a45c88
auxiliary_record_request,0x800210E8,0x000118E8,61b36380,lb,"$v1, -0x4c9f($v1)",84a54ed74f3d0edd6d81380839f7e4ef5bfb21ecea18be9a062bd6bfa5a45c88
auxiliary_record_request,0x800210EC,0x000118EC,6c0282a3,sb,"$v0, 0x26c($gp)",84a54ed74f3d0edd6d81380839f7e4ef5bfb21ecea18be9a062bd6bfa5a45c88
auxiliary_record_request,0x800210F0,0x000118F0,08000224,addiu,"$v0, $zero, 8",84a54ed74f3d0edd6d81380839f7e4ef5bfb21ecea18be9a062bd6bfa5a45c88
auxiliary_record_request,0x800210F4,0x000118F4,5a0282a7,sh,"$v0, 0x25a($gp)",84a54ed74f3d0edd6d81380839f7e4ef5bfb21ecea18be9a062bd6bfa5a45c88
auxiliary_record_request,0x800210F8,0x000118F8,02006104,bgez,"$v1, 0x80021104",84a54ed74f3d0edd6d81380839f7e4ef5bfb21ecea18be9a062bd6bfa5a45c88
auxiliary_record_request,0x800210FC,0x000118FC,21200000,move,"$a0, $zero",84a54ed74f3d0edd6d81380839f7e4ef5bfb21ecea18be9a062bd6bfa5a45c88
auxiliary_record_request,0x80021100,0x00011900,01000324,addiu,"$v1, $zero, 1",84a54ed74f3d0edd6d81380839f7e4ef5bfb21ecea18be9a062bd6bfa5a45c88
auxiliary_record_request,0x80021104,0x00011904,21288000,move,"$a1, $a0",84a54ed74f3d0edd6d81380839f7e4ef5bfb21ecea18be9a062bd6bfa5a45c88
auxiliary_record_request,0x80021108,0x00011908,40300300,sll,"$a2, $v1, 1",84a54ed74f3d0edd6d81380839f7e4ef5bfb21ecea18be9a062bd6bfa5a45c88
auxiliary_record_request,0x8002110C,0x0001190C,2130c300,addu,"$a2, $a2, $v1",84a54ed74f3d0edd6d81380839f7e4ef5bfb21ecea18be9a062bd6bfa5a45c88
auxiliary_record_request,0x80021110,0x00011910,331dc624,addiu,"$a2, $a2, 0x1d33",84a54ed74f3d0edd6d81380839f7e4ef5bfb21ecea18be9a062bd6bfa5a45c88
auxiliary_record_request,0x80021114,0x00011914,03000724,addiu,"$a3, $zero, 3",84a54ed74f3d0edd6d81380839f7e4ef5bfb21ecea18be9a062bd6bfa5a45c88
auxiliary_record_request,0x80021118,0x00011918,00e80226,addiu,"$v0, $s0, -0x1800",84a54ed74f3d0edd6d81380839f7e4ef5bfb21ecea18be9a062bd6bfa5a45c88
auxiliary_record_request,0x8002111C,0x0001191C,1000a0af,sw,"$zero, 0x10($sp)",84a54ed74f3d0edd6d81380839f7e4ef5bfb21ecea18be9a062bd6bfa5a45c88
auxiliary_record_request,0x80021120,0x00011920,1400a0af,sw,"$zero, 0x14($sp)",84a54ed74f3d0edd6d81380839f7e4ef5bfb21ecea18be9a062bd6bfa5a45c88
auxiliary_record_request,0x80021124,0x00011924,8753000c,jal,0x80014e1c,84a54ed74f3d0edd6d81380839f7e4ef5bfb21ecea18be9a062bd6bfa5a45c88
auxiliary_record_request,0x80021128,0x00011928,1800a2af,sw,"$v0, 0x18($sp)",84a54ed74f3d0edd6d81380839f7e4ef5bfb21ecea18be9a062bd6bfa5a45c88
rank_lookup,0x80021558,0x00011D58,80180400,sll,"$v1, $a0, 2",84a54ed74f3d0edd6d81380839f7e4ef5bfb21ecea18be9a062bd6bfa5a45c88
rank_lookup,0x8002155C,0x00011D5C,21186400,addu,"$v1, $v1, $a0",84a54ed74f3d0edd6d81380839f7e4ef5bfb21ecea18be9a062bd6bfa5a45c88
rank_lookup,0x80021560,0x00011D60,80180300,sll,"$v1, $v1, 2",84a54ed74f3d0edd6d81380839f7e4ef5bfb21ecea18be9a062bd6bfa5a45c88
rank_lookup,0x80021564,0x00011D64,1880023c,lui,"$v0, 0x8018",84a54ed74f3d0edd6d81380839f7e4ef5bfb21ecea18be9a062bd6bfa5a45c88
rank_lookup,0x80021568,0x00011D68,a8984224,addiu,"$v0, $v0, -0x6758",84a54ed74f3d0edd6d81380839f7e4ef5bfb21ecea18be9a062bd6bfa5a45c88
rank_lookup,0x8002156C,0x00011D6C,21186200,addu,"$v1, $v1, $v0",84a54ed74f3d0edd6d81380839f7e4ef5bfb21ecea18be9a062bd6bfa5a45c88
rank_lookup,0x80021570,0x00011D70,00006284,lh,"$v0, ($v1)",84a54ed74f3d0edd6d81380839f7e4ef5bfb21ecea18be9a062bd6bfa5a45c88
rank_lookup,0x80021574,0x00011D74,00000000,nop,,84a54ed74f3d0edd6d81380839f7e4ef5bfb21ecea18be9a062bd6bfa5a45c88
rank_lookup,0x80021578,0x00011D78,2a10a200,slt,"$v0, $a1, $v0",84a54ed74f3d0edd6d81380839f7e4ef5bfb21ecea18be9a062bd6bfa5a45c88
rank_lookup,0x8002157C,0x00011D7C,03004014,bnez,"$v0, 0x8002158c",84a54ed74f3d0edd6d81380839f7e4ef5bfb21ecea18be9a062bd6bfa5a45c88
rank_lookup,0x80021580,0x00011D80,00000000,nop,,84a54ed74f3d0edd6d81380839f7e4ef5bfb21ecea18be9a062bd6bfa5a45c88
rank_lookup,0x80021584,0x00011D84,5c850008,j,0x80021570,84a54ed74f3d0edd6d81380839f7e4ef5bfb21ecea18be9a062bd6bfa5a45c88
rank_lookup,0x80021588,0x00011D88,04006324,addiu,"$v1, $v1, 4",84a54ed74f3d0edd6d81380839f7e4ef5bfb21ecea18be9a062bd6bfa5a45c88
rank_lookup,0x8002158C,0x00011D8C,02006284,lh,"$v0, 2($v1)",84a54ed74f3d0edd6d81380839f7e4ef5bfb21ecea18be9a062bd6bfa5a45c88
rank_lookup,0x80021590,0x00011D90,0800e003,jr,$ra,84a54ed74f3d0edd6d81380839f7e4ef5bfb21ecea18be9a062bd6bfa5a45c88
rank_lookup,0x80021594,0x00011D94,00000000,nop,,84a54ed74f3d0edd6d81380839f7e4ef5bfb21ecea18be9a062bd6bfa5a45c88
rank_consumers,0x80021638,0x00011E38,32000224,addiu,"$v0, $zero, 0x32",84a54ed74f3d0edd6d81380839f7e4ef5bfb21ecea18be9a062bd6bfa5a45c88
rank_consumers,0x8002163C,0x00011E3C,300002ae,sw,"$v0, 0x30($s0)",84a54ed74f3d0edd6d81380839f7e4ef5bfb21ecea18be9a062bd6bfa5a45c88
rank_consumers,0x80021640,0x00011E40,2c0002ae,sw,"$v0, 0x2c($s0)",84a54ed74f3d0edd6d81380839f7e4ef5bfb21ecea18be9a062bd6bfa5a45c88
rank_consumers,0x80021644,0x00011E44,00006382,lb,"$v1, ($s3)",84a54ed74f3d0edd6d81380839f7e4ef5bfb21ecea18be9a062bd6bfa5a45c88
rank_consumers,0x80021648,0x00011E48,2c00028e,lw,"$v0, 0x2c($s0)",84a54ed74f3d0edd6d81380839f7e4ef5bfb21ecea18be9a062bd6bfa5a45c88
rank_consumers,0x8002164C,0x00011E4C,00000000,nop,,84a54ed74f3d0edd6d81380839f7e4ef5bfb21ecea18be9a062bd6bfa5a45c88
rank_consumers,0x80021650,0x00011E50,21104300,addu,"$v0, $v0, $v1",84a54ed74f3d0edd6d81380839f7e4ef5bfb21ecea18be9a062bd6bfa5a45c88
rank_consumers,0x80021654,0x00011E54,2c0002ae,sw,"$v0, 0x2c($s0)",84a54ed74f3d0edd6d81380839f7e4ef5bfb21ecea18be9a062bd6bfa5a45c88
rank_consumers,0x80021658,0x00011E58,17002582,lb,"$a1, 0x17($s1)",84a54ed74f3d0edd6d81380839f7e4ef5bfb21ecea18be9a062bd6bfa5a45c88
rank_consumers,0x8002165C,0x00011E5C,06000424,addiu,"$a0, $zero, 6",84a54ed74f3d0edd6d81380839f7e4ef5bfb21ecea18be9a062bd6bfa5a45c88
rank_consumers,0x80021660,0x00011E60,5685000c,jal,0x80021558,84a54ed74f3d0edd6d81380839f7e4ef5bfb21ecea18be9a062bd6bfa5a45c88
rank_consumers,0x80021664,0x00011E64,000085ae,sw,"$a1, ($s4)",84a54ed74f3d0edd6d81380839f7e4ef5bfb21ecea18be9a062bd6bfa5a45c88
rank_consumers,0x80021668,0x00011E68,2c00038e,lw,"$v1, 0x2c($s0)",84a54ed74f3d0edd6d81380839f7e4ef5bfb21ecea18be9a062bd6bfa5a45c88
rank_consumers,0x8002166C,0x00011E6C,00000000,nop,,84a54ed74f3d0edd6d81380839f7e4ef5bfb21ecea18be9a062bd6bfa5a45c88
rank_consumers,0x80021670,0x00011E70,21186200,addu,"$v1, $v1, $v0",84a54ed74f3d0edd6d81380839f7e4ef5bfb21ecea18be9a062bd6bfa5a45c88
rank_consumers,0x80021674,0x00011E74,2c0003ae,sw,"$v1, 0x2c($s0)",84a54ed74f3d0edd6d81380839f7e4ef5bfb21ecea18be9a062bd6bfa5a45c88
rank_consumers,0x80021678,0x00011E78,13002586,lh,"$a1, 0x13($s1)",84a54ed74f3d0edd6d81380839f7e4ef5bfb21ecea18be9a062bd6bfa5a45c88
rank_consumers,0x8002167C,0x00011E7C,07000424,addiu,"$a0, $zero, 7",84a54ed74f3d0edd6d81380839f7e4ef5bfb21ecea18be9a062bd6bfa5a45c88
rank_consumers,0x80021680,0x00011E80,5685000c,jal,0x80021558,84a54ed74f3d0edd6d81380839f7e4ef5bfb21ecea18be9a062bd6bfa5a45c88
rank_consumers,0x80021684,0x00011E84,90ff45ae,sw,"$a1, -0x70($s2)",84a54ed74f3d0edd6d81380839f7e4ef5bfb21ecea18be9a062bd6bfa5a45c88
rank_consumers,0x80021688,0x00011E88,2c00038e,lw,"$v1, 0x2c($s0)",84a54ed74f3d0edd6d81380839f7e4ef5bfb21ecea18be9a062bd6bfa5a45c88
rank_consumers,0x8002168C,0x00011E8C,00000000,nop,,84a54ed74f3d0edd6d81380839f7e4ef5bfb21ecea18be9a062bd6bfa5a45c88
rank_consumers,0x80021690,0x00011E90,21186200,addu,"$v1, $v1, $v0",84a54ed74f3d0edd6d81380839f7e4ef5bfb21ecea18be9a062bd6bfa5a45c88
rank_consumers,0x80021694,0x00011E94,2c0003ae,sw,"$v1, 0x2c($s0)",84a54ed74f3d0edd6d81380839f7e4ef5bfb21ecea18be9a062bd6bfa5a45c88
rank_consumers,0x80021698,0x00011E98,0d002286,lh,"$v0, 0xd($s1)",84a54ed74f3d0edd6d81380839f7e4ef5bfb21ecea18be9a062bd6bfa5a45c88
rank_consumers,0x8002169C,0x00011E9C,00000000,nop,,84a54ed74f3d0edd6d81380839f7e4ef5bfb21ecea18be9a062bd6bfa5a45c88
rank_consumers,0x800216A0,0x00011EA0,98ff42ae,sw,"$v0, -0x68($s2)",84a54ed74f3d0edd6d81380839f7e4ef5bfb21ecea18be9a062bd6bfa5a45c88
rank_consumers,0x800216A4,0x00011EA4,0a002292,lbu,"$v0, 0xa($s1)",84a54ed74f3d0edd6d81380839f7e4ef5bfb21ecea18be9a062bd6bfa5a45c88
rank_consumers,0x800216A8,0x00011EA8,00000000,nop,,84a54ed74f3d0edd6d81380839f7e4ef5bfb21ecea18be9a062bd6bfa5a45c88
rank_consumers,0x800216AC,0x00011EAC,a0ff42ae,sw,"$v0, -0x60($s2)",84a54ed74f3d0edd6d81380839f7e4ef5bfb21ecea18be9a062bd6bfa5a45c88
rank_consumers,0x800216B0,0x00011EB0,01002592,lbu,"$a1, 1($s1)",84a54ed74f3d0edd6d81380839f7e4ef5bfb21ecea18be9a062bd6bfa5a45c88
rank_consumers,0x800216B4,0x00011EB4,01000424,addiu,"$a0, $zero, 1",84a54ed74f3d0edd6d81380839f7e4ef5bfb21ecea18be9a062bd6bfa5a45c88
rank_consumers,0x800216B8,0x00011EB8,5685000c,jal,0x80021558,84a54ed74f3d0edd6d81380839f7e4ef5bfb21ecea18be9a062bd6bfa5a45c88
rank_consumers,0x800216BC,0x00011EBC,a8ff45ae,sw,"$a1, -0x58($s2)",84a54ed74f3d0edd6d81380839f7e4ef5bfb21ecea18be9a062bd6bfa5a45c88
rank_consumers,0x800216C0,0x00011EC0,2c00038e,lw,"$v1, 0x2c($s0)",84a54ed74f3d0edd6d81380839f7e4ef5bfb21ecea18be9a062bd6bfa5a45c88
rank_consumers,0x800216C4,0x00011EC4,00000000,nop,,84a54ed74f3d0edd6d81380839f7e4ef5bfb21ecea18be9a062bd6bfa5a45c88
rank_consumers,0x800216C8,0x00011EC8,21186200,addu,"$v1, $v1, $v0",84a54ed74f3d0edd6d81380839f7e4ef5bfb21ecea18be9a062bd6bfa5a45c88
rank_consumers,0x800216CC,0x00011ECC,2c0003ae,sw,"$v1, 0x2c($s0)",84a54ed74f3d0edd6d81380839f7e4ef5bfb21ecea18be9a062bd6bfa5a45c88
rank_consumers,0x800216D0,0x00011ED0,0f002286,lh,"$v0, 0xf($s1)",84a54ed74f3d0edd6d81380839f7e4ef5bfb21ecea18be9a062bd6bfa5a45c88
rank_consumers,0x800216D4,0x00011ED4,00000000,nop,,84a54ed74f3d0edd6d81380839f7e4ef5bfb21ecea18be9a062bd6bfa5a45c88
rank_consumers,0x800216D8,0x00011ED8,b0ff42ae,sw,"$v0, -0x50($s2)",84a54ed74f3d0edd6d81380839f7e4ef5bfb21ecea18be9a062bd6bfa5a45c88
rank_consumers,0x800216DC,0x00011EDC,0b002292,lbu,"$v0, 0xb($s1)",84a54ed74f3d0edd6d81380839f7e4ef5bfb21ecea18be9a062bd6bfa5a45c88
rank_consumers,0x800216E0,0x00011EE0,00000000,nop,,84a54ed74f3d0edd6d81380839f7e4ef5bfb21ecea18be9a062bd6bfa5a45c88
rank_consumers,0x800216E4,0x00011EE4,b8ff42ae,sw,"$v0, -0x48($s2)",84a54ed74f3d0edd6d81380839f7e4ef5bfb21ecea18be9a062bd6bfa5a45c88
rank_consumers,0x800216E8,0x00011EE8,02002592,lbu,"$a1, 2($s1)",84a54ed74f3d0edd6d81380839f7e4ef5bfb21ecea18be9a062bd6bfa5a45c88
rank_consumers,0x800216EC,0x00011EEC,02000424,addiu,"$a0, $zero, 2",84a54ed74f3d0edd6d81380839f7e4ef5bfb21ecea18be9a062bd6bfa5a45c88
rank_consumers,0x800216F0,0x00011EF0,5685000c,jal,0x80021558,84a54ed74f3d0edd6d81380839f7e4ef5bfb21ecea18be9a062bd6bfa5a45c88
rank_consumers,0x800216F4,0x00011EF4,c0ff45ae,sw,"$a1, -0x40($s2)",84a54ed74f3d0edd6d81380839f7e4ef5bfb21ecea18be9a062bd6bfa5a45c88
rank_consumers,0x800216F8,0x00011EF8,2c00038e,lw,"$v1, 0x2c($s0)",84a54ed74f3d0edd6d81380839f7e4ef5bfb21ecea18be9a062bd6bfa5a45c88
rank_consumers,0x800216FC,0x00011EFC,00000000,nop,,84a54ed74f3d0edd6d81380839f7e4ef5bfb21ecea18be9a062bd6bfa5a45c88
rank_consumers,0x80021700,0x00011F00,21186200,addu,"$v1, $v1, $v0",84a54ed74f3d0edd6d81380839f7e4ef5bfb21ecea18be9a062bd6bfa5a45c88
rank_consumers,0x80021704,0x00011F04,2c0003ae,sw,"$v1, 0x2c($s0)",84a54ed74f3d0edd6d81380839f7e4ef5bfb21ecea18be9a062bd6bfa5a45c88
rank_consumers,0x80021708,0x00011F08,06002292,lbu,"$v0, 6($s1)",84a54ed74f3d0edd6d81380839f7e4ef5bfb21ecea18be9a062bd6bfa5a45c88
rank_consumers,0x8002170C,0x00011F0C,00000000,nop,,84a54ed74f3d0edd6d81380839f7e4ef5bfb21ecea18be9a062bd6bfa5a45c88
rank_consumers,0x80021710,0x00011F10,c8ff42ae,sw,"$v0, -0x38($s2)",84a54ed74f3d0edd6d81380839f7e4ef5bfb21ecea18be9a062bd6bfa5a45c88
rank_consumers,0x80021714,0x00011F14,03002592,lbu,"$a1, 3($s1)",84a54ed74f3d0edd6d81380839f7e4ef5bfb21ecea18be9a062bd6bfa5a45c88
rank_consumers,0x80021718,0x00011F18,03000424,addiu,"$a0, $zero, 3",84a54ed74f3d0edd6d81380839f7e4ef5bfb21ecea18be9a062bd6bfa5a45c88
rank_consumers,0x8002171C,0x00011F1C,5685000c,jal,0x80021558,84a54ed74f3d0edd6d81380839f7e4ef5bfb21ecea18be9a062bd6bfa5a45c88
rank_consumers,0x80021720,0x00011F20,d0ff45ae,sw,"$a1, -0x30($s2)",84a54ed74f3d0edd6d81380839f7e4ef5bfb21ecea18be9a062bd6bfa5a45c88
rank_consumers,0x80021724,0x00011F24,2c00038e,lw,"$v1, 0x2c($s0)",84a54ed74f3d0edd6d81380839f7e4ef5bfb21ecea18be9a062bd6bfa5a45c88
rank_consumers,0x80021728,0x00011F28,00000000,nop,,84a54ed74f3d0edd6d81380839f7e4ef5bfb21ecea18be9a062bd6bfa5a45c88
rank_consumers,0x8002172C,0x00011F2C,21186200,addu,"$v1, $v1, $v0",84a54ed74f3d0edd6d81380839f7e4ef5bfb21ecea18be9a062bd6bfa5a45c88
rank_consumers,0x80021730,0x00011F30,2c0003ae,sw,"$v1, 0x2c($s0)",84a54ed74f3d0edd6d81380839f7e4ef5bfb21ecea18be9a062bd6bfa5a45c88
rank_consumers,0x80021734,0x00011F34,07002592,lbu,"$a1, 7($s1)",84a54ed74f3d0edd6d81380839f7e4ef5bfb21ecea18be9a062bd6bfa5a45c88
rank_consumers,0x80021738,0x00011F38,08000424,addiu,"$a0, $zero, 8",84a54ed74f3d0edd6d81380839f7e4ef5bfb21ecea18be9a062bd6bfa5a45c88
rank_consumers,0x8002173C,0x00011F3C,5685000c,jal,0x80021558,84a54ed74f3d0edd6d81380839f7e4ef5bfb21ecea18be9a062bd6bfa5a45c88
rank_consumers,0x80021740,0x00011F40,d8ff45ae,sw,"$a1, -0x28($s2)",84a54ed74f3d0edd6d81380839f7e4ef5bfb21ecea18be9a062bd6bfa5a45c88
rank_consumers,0x80021744,0x00011F44,2c00038e,lw,"$v1, 0x2c($s0)",84a54ed74f3d0edd6d81380839f7e4ef5bfb21ecea18be9a062bd6bfa5a45c88
rank_consumers,0x80021748,0x00011F48,00000000,nop,,84a54ed74f3d0edd6d81380839f7e4ef5bfb21ecea18be9a062bd6bfa5a45c88
rank_consumers,0x8002174C,0x00011F4C,21186200,addu,"$v1, $v1, $v0",84a54ed74f3d0edd6d81380839f7e4ef5bfb21ecea18be9a062bd6bfa5a45c88
rank_consumers,0x80021750,0x00011F50,2c0003ae,sw,"$v1, 0x2c($s0)",84a54ed74f3d0edd6d81380839f7e4ef5bfb21ecea18be9a062bd6bfa5a45c88
rank_consumers,0x80021754,0x00011F54,08002592,lbu,"$a1, 8($s1)",84a54ed74f3d0edd6d81380839f7e4ef5bfb21ecea18be9a062bd6bfa5a45c88
rank_consumers,0x80021758,0x00011F58,09000424,addiu,"$a0, $zero, 9",84a54ed74f3d0edd6d81380839f7e4ef5bfb21ecea18be9a062bd6bfa5a45c88
rank_consumers,0x8002175C,0x00011F5C,5685000c,jal,0x80021558,84a54ed74f3d0edd6d81380839f7e4ef5bfb21ecea18be9a062bd6bfa5a45c88
rank_consumers,0x80021760,0x00011F60,e0ff45ae,sw,"$a1, -0x20($s2)",84a54ed74f3d0edd6d81380839f7e4ef5bfb21ecea18be9a062bd6bfa5a45c88
rank_consumers,0x80021764,0x00011F64,2c00038e,lw,"$v1, 0x2c($s0)",84a54ed74f3d0edd6d81380839f7e4ef5bfb21ecea18be9a062bd6bfa5a45c88
rank_consumers,0x80021768,0x00011F68,0100b526,addiu,"$s5, $s5, 1",84a54ed74f3d0edd6d81380839f7e4ef5bfb21ecea18be9a062bd6bfa5a45c88
rank_consumers,0x8002176C,0x00011F6C,21186200,addu,"$v1, $v1, $v0",84a54ed74f3d0edd6d81380839f7e4ef5bfb21ecea18be9a062bd6bfa5a45c88
rank_consumers,0x80021770,0x00011F70,2c0003ae,sw,"$v1, 0x2c($s0)",84a54ed74f3d0edd6d81380839f7e4ef5bfb21ecea18be9a062bd6bfa5a45c88
rank_consumers,0x80021774,0x00011F74,09002292,lbu,"$v0, 9($s1)",84a54ed74f3d0edd6d81380839f7e4ef5bfb21ecea18be9a062bd6bfa5a45c88
rank_consumers,0x80021778,0x00011F78,20007326,addiu,"$s3, $s3, 0x20",84a54ed74f3d0edd6d81380839f7e4ef5bfb21ecea18be9a062bd6bfa5a45c88
rank_consumers,0x8002177C,0x00011F7C,e8ff42ae,sw,"$v0, -0x18($s2)",84a54ed74f3d0edd6d81380839f7e4ef5bfb21ecea18be9a062bd6bfa5a45c88
rank_consumers,0x80021780,0x00011F80,04002592,lbu,"$a1, 4($s1)",84a54ed74f3d0edd6d81380839f7e4ef5bfb21ecea18be9a062bd6bfa5a45c88
rank_consumers,0x80021784,0x00011F84,04000424,addiu,"$a0, $zero, 4",84a54ed74f3d0edd6d81380839f7e4ef5bfb21ecea18be9a062bd6bfa5a45c88
rank_consumers,0x80021788,0x00011F88,5685000c,jal,0x80021558,84a54ed74f3d0edd6d81380839f7e4ef5bfb21ecea18be9a062bd6bfa5a45c88
rank_consumers,0x8002178C,0x00011F8C,f0ff45ae,sw,"$a1, -0x10($s2)",84a54ed74f3d0edd6d81380839f7e4ef5bfb21ecea18be9a062bd6bfa5a45c88
rank_consumers,0x80021790,0x00011F90,2c00038e,lw,"$v1, 0x2c($s0)",84a54ed74f3d0edd6d81380839f7e4ef5bfb21ecea18be9a062bd6bfa5a45c88
rank_consumers,0x80021794,0x00011F94,04009426,addiu,"$s4, $s4, 4",84a54ed74f3d0edd6d81380839f7e4ef5bfb21ecea18be9a062bd6bfa5a45c88
rank_consumers,0x80021798,0x00011F98,21186200,addu,"$v1, $v1, $v0",84a54ed74f3d0edd6d81380839f7e4ef5bfb21ecea18be9a062bd6bfa5a45c88
rank_consumers,0x8002179C,0x00011F9C,2c0003ae,sw,"$v1, 0x2c($s0)",84a54ed74f3d0edd6d81380839f7e4ef5bfb21ecea18be9a062bd6bfa5a45c88
rank_consumers,0x800217A0,0x00011FA0,05002592,lbu,"$a1, 5($s1)",84a54ed74f3d0edd6d81380839f7e4ef5bfb21ecea18be9a062bd6bfa5a45c88
rank_consumers,0x800217A4,0x00011FA4,05000424,addiu,"$a0, $zero, 5",84a54ed74f3d0edd6d81380839f7e4ef5bfb21ecea18be9a062bd6bfa5a45c88
rank_consumers,0x800217A8,0x00011FA8,5685000c,jal,0x80021558,84a54ed74f3d0edd6d81380839f7e4ef5bfb21ecea18be9a062bd6bfa5a45c88
rank_consumers,0x800217AC,0x00011FAC,f8ff45ae,sw,"$a1, -8($s2)",84a54ed74f3d0edd6d81380839f7e4ef5bfb21ecea18be9a062bd6bfa5a45c88
rank_consumers,0x800217B0,0x00011FB0,2c00038e,lw,"$v1, 0x2c($s0)",84a54ed74f3d0edd6d81380839f7e4ef5bfb21ecea18be9a062bd6bfa5a45c88
rank_consumers,0x800217B4,0x00011FB4,21200000,move,"$a0, $zero",84a54ed74f3d0edd6d81380839f7e4ef5bfb21ecea18be9a062bd6bfa5a45c88
rank_consumers,0x800217B8,0x00011FB8,21186200,addu,"$v1, $v1, $v0",84a54ed74f3d0edd6d81380839f7e4ef5bfb21ecea18be9a062bd6bfa5a45c88
rank_consumers,0x800217BC,0x00011FBC,2c0003ae,sw,"$v1, 0x2c($s0)",84a54ed74f3d0edd6d81380839f7e4ef5bfb21ecea18be9a062bd6bfa5a45c88
rank_consumers,0x800217C0,0x00011FC0,00002592,lbu,"$a1, ($s1)",84a54ed74f3d0edd6d81380839f7e4ef5bfb21ecea18be9a062bd6bfa5a45c88
rank_consumers,0x800217C4,0x00011FC4,20003126,addiu,"$s1, $s1, 0x20",84a54ed74f3d0edd6d81380839f7e4ef5bfb21ecea18be9a062bd6bfa5a45c88
rank_consumers,0x800217C8,0x00011FC8,5685000c,jal,0x80021558,84a54ed74f3d0edd6d81380839f7e4ef5bfb21ecea18be9a062bd6bfa5a45c88
rank_consumers,0x800217CC,0x00011FCC,000045ae,sw,"$a1, ($s2)",84a54ed74f3d0edd6d81380839f7e4ef5bfb21ecea18be9a062bd6bfa5a45c88
rank_consumers,0x800217D0,0x00011FD0,2c00038e,lw,"$v1, 0x2c($s0)",84a54ed74f3d0edd6d81380839f7e4ef5bfb21ecea18be9a062bd6bfa5a45c88
rank_consumers,0x800217D4,0x00011FD4,04005226,addiu,"$s2, $s2, 4",84a54ed74f3d0edd6d81380839f7e4ef5bfb21ecea18be9a062bd6bfa5a45c88
rank_consumers,0x800217D8,0x00011FD8,21186200,addu,"$v1, $v1, $v0",84a54ed74f3d0edd6d81380839f7e4ef5bfb21ecea18be9a062bd6bfa5a45c88
rank_consumers,0x800217DC,0x00011FDC,2c0003ae,sw,"$v1, 0x2c($s0)",84a54ed74f3d0edd6d81380839f7e4ef5bfb21ecea18be9a062bd6bfa5a45c88
rank_consumers,0x800217E0,0x00011FE0,0200a22a,slti,"$v0, $s5, 2",84a54ed74f3d0edd6d81380839f7e4ef5bfb21ecea18be9a062bd6bfa5a45c88
rank_consumers,0x800217E4,0x00011FE4,97ff4014,bnez,"$v0, 0x80021644",84a54ed74f3d0edd6d81380839f7e4ef5bfb21ecea18be9a062bd6bfa5a45c88
rank_consumers,0x800217E8,0x00011FE8,04001026,addiu,"$s0, $s0, 4",84a54ed74f3d0edd6d81380839f7e4ef5bfb21ecea18be9a062bd6bfa5a45c88
weighted_roll,0x80021810,0x00012010,e8ffbd27,addiu,"$sp, $sp, -0x18",84a54ed74f3d0edd6d81380839f7e4ef5bfb21ecea18be9a062bd6bfa5a45c88
weighted_roll,0x80021814,0x00012014,1000b0af,sw,"$s0, 0x10($sp)",84a54ed74f3d0edd6d81380839f7e4ef5bfb21ecea18be9a062bd6bfa5a45c88
weighted_roll,0x80021818,0x00012018,c0800400,sll,"$s0, $a0, 3",84a54ed74f3d0edd6d81380839f7e4ef5bfb21ecea18be9a062bd6bfa5a45c88
weighted_roll,0x8002181C,0x0001201C,21800402,addu,"$s0, $s0, $a0",84a54ed74f3d0edd6d81380839f7e4ef5bfb21ecea18be9a062bd6bfa5a45c88
weighted_roll,0x80021820,0x00012020,c0801000,sll,"$s0, $s0, 3",84a54ed74f3d0edd6d81380839f7e4ef5bfb21ecea18be9a062bd6bfa5a45c88
weighted_roll,0x80021824,0x00012024,21800402,addu,"$s0, $s0, $a0",84a54ed74f3d0edd6d81380839f7e4ef5bfb21ecea18be9a062bd6bfa5a45c88
weighted_roll,0x80021828,0x00012028,80101000,sll,"$v0, $s0, 2",84a54ed74f3d0edd6d81380839f7e4ef5bfb21ecea18be9a062bd6bfa5a45c88
weighted_roll,0x8002182C,0x0001202C,21800202,addu,"$s0, $s0, $v0",84a54ed74f3d0edd6d81380839f7e4ef5bfb21ecea18be9a062bd6bfa5a45c88
weighted_roll,0x80021830,0x00012030,80801000,sll,"$s0, $s0, 2",84a54ed74f3d0edd6d81380839f7e4ef5bfb21ecea18be9a062bd6bfa5a45c88
weighted_roll,0x80021834,0x00012034,1880023c,lui,"$v0, 0x8018",84a54ed74f3d0edd6d81380839f7e4ef5bfb21ecea18be9a062bd6bfa5a45c88
weighted_roll,0x80021838,0x00012038,8c874224,addiu,"$v0, $v0, -0x7874",84a54ed74f3d0edd6d81380839f7e4ef5bfb21ecea18be9a062bd6bfa5a45c88
weighted_roll,0x8002183C,0x0001203C,1400bfaf,sw,"$ra, 0x14($sp)",84a54ed74f3d0edd6d81380839f7e4ef5bfb21ecea18be9a062bd6bfa5a45c88
weighted_roll,0x80021840,0x00012040,6439020c,jal,0x8008e590,84a54ed74f3d0edd6d81380839f7e4ef5bfb21ecea18be9a062bd6bfa5a45c88
weighted_roll,0x80021844,0x00012044,21800202,addu,"$s0, $s0, $v0",84a54ed74f3d0edd6d81380839f7e4ef5bfb21ecea18be9a062bd6bfa5a45c88
weighted_roll,0x80021848,0x00012048,ff074230,andi,"$v0, $v0, 0x7ff",84a54ed74f3d0edd6d81380839f7e4ef5bfb21ecea18be9a062bd6bfa5a45c88
weighted_roll,0x8002184C,0x0001204C,01004524,addiu,"$a1, $v0, 1",84a54ed74f3d0edd6d81380839f7e4ef5bfb21ecea18be9a062bd6bfa5a45c88
weighted_roll,0x80021850,0x00012050,21200000,move,"$a0, $zero",84a54ed74f3d0edd6d81380839f7e4ef5bfb21ecea18be9a062bd6bfa5a45c88
weighted_roll,0x80021854,0x00012054,21188000,move,"$v1, $a0",84a54ed74f3d0edd6d81380839f7e4ef5bfb21ecea18be9a062bd6bfa5a45c88
weighted_roll,0x80021858,0x00012058,00000296,lhu,"$v0, ($s0)",84a54ed74f3d0edd6d81380839f7e4ef5bfb21ecea18be9a062bd6bfa5a45c88
weighted_roll,0x8002185C,0x0001205C,00000000,nop,,84a54ed74f3d0edd6d81380839f7e4ef5bfb21ecea18be9a062bd6bfa5a45c88
weighted_roll,0x80021860,0x00012060,21208200,addu,"$a0, $a0, $v0",84a54ed74f3d0edd6d81380839f7e4ef5bfb21ecea18be9a062bd6bfa5a45c88
weighted_roll,0x80021864,0x00012064,2a108500,slt,"$v0, $a0, $a1",84a54ed74f3d0edd6d81380839f7e4ef5bfb21ecea18be9a062bd6bfa5a45c88
weighted_roll,0x80021868,0x00012068,06004010,beqz,"$v0, 0x80021884",84a54ed74f3d0edd6d81380839f7e4ef5bfb21ecea18be9a062bd6bfa5a45c88
weighted_roll,0x8002186C,0x0001206C,01006224,addiu,"$v0, $v1, 1",84a54ed74f3d0edd6d81380839f7e4ef5bfb21ecea18be9a062bd6bfa5a45c88
weighted_roll,0x80021870,0x00012070,01006324,addiu,"$v1, $v1, 1",84a54ed74f3d0edd6d81380839f7e4ef5bfb21ecea18be9a062bd6bfa5a45c88
weighted_roll,0x80021874,0x00012074,d2026228,slti,"$v0, $v1, 0x2d2",84a54ed74f3d0edd6d81380839f7e4ef5bfb21ecea18be9a062bd6bfa5a45c88
weighted_roll,0x80021878,0x00012078,f7ff4014,bnez,"$v0, 0x80021858",84a54ed74f3d0edd6d81380839f7e4ef5bfb21ecea18be9a062bd6bfa5a45c88
weighted_roll,0x8002187C,0x0001207C,02001026,addiu,"$s0, $s0, 2",84a54ed74f3d0edd6d81380839f7e4ef5bfb21ecea18be9a062bd6bfa5a45c88
weighted_roll,0x80021880,0x00012080,21100000,move,"$v0, $zero",84a54ed74f3d0edd6d81380839f7e4ef5bfb21ecea18be9a062bd6bfa5a45c88
weighted_roll,0x80021884,0x00012084,1400bf8f,lw,"$ra, 0x14($sp)",84a54ed74f3d0edd6d81380839f7e4ef5bfb21ecea18be9a062bd6bfa5a45c88
weighted_roll,0x80021888,0x00012088,1000b08f,lw,"$s0, 0x10($sp)",84a54ed74f3d0edd6d81380839f7e4ef5bfb21ecea18be9a062bd6bfa5a45c88
weighted_roll,0x8002188C,0x0001208C,0800e003,jr,$ra,84a54ed74f3d0edd6d81380839f7e4ef5bfb21ecea18be9a062bd6bfa5a45c88
weighted_roll,0x80021890,0x00012090,1800bd27,addiu,"$sp, $sp, 0x18",84a54ed74f3d0edd6d81380839f7e4ef5bfb21ecea18be9a062bd6bfa5a45c88
inventory_award,0x80021894,0x00012094,1d80023c,lui,"$v0, 0x801d",84a54ed74f3d0edd6d81380839f7e4ef5bfb21ecea18be9a062bd6bfa5a45c88
inventory_award,0x80021898,0x00012098,00024624,addiu,"$a2, $v0, 0x200",84a54ed74f3d0edd6d81380839f7e4ef5bfb21ecea18be9a062bd6bfa5a45c88
inventory_award,0x8002189C,0x0001209C,4f008224,addiu,"$v0, $a0, 0x4f",84a54ed74f3d0edd6d81380839f7e4ef5bfb21ecea18be9a062bd6bfa5a45c88
inventory_award,0x800218A0,0x000120A0,21184600,addu,"$v1, $v0, $a2",84a54ed74f3d0edd6d81380839f7e4ef5bfb21ecea18be9a062bd6bfa5a45c88
inventory_award,0x800218A4,0x000120A4,00006290,lbu,"$v0, ($v1)",84a54ed74f3d0edd6d81380839f7e4ef5bfb21ecea18be9a062bd6bfa5a45c88
inventory_award,0x800218A8,0x000120A8,00000000,nop,,84a54ed74f3d0edd6d81380839f7e4ef5bfb21ecea18be9a062bd6bfa5a45c88
inventory_award,0x800218AC,0x000120AC,01004224,addiu,"$v0, $v0, 1",84a54ed74f3d0edd6d81380839f7e4ef5bfb21ecea18be9a062bd6bfa5a45c88
inventory_award,0x800218B0,0x000120B0,000062a0,sb,"$v0, ($v1)",84a54ed74f3d0edd6d81380839f7e4ef5bfb21ecea18be9a062bd6bfa5a45c88
inventory_award,0x800218B4,0x000120B4,ff004230,andi,"$v0, $v0, 0xff",84a54ed74f3d0edd6d81380839f7e4ef5bfb21ecea18be9a062bd6bfa5a45c88
inventory_award,0x800218B8,0x000120B8,fb00422c,sltiu,"$v0, $v0, 0xfb",84a54ed74f3d0edd6d81380839f7e4ef5bfb21ecea18be9a062bd6bfa5a45c88
inventory_award,0x800218BC,0x000120BC,03004014,bnez,"$v0, 0x800218cc",84a54ed74f3d0edd6d81380839f7e4ef5bfb21ecea18be9a062bd6bfa5a45c88
inventory_award,0x800218C0,0x000120C0,bc05c724,addiu,"$a3, $a2, 0x5bc",84a54ed74f3d0edd6d81380839f7e4ef5bfb21ecea18be9a062bd6bfa5a45c88
inventory_award,0x800218C4,0x000120C4,fa000224,addiu,"$v0, $zero, 0xfa",84a54ed74f3d0edd6d81380839f7e4ef5bfb21ecea18be9a062bd6bfa5a45c88
inventory_award,0x800218C8,0x000120C8,000062a0,sb,"$v0, ($v1)",84a54ed74f3d0edd6d81380839f7e4ef5bfb21ecea18be9a062bd6bfa5a45c88
inventory_award,0x800218CC,0x000120CC,0e000524,addiu,"$a1, $zero, 0xe",84a54ed74f3d0edd6d81380839f7e4ef5bfb21ecea18be9a062bd6bfa5a45c88
inventory_award,0x800218D0,0x000120D0,d805c324,addiu,"$v1, $a2, 0x5d8",84a54ed74f3d0edd6d81380839f7e4ef5bfb21ecea18be9a062bd6bfa5a45c88
inventory_award,0x800218D4,0x000120D4,00006294,lhu,"$v0, ($v1)",84a54ed74f3d0edd6d81380839f7e4ef5bfb21ecea18be9a062bd6bfa5a45c88
inventory_award,0x800218D8,0x000120D8,ffffa524,addiu,"$a1, $a1, -1",84a54ed74f3d0edd6d81380839f7e4ef5bfb21ecea18be9a062bd6bfa5a45c88
inventory_award,0x800218DC,0x000120DC,020062a4,sh,"$v0, 2($v1)",84a54ed74f3d0edd6d81380839f7e4ef5bfb21ecea18be9a062bd6bfa5a45c88
inventory_award,0x800218E0,0x000120E0,fcffa104,bgez,"$a1, 0x800218d4",84a54ed74f3d0edd6d81380839f7e4ef5bfb21ecea18be9a062bd6bfa5a45c88
inventory_award,0x800218E4,0x000120E4,feff6324,addiu,"$v1, $v1, -2",84a54ed74f3d0edd6d81380839f7e4ef5bfb21ecea18be9a062bd6bfa5a45c88
inventory_award,0x800218E8,0x000120E8,0800e003,jr,$ra,84a54ed74f3d0edd6d81380839f7e4ef5bfb21ecea18be9a062bd6bfa5a45c88
inventory_award,0x800218EC,0x000120EC,0000e4a4,sh,"$a0, ($a3)",84a54ed74f3d0edd6d81380839f7e4ef5bfb21ecea18be9a062bd6bfa5a45c88
tier_decision,0x800219F0,0x000121F0,0d004104,bgez,"$v0, 0x80021a28",84a54ed74f3d0edd6d81380839f7e4ef5bfb21ecea18be9a062bd6bfa5a45c88
tier_decision,0x800219F4,0x000121F4,00000000,nop,,84a54ed74f3d0edd6d81380839f7e4ef5bfb21ecea18be9a062bd6bfa5a45c88
tier_decision,0x800219F8,0x000121F8,0a80023c,lui,"$v0, 0x800a",84a54ed74f3d0edd6d81380839f7e4ef5bfb21ecea18be9a062bd6bfa5a45c88
tier_decision,0x800219FC,0x000121FC,61b34280,lb,"$v0, -0x4c9f($v0)",84a54ed74f3d0edd6d81380839f7e4ef5bfb21ecea18be9a062bd6bfa5a45c88
tier_decision,0x80021A00,0x00012200,00000000,nop,,84a54ed74f3d0edd6d81380839f7e4ef5bfb21ecea18be9a062bd6bfa5a45c88
tier_decision,0x80021A04,0x00012204,08004104,bgez,"$v0, 0x80021a28",84a54ed74f3d0edd6d81380839f7e4ef5bfb21ecea18be9a062bd6bfa5a45c88
tier_decision,0x80021A08,0x00012208,01000324,addiu,"$v1, $zero, 1",84a54ed74f3d0edd6d81380839f7e4ef5bfb21ecea18be9a062bd6bfa5a45c88
tier_decision,0x80021A0C,0x0001220C,0a80023c,lui,"$v0, 0x800a",84a54ed74f3d0edd6d81380839f7e4ef5bfb21ecea18be9a062bd6bfa5a45c88
tier_decision,0x80021A10,0x00012210,55b34290,lbu,"$v0, -0x4cab($v0)",84a54ed74f3d0edd6d81380839f7e4ef5bfb21ecea18be9a062bd6bfa5a45c88
tier_decision,0x80021A14,0x00012214,0a80013c,lui,"$at, 0x800a",84a54ed74f3d0edd6d81380839f7e4ef5bfb21ecea18be9a062bd6bfa5a45c88
tier_decision,0x80021A18,0x00012218,4eb323a0,sb,"$v1, -0x4cb2($at)",84a54ed74f3d0edd6d81380839f7e4ef5bfb21ecea18be9a062bd6bfa5a45c88
tier_decision,0x80021A1C,0x0001221C,02004224,addiu,"$v0, $v0, 2",84a54ed74f3d0edd6d81380839f7e4ef5bfb21ecea18be9a062bd6bfa5a45c88
tier_decision,0x80021A20,0x00012220,0a80013c,lui,"$at, 0x800a",84a54ed74f3d0edd6d81380839f7e4ef5bfb21ecea18be9a062bd6bfa5a45c88
tier_decision,0x80021A24,0x00012224,55b322a0,sb,"$v0, -0x4cab($at)",84a54ed74f3d0edd6d81380839f7e4ef5bfb21ecea18be9a062bd6bfa5a45c88
tier_decision,0x80021A28,0x00012228,e002828f,lw,"$v0, 0x2e0($gp)",84a54ed74f3d0edd6d81380839f7e4ef5bfb21ecea18be9a062bd6bfa5a45c88
tier_decision,0x80021A2C,0x0001222C,6685000c,jal,0x80021598,84a54ed74f3d0edd6d81380839f7e4ef5bfb21ecea18be9a062bd6bfa5a45c88
tier_decision,0x80021A30,0x00012230,390040a0,sb,"$zero, 0x39($v0)",84a54ed74f3d0edd6d81380839f7e4ef5bfb21ecea18be9a062bd6bfa5a45c88
tier_decision,0x80021A34,0x00012234,5d028293,lbu,"$v0, 0x25d($gp)",84a54ed74f3d0edd6d81380839f7e4ef5bfb21ecea18be9a062bd6bfa5a45c88
tier_decision,0x80021A38,0x00012238,e002838f,lw,"$v1, 0x2e0($gp)",84a54ed74f3d0edd6d81380839f7e4ef5bfb21ecea18be9a062bd6bfa5a45c88
tier_decision,0x80021A3C,0x0001223C,80100200,sll,"$v0, $v0, 2",84a54ed74f3d0edd6d81380839f7e4ef5bfb21ecea18be9a062bd6bfa5a45c88
tier_decision,0x80021A40,0x00012240,21106200,addu,"$v0, $v1, $v0",84a54ed74f3d0edd6d81380839f7e4ef5bfb21ecea18be9a062bd6bfa5a45c88
tier_decision,0x80021A44,0x00012244,2c00448c,lw,"$a0, 0x2c($v0)",84a54ed74f3d0edd6d81380839f7e4ef5bfb21ecea18be9a062bd6bfa5a45c88
tier_decision,0x80021A48,0x00012248,00000000,nop,,84a54ed74f3d0edd6d81380839f7e4ef5bfb21ecea18be9a062bd6bfa5a45c88
tier_decision,0x80021A4C,0x0001224C,32008228,slti,"$v0, $a0, 0x32",84a54ed74f3d0edd6d81380839f7e4ef5bfb21ecea18be9a062bd6bfa5a45c88
tier_decision,0x80021A50,0x00012250,06004010,beqz,"$v0, 0x80021a6c",84a54ed74f3d0edd6d81380839f7e4ef5bfb21ecea18be9a062bd6bfa5a45c88
tier_decision,0x80021A54,0x00012254,01000224,addiu,"$v0, $zero, 1",84a54ed74f3d0edd6d81380839f7e4ef5bfb21ecea18be9a062bd6bfa5a45c88
tier_decision,0x80021A58,0x00012258,02008104,bgez,"$a0, 0x80021a64",84a54ed74f3d0edd6d81380839f7e4ef5bfb21ecea18be9a062bd6bfa5a45c88
tier_decision,0x80021A5C,0x0001225C,390062a0,sb,"$v0, 0x39($v1)",84a54ed74f3d0edd6d81380839f7e4ef5bfb21ecea18be9a062bd6bfa5a45c88
tier_decision,0x80021A60,0x00012260,21200000,move,"$a0, $zero",84a54ed74f3d0edd6d81380839f7e4ef5bfb21ecea18be9a062bd6bfa5a45c88
tier_decision,0x80021A64,0x00012264,63000224,addiu,"$v0, $zero, 0x63",84a54ed74f3d0edd6d81380839f7e4ef5bfb21ecea18be9a062bd6bfa5a45c88
tier_decision,0x80021A68,0x00012268,23204400,subu,"$a0, $v0, $a0",84a54ed74f3d0edd6d81380839f7e4ef5bfb21ecea18be9a062bd6bfa5a45c88
tier_decision,0x80021A6C,0x0001226C,64008228,slti,"$v0, $a0, 0x64",84a54ed74f3d0edd6d81380839f7e4ef5bfb21ecea18be9a062bd6bfa5a45c88
tier_decision,0x80021A70,0x00012270,02004014,bnez,"$v0, 0x80021a7c",84a54ed74f3d0edd6d81380839f7e4ef5bfb21ecea18be9a062bd6bfa5a45c88
tier_decision,0x80021A74,0x00012274,00000000,nop,,84a54ed74f3d0edd6d81380839f7e4ef5bfb21ecea18be9a062bd6bfa5a45c88
tier_decision,0x80021A78,0x00012278,63000424,addiu,"$a0, $zero, 0x63",84a54ed74f3d0edd6d81380839f7e4ef5bfb21ecea18be9a062bd6bfa5a45c88
tier_decision,0x80021A7C,0x0001227C,ceff8424,addiu,"$a0, $a0, -0x32",84a54ed74f3d0edd6d81380839f7e4ef5bfb21ecea18be9a062bd6bfa5a45c88
tier_decision,0x80021A80,0x00012280,6666023c,lui,"$v0, 0x6666",84a54ed74f3d0edd6d81380839f7e4ef5bfb21ecea18be9a062bd6bfa5a45c88
tier_decision,0x80021A84,0x00012284,67664234,ori,"$v0, $v0, 0x6667",84a54ed74f3d0edd6d81380839f7e4ef5bfb21ecea18be9a062bd6bfa5a45c88
tier_decision,0x80021A88,0x00012288,18008200,mult,"$a0, $v0",84a54ed74f3d0edd6d81380839f7e4ef5bfb21ecea18be9a062bd6bfa5a45c88
tier_decision,0x80021A8C,0x0001228C,c31f0400,sra,"$v1, $a0, 0x1f",84a54ed74f3d0edd6d81380839f7e4ef5bfb21ecea18be9a062bd6bfa5a45c88
tier_decision,0x80021A90,0x00012290,e002848f,lw,"$a0, 0x2e0($gp)",84a54ed74f3d0edd6d81380839f7e4ef5bfb21ecea18be9a062bd6bfa5a45c88
tier_decision,0x80021A94,0x00012294,10400000,mfhi,$t0,84a54ed74f3d0edd6d81380839f7e4ef5bfb21ecea18be9a062bd6bfa5a45c88
tier_decision,0x80021A98,0x00012298,83100800,sra,"$v0, $t0, 2",84a54ed74f3d0edd6d81380839f7e4ef5bfb21ecea18be9a062bd6bfa5a45c88
tier_decision,0x80021A9C,0x0001229C,23104300,subu,"$v0, $v0, $v1",84a54ed74f3d0edd6d81380839f7e4ef5bfb21ecea18be9a062bd6bfa5a45c88
tier_decision,0x80021AA0,0x000122A0,380082a0,sb,"$v0, 0x38($a0)",84a54ed74f3d0edd6d81380839f7e4ef5bfb21ecea18be9a062bd6bfa5a45c88
roll_storage,0x80021C00,0x00012400,0a80023c,lui,"$v0, 0x800a",84a54ed74f3d0edd6d81380839f7e4ef5bfb21ecea18be9a062bd6bfa5a45c88
roll_storage,0x80021C04,0x00012404,61b34280,lb,"$v0, -0x4c9f($v0)",84a54ed74f3d0edd6d81380839f7e4ef5bfb21ecea18be9a062bd6bfa5a45c88
roll_storage,0x80021C08,0x00012408,00000000,nop,,84a54ed74f3d0edd6d81380839f7e4ef5bfb21ecea18be9a062bd6bfa5a45c88
roll_storage,0x80021C0C,0x0001240C,43004004,bltz,"$v0, 0x80021d1c",84a54ed74f3d0edd6d81380839f7e4ef5bfb21ecea18be9a062bd6bfa5a45c88
roll_storage,0x80021C10,0x00012410,00000000,nop,,84a54ed74f3d0edd6d81380839f7e4ef5bfb21ecea18be9a062bd6bfa5a45c88
roll_storage,0x80021C14,0x00012414,5d028293,lbu,"$v0, 0x25d($gp)",84a54ed74f3d0edd6d81380839f7e4ef5bfb21ecea18be9a062bd6bfa5a45c88
roll_storage,0x80021C18,0x00012418,00000000,nop,,84a54ed74f3d0edd6d81380839f7e4ef5bfb21ecea18be9a062bd6bfa5a45c88
roll_storage,0x80021C1C,0x0001241C,40004014,bnez,"$v0, 0x80021d20",84a54ed74f3d0edd6d81380839f7e4ef5bfb21ecea18be9a062bd6bfa5a45c88
roll_storage,0x80021C20,0x00012420,00000000,nop,,84a54ed74f3d0edd6d81380839f7e4ef5bfb21ecea18be9a062bd6bfa5a45c88
roll_storage,0x80021C24,0x00012424,e002838f,lw,"$v1, 0x2e0($gp)",84a54ed74f3d0edd6d81380839f7e4ef5bfb21ecea18be9a062bd6bfa5a45c88
roll_storage,0x80021C28,0x00012428,00000000,nop,,84a54ed74f3d0edd6d81380839f7e4ef5bfb21ecea18be9a062bd6bfa5a45c88
roll_storage,0x80021C2C,0x0001242C,38006290,lbu,"$v0, 0x38($v1)",84a54ed74f3d0edd6d81380839f7e4ef5bfb21ecea18be9a062bd6bfa5a45c88
roll_storage,0x80021C30,0x00012430,00000000,nop,,84a54ed74f3d0edd6d81380839f7e4ef5bfb21ecea18be9a062bd6bfa5a45c88
roll_storage,0x80021C34,0x00012434,01004224,addiu,"$v0, $v0, 1",84a54ed74f3d0edd6d81380839f7e4ef5bfb21ecea18be9a062bd6bfa5a45c88
roll_storage,0x80021C38,0x00012438,3a0062a0,sb,"$v0, 0x3a($v1)",84a54ed74f3d0edd6d81380839f7e4ef5bfb21ecea18be9a062bd6bfa5a45c88
roll_storage,0x80021C3C,0x0001243C,e002838f,lw,"$v1, 0x2e0($gp)",84a54ed74f3d0edd6d81380839f7e4ef5bfb21ecea18be9a062bd6bfa5a45c88
roll_storage,0x80021C40,0x00012440,00000000,nop,,84a54ed74f3d0edd6d81380839f7e4ef5bfb21ecea18be9a062bd6bfa5a45c88
roll_storage,0x80021C44,0x00012444,39006290,lbu,"$v0, 0x39($v1)",84a54ed74f3d0edd6d81380839f7e4ef5bfb21ecea18be9a062bd6bfa5a45c88
roll_storage,0x80021C48,0x00012448,38006390,lbu,"$v1, 0x38($v1)",84a54ed74f3d0edd6d81380839f7e4ef5bfb21ecea18be9a062bd6bfa5a45c88
roll_storage,0x80021C4C,0x0001244C,2b100200,sltu,"$v0, $zero, $v0",84a54ed74f3d0edd6d81380839f7e4ef5bfb21ecea18be9a062bd6bfa5a45c88
roll_storage,0x80021C50,0x00012450,0300632c,sltiu,"$v1, $v1, 3",84a54ed74f3d0edd6d81380839f7e4ef5bfb21ecea18be9a062bd6bfa5a45c88
roll_storage,0x80021C54,0x00012454,02006010,beqz,"$v1, 0x80021c60",84a54ed74f3d0edd6d81380839f7e4ef5bfb21ecea18be9a062bd6bfa5a45c88
roll_storage,0x80021C58,0x00012458,40200200,sll,"$a0, $v0, 1",84a54ed74f3d0edd6d81380839f7e4ef5bfb21ecea18be9a062bd6bfa5a45c88
roll_storage,0x80021C5C,0x0001245C,01000424,addiu,"$a0, $zero, 1",84a54ed74f3d0edd6d81380839f7e4ef5bfb21ecea18be9a062bd6bfa5a45c88
roll_storage,0x80021C60,0x00012460,0486000c,jal,0x80021810,84a54ed74f3d0edd6d81380839f7e4ef5bfb21ecea18be9a062bd6bfa5a45c88
roll_storage,0x80021C64,0x00012464,21800000,move,"$s0, $zero",84a54ed74f3d0edd6d81380839f7e4ef5bfb21ecea18be9a062bd6bfa5a45c88
roll_storage,0x80021C68,0x00012468,e002848f,lw,"$a0, 0x2e0($gp)",84a54ed74f3d0edd6d81380839f7e4ef5bfb21ecea18be9a062bd6bfa5a45c88
roll_storage,0x80021C6C,0x0001246C,1d80033c,lui,"$v1, 0x801d",84a54ed74f3d0edd6d81380839f7e4ef5bfb21ecea18be9a062bd6bfa5a45c88
roll_storage,0x80021C70,0x00012470,0a80013c,lui,"$at, 0x800a",84a54ed74f3d0edd6d81380839f7e4ef5bfb21ecea18be9a062bd6bfa5a45c88
roll_storage,0x80021C74,0x00012474,38b322a4,sh,"$v0, -0x4cc8($at)",84a54ed74f3d0edd6d81380839f7e4ef5bfb21ecea18be9a062bd6bfa5a45c88
roll_storage,0x80021C78,0x00012478,3c0082a4,sh,"$v0, 0x3c($a0)",84a54ed74f3d0edd6d81380839f7e4ef5bfb21ecea18be9a062bd6bfa5a45c88
roll_storage,0x80021C7C,0x0001247C,00140200,sll,"$v0, $v0, 0x10",84a54ed74f3d0edd6d81380839f7e4ef5bfb21ecea18be9a062bd6bfa5a45c88
roll_storage,0x80021C80,0x00012480,03140200,sra,"$v0, $v0, 0x10",84a54ed74f3d0edd6d81380839f7e4ef5bfb21ecea18be9a062bd6bfa5a45c88
roll_storage,0x80021C84,0x00012484,a85662ac,sw,"$v0, 0x56a8($v1)",84a54ed74f3d0edd6d81380839f7e4ef5bfb21ecea18be9a062bd6bfa5a45c88
roll_storage,0x80021C88,0x00012488,3a008290,lbu,"$v0, 0x3a($a0)",84a54ed74f3d0edd6d81380839f7e4ef5bfb21ecea18be9a062bd6bfa5a45c88
award_call,0x80021EF0,0x000126F0,e005828c,lw,"$v0, 0x5e0($a0)",84a54ed74f3d0edd6d81380839f7e4ef5bfb21ecea18be9a062bd6bfa5a45c88
award_call,0x80021EF4,0x000126F4,3f426334,ori,"$v1, $v1, 0x423f",84a54ed74f3d0edd6d81380839f7e4ef5bfb21ecea18be9a062bd6bfa5a45c88
award_call,0x80021EF8,0x000126F8,2b106200,sltu,"$v0, $v1, $v0",84a54ed74f3d0edd6d81380839f7e4ef5bfb21ecea18be9a062bd6bfa5a45c88
award_call,0x80021EFC,0x000126FC,02004010,beqz,"$v0, 0x80021f08",84a54ed74f3d0edd6d81380839f7e4ef5bfb21ecea18be9a062bd6bfa5a45c88
award_call,0x80021F00,0x00012700,00000000,nop,,84a54ed74f3d0edd6d81380839f7e4ef5bfb21ecea18be9a062bd6bfa5a45c88
award_call,0x80021F04,0x00012704,e00583ac,sw,"$v1, 0x5e0($a0)",84a54ed74f3d0edd6d81380839f7e4ef5bfb21ecea18be9a062bd6bfa5a45c88
award_call,0x80021F08,0x00012708,e002828f,lw,"$v0, 0x2e0($gp)",84a54ed74f3d0edd6d81380839f7e4ef5bfb21ecea18be9a062bd6bfa5a45c88
award_call,0x80021F0C,0x0001270C,00000000,nop,,84a54ed74f3d0edd6d81380839f7e4ef5bfb21ecea18be9a062bd6bfa5a45c88
award_call,0x80021F10,0x00012710,3c004484,lh,"$a0, 0x3c($v0)",84a54ed74f3d0edd6d81380839f7e4ef5bfb21ecea18be9a062bd6bfa5a45c88
award_call,0x80021F14,0x00012714,2586000c,jal,0x80021894,84a54ed74f3d0edd6d81380839f7e4ef5bfb21ecea18be9a062bd6bfa5a45c88
award_call,0x80021F18,0x00012718,00000000,nop,,84a54ed74f3d0edd6d81380839f7e4ef5bfb21ecea18be9a062bd6bfa5a45c88
award_call,0x80021F1C,0x0001271C,27880008,j,0x8002209c,84a54ed74f3d0edd6d81380839f7e4ef5bfb21ecea18be9a062bd6bfa5a45c88
award_call,0x80021F20,0x00012720,00000000,nop,,84a54ed74f3d0edd6d81380839f7e4ef5bfb21ecea18be9a062bd6bfa5a45c88
deck_consumer,0x800243F4,0x00014BF4,f0fcbd27,addiu,"$sp, $sp, -0x310",84a54ed74f3d0edd6d81380839f7e4ef5bfb21ecea18be9a062bd6bfa5a45c88
deck_consumer,0x800243F8,0x00014BF8,e802b0af,sw,"$s0, 0x2e8($sp)",84a54ed74f3d0edd6d81380839f7e4ef5bfb21ecea18be9a062bd6bfa5a45c88
deck_consumer,0x800243FC,0x00014BFC,2180a000,move,"$s0, $a1",84a54ed74f3d0edd6d81380839f7e4ef5bfb21ecea18be9a062bd6bfa5a45c88
deck_consumer,0x80024400,0x00014C00,f002b2af,sw,"$s2, 0x2f0($sp)",84a54ed74f3d0edd6d81380839f7e4ef5bfb21ecea18be9a062bd6bfa5a45c88
deck_consumer,0x80024404,0x00014C04,2190c000,move,"$s2, $a2",84a54ed74f3d0edd6d81380839f7e4ef5bfb21ecea18be9a062bd6bfa5a45c88
deck_consumer,0x80024408,0x00014C08,0003b6af,sw,"$s6, 0x300($sp)",84a54ed74f3d0edd6d81380839f7e4ef5bfb21ecea18be9a062bd6bfa5a45c88
deck_consumer,0x8002440C,0x00014C0C,21b00002,move,"$s6, $s0",84a54ed74f3d0edd6d81380839f7e4ef5bfb21ecea18be9a062bd6bfa5a45c88
deck_consumer,0x80024410,0x00014C10,fc02b5af,sw,"$s5, 0x2fc($sp)",84a54ed74f3d0edd6d81380839f7e4ef5bfb21ecea18be9a062bd6bfa5a45c88
deck_consumer,0x80024414,0x00014C14,21a84002,move,"$s5, $s2",84a54ed74f3d0edd6d81380839f7e4ef5bfb21ecea18be9a062bd6bfa5a45c88
deck_consumer,0x80024418,0x00014C18,0803bfaf,sw,"$ra, 0x308($sp)",84a54ed74f3d0edd6d81380839f7e4ef5bfb21ecea18be9a062bd6bfa5a45c88
deck_consumer,0x8002441C,0x00014C1C,0403b7af,sw,"$s7, 0x304($sp)",84a54ed74f3d0edd6d81380839f7e4ef5bfb21ecea18be9a062bd6bfa5a45c88
deck_consumer,0x80024420,0x00014C20,f802b4af,sw,"$s4, 0x2f8($sp)",84a54ed74f3d0edd6d81380839f7e4ef5bfb21ecea18be9a062bd6bfa5a45c88
deck_consumer,0x80024424,0x00014C24,f402b3af,sw,"$s3, 0x2f4($sp)",84a54ed74f3d0edd6d81380839f7e4ef5bfb21ecea18be9a062bd6bfa5a45c88
deck_consumer,0x80024428,0x00014C28,30008014,bnez,"$a0, 0x800244ec",84a54ed74f3d0edd6d81380839f7e4ef5bfb21ecea18be9a062bd6bfa5a45c88
deck_consumer,0x8002442C,0x00014C2C,ec02b1af,sw,"$s1, 0x2ec($sp)",84a54ed74f3d0edd6d81380839f7e4ef5bfb21ecea18be9a062bd6bfa5a45c88
deck_consumer,0x80024430,0x00014C30,d1021124,addiu,"$s1, $zero, 0x2d1",84a54ed74f3d0edd6d81380839f7e4ef5bfb21ecea18be9a062bd6bfa5a45c88
deck_consumer,0x80024434,0x00014C34,1000a327,addiu,"$v1, $sp, 0x10",84a54ed74f3d0edd6d81380839f7e4ef5bfb21ecea18be9a062bd6bfa5a45c88
deck_consumer,0x80024438,0x00014C38,21107100,addu,"$v0, $v1, $s1",84a54ed74f3d0edd6d81380839f7e4ef5bfb21ecea18be9a062bd6bfa5a45c88
deck_consumer,0x8002443C,0x00014C3C,ffff3126,addiu,"$s1, $s1, -1",84a54ed74f3d0edd6d81380839f7e4ef5bfb21ecea18be9a062bd6bfa5a45c88
deck_consumer,0x80024440,0x00014C40,fdff2106,bgez,"$s1, 0x80024438",84a54ed74f3d0edd6d81380839f7e4ef5bfb21ecea18be9a062bd6bfa5a45c88
deck_consumer,0x80024444,0x00014C44,000040a0,sb,"$zero, ($v0)",84a54ed74f3d0edd6d81380839f7e4ef5bfb21ecea18be9a062bd6bfa5a45c88
deck_consumer,0x80024448,0x00014C48,1880023c,lui,"$v0, 0x8018",84a54ed74f3d0edd6d81380839f7e4ef5bfb21ecea18be9a062bd6bfa5a45c88
deck_consumer,0x8002444C,0x00014C4C,d8815724,addiu,"$s7, $v0, -0x7e28",84a54ed74f3d0edd6d81380839f7e4ef5bfb21ecea18be9a062bd6bfa5a45c88
deck_consumer,0x80024450,0x00014C50,21980000,move,"$s3, $zero",84a54ed74f3d0edd6d81380839f7e4ef5bfb21ecea18be9a062bd6bfa5a45c88
deck_consumer,0x80024454,0x00014C54,1000b427,addiu,"$s4, $sp, 0x10",84a54ed74f3d0edd6d81380839f7e4ef5bfb21ecea18be9a062bd6bfa5a45c88
deck_consumer,0x80024458,0x00014C58,6439020c,jal,0x8008e590,84a54ed74f3d0edd6d81380839f7e4ef5bfb21ecea18be9a062bd6bfa5a45c88
deck_consumer,0x8002445C,0x00014C5C,00000000,nop,,84a54ed74f3d0edd6d81380839f7e4ef5bfb21ecea18be9a062bd6bfa5a45c88
deck_consumer,0x80024460,0x00014C60,ff074230,andi,"$v0, $v0, 0x7ff",84a54ed74f3d0edd6d81380839f7e4ef5bfb21ecea18be9a062bd6bfa5a45c88
deck_consumer,0x80024464,0x00014C64,01004524,addiu,"$a1, $v0, 1",84a54ed74f3d0edd6d81380839f7e4ef5bfb21ecea18be9a062bd6bfa5a45c88
deck_consumer,0x80024468,0x00014C68,21200000,move,"$a0, $zero",84a54ed74f3d0edd6d81380839f7e4ef5bfb21ecea18be9a062bd6bfa5a45c88
deck_consumer,0x8002446C,0x00014C6C,21888000,move,"$s1, $a0",84a54ed74f3d0edd6d81380839f7e4ef5bfb21ecea18be9a062bd6bfa5a45c88
deck_consumer,0x80024470,0x00014C70,2118e002,move,"$v1, $s7",84a54ed74f3d0edd6d81380839f7e4ef5bfb21ecea18be9a062bd6bfa5a45c88
deck_consumer,0x80024474,0x00014C74,00006294,lhu,"$v0, ($v1)",84a54ed74f3d0edd6d81380839f7e4ef5bfb21ecea18be9a062bd6bfa5a45c88
deck_consumer,0x80024478,0x00014C78,00000000,nop,,84a54ed74f3d0edd6d81380839f7e4ef5bfb21ecea18be9a062bd6bfa5a45c88
deck_consumer,0x8002447C,0x00014C7C,21208200,addu,"$a0, $a0, $v0",84a54ed74f3d0edd6d81380839f7e4ef5bfb21ecea18be9a062bd6bfa5a45c88
deck_consumer,0x80024480,0x00014C80,2a108500,slt,"$v0, $a0, $a1",84a54ed74f3d0edd6d81380839f7e4ef5bfb21ecea18be9a062bd6bfa5a45c88
deck_consumer,0x80024484,0x00014C84,10004014,bnez,"$v0, 0x800244c8",84a54ed74f3d0edd6d81380839f7e4ef5bfb21ecea18be9a062bd6bfa5a45c88
deck_consumer,0x80024488,0x00014C88,00000000,nop,,84a54ed74f3d0edd6d81380839f7e4ef5bfb21ecea18be9a062bd6bfa5a45c88
deck_consumer,0x8002448C,0x00014C8C,21189102,addu,"$v1, $s4, $s1",84a54ed74f3d0edd6d81380839f7e4ef5bfb21ecea18be9a062bd6bfa5a45c88
deck_consumer,0x80024490,0x00014C90,00006290,lbu,"$v0, ($v1)",84a54ed74f3d0edd6d81380839f7e4ef5bfb21ecea18be9a062bd6bfa5a45c88
deck_consumer,0x80024494,0x00014C94,00000000,nop,,84a54ed74f3d0edd6d81380839f7e4ef5bfb21ecea18be9a062bd6bfa5a45c88
deck_consumer,0x80024498,0x00014C98,0300422c,sltiu,"$v0, $v0, 3",84a54ed74f3d0edd6d81380839f7e4ef5bfb21ecea18be9a062bd6bfa5a45c88
deck_consumer,0x8002449C,0x00014C9C,0e004010,beqz,"$v0, 0x800244d8",84a54ed74f3d0edd6d81380839f7e4ef5bfb21ecea18be9a062bd6bfa5a45c88
deck_consumer,0x800244A0,0x00014CA0,01002226,addiu,"$v0, $s1, 1",84a54ed74f3d0edd6d81380839f7e4ef5bfb21ecea18be9a062bd6bfa5a45c88
deck_consumer,0x800244A4,0x00014CA4,000002a6,sh,"$v0, ($s0)",84a54ed74f3d0edd6d81380839f7e4ef5bfb21ecea18be9a062bd6bfa5a45c88
deck_consumer,0x800244A8,0x00014CA8,000053a2,sb,"$s3, ($s2)",84a54ed74f3d0edd6d81380839f7e4ef5bfb21ecea18be9a062bd6bfa5a45c88
deck_consumer,0x800244AC,0x00014CAC,01007326,addiu,"$s3, $s3, 1",84a54ed74f3d0edd6d81380839f7e4ef5bfb21ecea18be9a062bd6bfa5a45c88
deck_consumer,0x800244B0,0x00014CB0,02001026,addiu,"$s0, $s0, 2",84a54ed74f3d0edd6d81380839f7e4ef5bfb21ecea18be9a062bd6bfa5a45c88
deck_consumer,0x800244B4,0x00014CB4,00006290,lbu,"$v0, ($v1)",84a54ed74f3d0edd6d81380839f7e4ef5bfb21ecea18be9a062bd6bfa5a45c88
deck_consumer,0x800244B8,0x00014CB8,01005226,addiu,"$s2, $s2, 1",84a54ed74f3d0edd6d81380839f7e4ef5bfb21ecea18be9a062bd6bfa5a45c88
deck_consumer,0x800244BC,0x00014CBC,01004224,addiu,"$v0, $v0, 1",84a54ed74f3d0edd6d81380839f7e4ef5bfb21ecea18be9a062bd6bfa5a45c88
deck_consumer,0x800244C0,0x00014CC0,36910008,j,0x800244d8,84a54ed74f3d0edd6d81380839f7e4ef5bfb21ecea18be9a062bd6bfa5a45c88
deck_consumer,0x800244C4,0x00014CC4,000062a0,sb,"$v0, ($v1)",84a54ed74f3d0edd6d81380839f7e4ef5bfb21ecea18be9a062bd6bfa5a45c88
deck_consumer,0x800244C8,0x00014CC8,01003126,addiu,"$s1, $s1, 1",84a54ed74f3d0edd6d81380839f7e4ef5bfb21ecea18be9a062bd6bfa5a45c88
deck_consumer,0x800244CC,0x00014CCC,d002222a,slti,"$v0, $s1, 0x2d0",84a54ed74f3d0edd6d81380839f7e4ef5bfb21ecea18be9a062bd6bfa5a45c88
deck_consumer,0x800244D0,0x00014CD0,e8ff4014,bnez,"$v0, 0x80024474",84a54ed74f3d0edd6d81380839f7e4ef5bfb21ecea18be9a062bd6bfa5a45c88
deck_consumer,0x800244D4,0x00014CD4,02006324,addiu,"$v1, $v1, 2",84a54ed74f3d0edd6d81380839f7e4ef5bfb21ecea18be9a062bd6bfa5a45c88
deck_consumer,0x800244D8,0x00014CD8,2800622a,slti,"$v0, $s3, 0x28",84a54ed74f3d0edd6d81380839f7e4ef5bfb21ecea18be9a062bd6bfa5a45c88
deck_consumer,0x800244DC,0x00014CDC,deff4014,bnez,"$v0, 0x80024458",84a54ed74f3d0edd6d81380839f7e4ef5bfb21ecea18be9a062bd6bfa5a45c88
deck_consumer,0x800244E0,0x00014CE0,21880000,move,"$s1, $zero",84a54ed74f3d0edd6d81380839f7e4ef5bfb21ecea18be9a062bd6bfa5a45c88
deck_consumer,0x800244E4,0x00014CE4,46910008,j,0x80024518,84a54ed74f3d0edd6d81380839f7e4ef5bfb21ecea18be9a062bd6bfa5a45c88
deck_consumer,0x800244E8,0x00014CE8,00000000,nop,,84a54ed74f3d0edd6d81380839f7e4ef5bfb21ecea18be9a062bd6bfa5a45c88
deck_consumer,0x800244EC,0x00014CEC,21880000,move,"$s1, $zero",84a54ed74f3d0edd6d81380839f7e4ef5bfb21ecea18be9a062bd6bfa5a45c88
deck_consumer,0x800244F0,0x00014CF0,00008294,lhu,"$v0, ($a0)",84a54ed74f3d0edd6d81380839f7e4ef5bfb21ecea18be9a062bd6bfa5a45c88
deck_consumer,0x800244F4,0x00014CF4,02008424,addiu,"$a0, $a0, 2",84a54ed74f3d0edd6d81380839f7e4ef5bfb21ecea18be9a062bd6bfa5a45c88
deck_consumer,0x800244F8,0x00014CF8,000002a6,sh,"$v0, ($s0)",84a54ed74f3d0edd6d81380839f7e4ef5bfb21ecea18be9a062bd6bfa5a45c88
deck_consumer,0x800244FC,0x00014CFC,000051a2,sb,"$s1, ($s2)",84a54ed74f3d0edd6d81380839f7e4ef5bfb21ecea18be9a062bd6bfa5a45c88
deck_consumer,0x80024500,0x00014D00,01005226,addiu,"$s2, $s2, 1",84a54ed74f3d0edd6d81380839f7e4ef5bfb21ecea18be9a062bd6bfa5a45c88
deck_consumer,0x80024504,0x00014D04,01003126,addiu,"$s1, $s1, 1",84a54ed74f3d0edd6d81380839f7e4ef5bfb21ecea18be9a062bd6bfa5a45c88
deck_consumer,0x80024508,0x00014D08,2800222a,slti,"$v0, $s1, 0x28",84a54ed74f3d0edd6d81380839f7e4ef5bfb21ecea18be9a062bd6bfa5a45c88
deck_consumer,0x8002450C,0x00014D0C,f8ff4014,bnez,"$v0, 0x800244f0",84a54ed74f3d0edd6d81380839f7e4ef5bfb21ecea18be9a062bd6bfa5a45c88
deck_consumer,0x80024510,0x00014D10,02001026,addiu,"$s0, $s0, 2",84a54ed74f3d0edd6d81380839f7e4ef5bfb21ecea18be9a062bd6bfa5a45c88
deck_consumer,0x80024514,0x00014D14,21880000,move,"$s1, $zero",84a54ed74f3d0edd6d81380839f7e4ef5bfb21ecea18be9a062bd6bfa5a45c88
deck_consumer,0x80024518,0x00014D18,3fd6000c,jal,0x800358fc,84a54ed74f3d0edd6d81380839f7e4ef5bfb21ecea18be9a062bd6bfa5a45c88
deck_consumer,0x8002451C,0x00014D1C,28000424,addiu,"$a0, $zero, 0x28",84a54ed74f3d0edd6d81380839f7e4ef5bfb21ecea18be9a062bd6bfa5a45c88
deck_consumer,0x80024520,0x00014D20,28000424,addiu,"$a0, $zero, 0x28",84a54ed74f3d0edd6d81380839f7e4ef5bfb21ecea18be9a062bd6bfa5a45c88
deck_consumer,0x80024524,0x00014D24,3fd6000c,jal,0x800358fc,84a54ed74f3d0edd6d81380839f7e4ef5bfb21ecea18be9a062bd6bfa5a45c88
deck_consumer,0x80024528,0x00014D28,21804000,move,"$s0, $v0",84a54ed74f3d0edd6d81380839f7e4ef5bfb21ecea18be9a062bd6bfa5a45c88
deck_consumer,0x8002452C,0x00014D2C,40281000,sll,"$a1, $s0, 1",84a54ed74f3d0edd6d81380839f7e4ef5bfb21ecea18be9a062bd6bfa5a45c88
deck_consumer,0x80024530,0x00014D30,2128b600,addu,"$a1, $a1, $s6",84a54ed74f3d0edd6d81380839f7e4ef5bfb21ecea18be9a062bd6bfa5a45c88
deck_consumer,0x80024534,0x00014D34,40200200,sll,"$a0, $v0, 1",84a54ed74f3d0edd6d81380839f7e4ef5bfb21ecea18be9a062bd6bfa5a45c88
deck_consumer,0x80024538,0x00014D38,21209600,addu,"$a0, $a0, $s6",84a54ed74f3d0edd6d81380839f7e4ef5bfb21ecea18be9a062bd6bfa5a45c88
deck_consumer,0x8002453C,0x00014D3C,2180b002,addu,"$s0, $s5, $s0",84a54ed74f3d0edd6d81380839f7e4ef5bfb21ecea18be9a062bd6bfa5a45c88
deck_consumer,0x80024540,0x00014D40,0000a694,lhu,"$a2, ($a1)",84a54ed74f3d0edd6d81380839f7e4ef5bfb21ecea18be9a062bd6bfa5a45c88
deck_consumer,0x80024544,0x00014D44,00008394,lhu,"$v1, ($a0)",84a54ed74f3d0edd6d81380839f7e4ef5bfb21ecea18be9a062bd6bfa5a45c88
deck_consumer,0x80024548,0x00014D48,2110a202,addu,"$v0, $s5, $v0",84a54ed74f3d0edd6d81380839f7e4ef5bfb21ecea18be9a062bd6bfa5a45c88
deck_consumer,0x8002454C,0x00014D4C,0000a3a4,sh,"$v1, ($a1)",84a54ed74f3d0edd6d81380839f7e4ef5bfb21ecea18be9a062bd6bfa5a45c88
deck_consumer,0x80024550,0x00014D50,000086a4,sh,"$a2, ($a0)",84a54ed74f3d0edd6d81380839f7e4ef5bfb21ecea18be9a062bd6bfa5a45c88
deck_consumer,0x80024554,0x00014D54,00000692,lbu,"$a2, ($s0)",84a54ed74f3d0edd6d81380839f7e4ef5bfb21ecea18be9a062bd6bfa5a45c88
deck_consumer,0x80024558,0x00014D58,00004390,lbu,"$v1, ($v0)",84a54ed74f3d0edd6d81380839f7e4ef5bfb21ecea18be9a062bd6bfa5a45c88
deck_consumer,0x8002455C,0x00014D5C,01003126,addiu,"$s1, $s1, 1",84a54ed74f3d0edd6d81380839f7e4ef5bfb21ecea18be9a062bd6bfa5a45c88
deck_consumer,0x80024560,0x00014D60,000003a2,sb,"$v1, ($s0)",84a54ed74f3d0edd6d81380839f7e4ef5bfb21ecea18be9a062bd6bfa5a45c88
deck_consumer,0x80024564,0x00014D64,000046a0,sb,"$a2, ($v0)",84a54ed74f3d0edd6d81380839f7e4ef5bfb21ecea18be9a062bd6bfa5a45c88
deck_consumer,0x80024568,0x00014D68,a000222a,slti,"$v0, $s1, 0xa0",84a54ed74f3d0edd6d81380839f7e4ef5bfb21ecea18be9a062bd6bfa5a45c88
deck_consumer,0x8002456C,0x00014D6C,eaff4014,bnez,"$v0, 0x80024518",84a54ed74f3d0edd6d81380839f7e4ef5bfb21ecea18be9a062bd6bfa5a45c88
deck_consumer,0x80024570,0x00014D70,00000000,nop,,84a54ed74f3d0edd6d81380839f7e4ef5bfb21ecea18be9a062bd6bfa5a45c88
deck_consumer,0x80024574,0x00014D74,0803bf8f,lw,"$ra, 0x308($sp)",84a54ed74f3d0edd6d81380839f7e4ef5bfb21ecea18be9a062bd6bfa5a45c88
deck_consumer,0x80024578,0x00014D78,0403b78f,lw,"$s7, 0x304($sp)",84a54ed74f3d0edd6d81380839f7e4ef5bfb21ecea18be9a062bd6bfa5a45c88
deck_consumer,0x8002457C,0x00014D7C,0003b68f,lw,"$s6, 0x300($sp)",84a54ed74f3d0edd6d81380839f7e4ef5bfb21ecea18be9a062bd6bfa5a45c88
deck_consumer,0x80024580,0x00014D80,fc02b58f,lw,"$s5, 0x2fc($sp)",84a54ed74f3d0edd6d81380839f7e4ef5bfb21ecea18be9a062bd6bfa5a45c88
deck_consumer,0x80024584,0x00014D84,f802b48f,lw,"$s4, 0x2f8($sp)",84a54ed74f3d0edd6d81380839f7e4ef5bfb21ecea18be9a062bd6bfa5a45c88
deck_consumer,0x80024588,0x00014D88,f402b38f,lw,"$s3, 0x2f4($sp)",84a54ed74f3d0edd6d81380839f7e4ef5bfb21ecea18be9a062bd6bfa5a45c88
deck_consumer,0x8002458C,0x00014D8C,f002b28f,lw,"$s2, 0x2f0($sp)",84a54ed74f3d0edd6d81380839f7e4ef5bfb21ecea18be9a062bd6bfa5a45c88
deck_consumer,0x80024590,0x00014D90,ec02b18f,lw,"$s1, 0x2ec($sp)",84a54ed74f3d0edd6d81380839f7e4ef5bfb21ecea18be9a062bd6bfa5a45c88
deck_consumer,0x80024594,0x00014D94,e802b08f,lw,"$s0, 0x2e8($sp)",84a54ed74f3d0edd6d81380839f7e4ef5bfb21ecea18be9a062bd6bfa5a45c88
deck_consumer,0x80024598,0x00014D98,0800e003,jr,$ra,84a54ed74f3d0edd6d81380839f7e4ef5bfb21ecea18be9a062bd6bfa5a45c88
deck_consumer,0x8002459C,0x00014D9C,1003bd27,addiu,"$sp, $sp, 0x310",84a54ed74f3d0edd6d81380839f7e4ef5bfb21ecea18be9a062bd6bfa5a45c88
adjacent_false_positive,0x80024734,0x00014F34,d8ffbd27,addiu,"$sp, $sp, -0x28",84a54ed74f3d0edd6d81380839f7e4ef5bfb21ecea18be9a062bd6bfa5a45c88
adjacent_false_positive,0x80024738,0x00014F38,1880023c,lui,"$v0, 0x8018",84a54ed74f3d0edd6d81380839f7e4ef5bfb21ecea18be9a062bd6bfa5a45c88
adjacent_false_positive,0x8002473C,0x00014F3C,2000b0af,sw,"$s0, 0x20($sp)",84a54ed74f3d0edd6d81380839f7e4ef5bfb21ecea18be9a062bd6bfa5a45c88
adjacent_false_positive,0x80024740,0x00014F40,8c805024,addiu,"$s0, $v0, -0x7f74",84a54ed74f3d0edd6d81380839f7e4ef5bfb21ecea18be9a062bd6bfa5a45c88
adjacent_false_positive,0x80024744,0x00014F44,21200002,move,"$a0, $s0",84a54ed74f3d0edd6d81380839f7e4ef5bfb21ecea18be9a062bd6bfa5a45c88
adjacent_false_positive,0x80024748,0x00014F48,5cff0526,addiu,"$a1, $s0, -0xa4",84a54ed74f3d0edd6d81380839f7e4ef5bfb21ecea18be9a062bd6bfa5a45c88
adjacent_false_positive,0x8002474C,0x00014F4C,2400bfaf,sw,"$ra, 0x24($sp)",84a54ed74f3d0edd6d81380839f7e4ef5bfb21ecea18be9a062bd6bfa5a45c88
adjacent_false_positive,0x80024750,0x00014F50,a8d5000c,jal,0x800356a0,84a54ed74f3d0edd6d81380839f7e4ef5bfb21ecea18be9a062bd6bfa5a45c88
adjacent_false_positive,0x80024754,0x00014F54,a0000624,addiu,"$a2, $zero, 0xa0",84a54ed74f3d0edd6d81380839f7e4ef5bfb21ecea18be9a062bd6bfa5a45c88
adjacent_false_positive,0x80024758,0x00014F58,21200002,move,"$a0, $s0",84a54ed74f3d0edd6d81380839f7e4ef5bfb21ecea18be9a062bd6bfa5a45c88
adjacent_false_positive,0x8002475C,0x00014F5C,50000524,addiu,"$a1, $zero, 0x50",84a54ed74f3d0edd6d81380839f7e4ef5bfb21ecea18be9a062bd6bfa5a45c88
adjacent_false_positive,0x80024760,0x00014F60,02000624,addiu,"$a2, $zero, 2",84a54ed74f3d0edd6d81380839f7e4ef5bfb21ecea18be9a062bd6bfa5a45c88
adjacent_false_positive,0x80024764,0x00014F64,0280073c,lui,"$a3, 0x8002",84a54ed74f3d0edd6d81380839f7e4ef5bfb21ecea18be9a062bd6bfa5a45c88
adjacent_false_positive,0x80024768,0x00014F68,0039020c,jal,0x8008e400,84a54ed74f3d0edd6d81380839f7e4ef5bfb21ecea18be9a062bd6bfa5a45c88
adjacent_false_positive,0x8002476C,0x00014F6C,0447e724,addiu,"$a3, $a3, 0x4704",84a54ed74f3d0edd6d81380839f7e4ef5bfb21ecea18be9a062bd6bfa5a45c88
adjacent_false_positive,0x80024770,0x00014F70,a4000626,addiu,"$a2, $s0, 0xa4",84a54ed74f3d0edd6d81380839f7e4ef5bfb21ecea18be9a062bd6bfa5a45c88
adjacent_false_positive,0x80024774,0x00014F74,21400000,move,"$t0, $zero",84a54ed74f3d0edd6d81380839f7e4ef5bfb21ecea18be9a062bd6bfa5a45c88
adjacent_false_positive,0x80024778,0x00014F78,21180001,move,"$v1, $t0",84a54ed74f3d0edd6d81380839f7e4ef5bfb21ecea18be9a062bd6bfa5a45c88
adjacent_false_positive,0x8002477C,0x00014F7C,00000296,lhu,"$v0, ($s0)",84a54ed74f3d0edd6d81380839f7e4ef5bfb21ecea18be9a062bd6bfa5a45c88
adjacent_false_positive,0x80024780,0x00014F80,00000000,nop,,84a54ed74f3d0edd6d81380839f7e4ef5bfb21ecea18be9a062bd6bfa5a45c88
adjacent_false_positive,0x80024784,0x00014F84,04004810,beq,"$v0, $t0, 0x80024798",84a54ed74f3d0edd6d81380839f7e4ef5bfb21ecea18be9a062bd6bfa5a45c88
adjacent_false_positive,0x80024788,0x00014F88,00000000,nop,,84a54ed74f3d0edd6d81380839f7e4ef5bfb21ecea18be9a062bd6bfa5a45c88
adjacent_false_positive,0x8002478C,0x00014F8C,0000c2a4,sh,"$v0, ($a2)",84a54ed74f3d0edd6d81380839f7e4ef5bfb21ecea18be9a062bd6bfa5a45c88
adjacent_false_positive,0x80024790,0x00014F90,21404000,move,"$t0, $v0",84a54ed74f3d0edd6d81380839f7e4ef5bfb21ecea18be9a062bd6bfa5a45c88
adjacent_false_positive,0x80024794,0x00014F94,0200c624,addiu,"$a2, $a2, 2",84a54ed74f3d0edd6d81380839f7e4ef5bfb21ecea18be9a062bd6bfa5a45c88
adjacent_false_positive,0x80024798,0x00014F98,01006324,addiu,"$v1, $v1, 1",84a54ed74f3d0edd6d81380839f7e4ef5bfb21ecea18be9a062bd6bfa5a45c88
adjacent_false_positive,0x8002479C,0x00014F9C,50006228,slti,"$v0, $v1, 0x50",84a54ed74f3d0edd6d81380839f7e4ef5bfb21ecea18be9a062bd6bfa5a45c88
adjacent_false_positive,0x800247A0,0x00014FA0,f6ff4014,bnez,"$v0, 0x8002477c",84a54ed74f3d0edd6d81380839f7e4ef5bfb21ecea18be9a062bd6bfa5a45c88
adjacent_false_positive,0x800247A4,0x00014FA4,02001026,addiu,"$s0, $s0, 2",84a54ed74f3d0edd6d81380839f7e4ef5bfb21ecea18be9a062bd6bfa5a45c88
adjacent_false_positive,0x800247A8,0x00014FA8,0100033c,lui,"$v1, 1",84a54ed74f3d0edd6d81380839f7e4ef5bfb21ecea18be9a062bd6bfa5a45c88
adjacent_false_positive,0x800247AC,0x00014FAC,00806334,ori,"$v1, $v1, 0x8000",84a54ed74f3d0edd6d81380839f7e4ef5bfb21ecea18be9a062bd6bfa5a45c88
adjacent_false_positive,0x800247B0,0x00014FB0,21200000,move,"$a0, $zero",84a54ed74f3d0edd6d81380839f7e4ef5bfb21ecea18be9a062bd6bfa5a45c88
adjacent_false_positive,0x800247B4,0x00014FB4,21288000,move,"$a1, $a0",84a54ed74f3d0edd6d81380839f7e4ef5bfb21ecea18be9a062bd6bfa5a45c88
adjacent_false_positive,0x800247B8,0x00014FB8,ffff0234,ori,"$v0, $zero, 0xffff",84a54ed74f3d0edd6d81380839f7e4ef5bfb21ecea18be9a062bd6bfa5a45c88
adjacent_false_positive,0x800247BC,0x00014FBC,1680103c,lui,"$s0, 0x8016",84a54ed74f3d0edd6d81380839f7e4ef5bfb21ecea18be9a062bd6bfa5a45c88
adjacent_false_positive,0x800247C0,0x00014FC0,24c41026,addiu,"$s0, $s0, -0x3bdc",84a54ed74f3d0edd6d81380839f7e4ef5bfb21ecea18be9a062bd6bfa5a45c88
adjacent_false_positive,0x800247C4,0x00014FC4,21180302,addu,"$v1, $s0, $v1",84a54ed74f3d0edd6d81380839f7e4ef5bfb21ecea18be9a062bd6bfa5a45c88
adjacent_false_positive,0x800247C8,0x00014FC8,0000c2a4,sh,"$v0, ($a2)",84a54ed74f3d0edd6d81380839f7e4ef5bfb21ecea18be9a062bd6bfa5a45c88
adjacent_false_positive,0x800247CC,0x00014FCC,0280023c,lui,"$v0, 0x8002",84a54ed74f3d0edd6d81380839f7e4ef5bfb21ecea18be9a062bd6bfa5a45c88
adjacent_false_positive,0x800247D0,0x00014FD0,0c3d6794,lhu,"$a3, 0x3d0c($v1)",84a54ed74f3d0edd6d81380839f7e4ef5bfb21ecea18be9a062bd6bfa5a45c88
adjacent_false_positive,0x800247D4,0x00014FD4,ec454224,addiu,"$v0, $v0, 0x45ec",84a54ed74f3d0edd6d81380839f7e4ef5bfb21ecea18be9a062bd6bfa5a45c88
adjacent_false_positive,0x800247D8,0x00014FD8,1000a2af,sw,"$v0, 0x10($sp)",84a54ed74f3d0edd6d81380839f7e4ef5bfb21ecea18be9a062bd6bfa5a45c88
adjacent_false_positive,0x800247DC,0x00014FDC,1400a0af,sw,"$zero, 0x14($sp)",84a54ed74f3d0edd6d81380839f7e4ef5bfb21ecea18be9a062bd6bfa5a45c88
adjacent_false_positive,0x800247E0,0x00014FE0,1800a0af,sw,"$zero, 0x18($sp)",84a54ed74f3d0edd6d81380839f7e4ef5bfb21ecea18be9a062bd6bfa5a45c88
adjacent_false_positive,0x800247E4,0x00014FE4,ffffe624,addiu,"$a2, $a3, -1",84a54ed74f3d0edd6d81380839f7e4ef5bfb21ecea18be9a062bd6bfa5a45c88
adjacent_false_positive,0x800247E8,0x00014FE8,23380701,subu,"$a3, $t0, $a3",84a54ed74f3d0edd6d81380839f7e4ef5bfb21ecea18be9a062bd6bfa5a45c88
adjacent_false_positive,0x800247EC,0x00014FEC,bb53000c,jal,0x80014eec,84a54ed74f3d0edd6d81380839f7e4ef5bfb21ecea18be9a062bd6bfa5a45c88
adjacent_false_positive,0x800247F0,0x00014FF0,0100e724,addiu,"$a3, $a3, 1",84a54ed74f3d0edd6d81380839f7e4ef5bfb21ecea18be9a062bd6bfa5a45c88
adjacent_false_positive,0x800247F4,0x00014FF4,1880033c,lui,"$v1, 0x8018",84a54ed74f3d0edd6d81380839f7e4ef5bfb21ecea18be9a062bd6bfa5a45c88
adjacent_false_positive,0x800247F8,0x00014FF8,2c00448c,lw,"$a0, 0x2c($v0)",84a54ed74f3d0edd6d81380839f7e4ef5bfb21ecea18be9a062bd6bfa5a45c88
adjacent_false_positive,0x800247FC,0x00014FFC,30816324,addiu,"$v1, $v1, -0x7ed0",84a54ed74f3d0edd6d81380839f7e4ef5bfb21ecea18be9a062bd6bfa5a45c88
adjacent_false_positive,0x80024800,0x00015000,380043ac,sw,"$v1, 0x38($v0)",84a54ed74f3d0edd6d81380839f7e4ef5bfb21ecea18be9a062bd6bfa5a45c88
adjacent_false_positive,0x80024804,0x00015004,3c0050ac,sw,"$s0, 0x3c($v0)",84a54ed74f3d0edd6d81380839f7e4ef5bfb21ecea18be9a062bd6bfa5a45c88
adjacent_false_positive,0x80024808,0x00015008,2400bf8f,lw,"$ra, 0x24($sp)",84a54ed74f3d0edd6d81380839f7e4ef5bfb21ecea18be9a062bd6bfa5a45c88
adjacent_false_positive,0x8002480C,0x0001500C,2000b08f,lw,"$s0, 0x20($sp)",84a54ed74f3d0edd6d81380839f7e4ef5bfb21ecea18be9a062bd6bfa5a45c88
adjacent_false_positive,0x80024810,0x00015010,10008434,ori,"$a0, $a0, 0x10",84a54ed74f3d0edd6d81380839f7e4ef5bfb21ecea18be9a062bd6bfa5a45c88
adjacent_false_positive,0x80024814,0x00015014,0a80013c,lui,"$at, 0x800a",84a54ed74f3d0edd6d81380839f7e4ef5bfb21ecea18be9a062bd6bfa5a45c88
adjacent_false_positive,0x80024818,0x00015018,f4b024ac,sw,"$a0, -0x4f0c($at)",84a54ed74f3d0edd6d81380839f7e4ef5bfb21ecea18be9a062bd6bfa5a45c88
adjacent_false_positive,0x8002481C,0x0001501C,0800e003,jr,$ra,84a54ed74f3d0edd6d81380839f7e4ef5bfb21ecea18be9a062bd6bfa5a45c88
adjacent_false_positive,0x80024820,0x00015020,2800bd27,addiu,"$sp, $sp, 0x28",84a54ed74f3d0edd6d81380839f7e4ef5bfb21ecea18be9a062bd6bfa5a45c88
adjacent_false_positive,0x80024824,0x00015024,d0ffbd27,addiu,"$sp, $sp, -0x30",84a54ed74f3d0edd6d81380839f7e4ef5bfb21ecea18be9a062bd6bfa5a45c88
adjacent_false_positive,0x80024828,0x00015028,1980023c,lui,"$v0, 0x8019",84a54ed74f3d0edd6d81380839f7e4ef5bfb21ecea18be9a062bd6bfa5a45c88
adjacent_false_positive,0x8002482C,0x0001502C,2000b4af,sw,"$s4, 0x20($sp)",84a54ed74f3d0edd6d81380839f7e4ef5bfb21ecea18be9a062bd6bfa5a45c88
adjacent_false_positive,0x80024830,0x00015030,d8c25424,addiu,"$s4, $v0, -0x3d28",84a54ed74f3d0edd6d81380839f7e4ef5bfb21ecea18be9a062bd6bfa5a45c88
adjacent_false_positive,0x80024834,0x00015034,1a80023c,lui,"$v0, 0x801a",84a54ed74f3d0edd6d81380839f7e4ef5bfb21ecea18be9a062bd6bfa5a45c88
adjacent_false_positive,0x80024838,0x00015038,1800b2af,sw,"$s2, 0x18($sp)",84a54ed74f3d0edd6d81380839f7e4ef5bfb21ecea18be9a062bd6bfa5a45c88
adjacent_false_positive,0x8002483C,0x0001503C,207e5224,addiu,"$s2, $v0, 0x7e20",84a54ed74f3d0edd6d81380839f7e4ef5bfb21ecea18be9a062bd6bfa5a45c88
adjacent_false_positive,0x80024840,0x00015040,1400b1af,sw,"$s1, 0x14($sp)",84a54ed74f3d0edd6d81380839f7e4ef5bfb21ecea18be9a062bd6bfa5a45c88
adjacent_false_positive,0x80024844,0x00015044,21880000,move,"$s1, $zero",84a54ed74f3d0edd6d81380839f7e4ef5bfb21ecea18be9a062bd6bfa5a45c88
adjacent_false_positive,0x80024848,0x00015048,2400b5af,sw,"$s5, 0x24($sp)",84a54ed74f3d0edd6d81380839f7e4ef5bfb21ecea18be9a062bd6bfa5a45c88
adjacent_false_positive,0x8002484C,0x0001504C,0100153c,lui,"$s5, 1",84a54ed74f3d0edd6d81380839f7e4ef5bfb21ecea18be9a062bd6bfa5a45c88
adjacent_false_positive,0x80024850,0x00015050,0080b536,ori,"$s5, $s5, 0x8000",84a54ed74f3d0edd6d81380839f7e4ef5bfb21ecea18be9a062bd6bfa5a45c88
adjacent_false_positive,0x80024854,0x00015054,1680023c,lui,"$v0, 0x8016",84a54ed74f3d0edd6d81380839f7e4ef5bfb21ecea18be9a062bd6bfa5a45c88
adjacent_false_positive,0x80024858,0x00015058,2800b6af,sw,"$s6, 0x28($sp)",84a54ed74f3d0edd6d81380839f7e4ef5bfb21ecea18be9a062bd6bfa5a45c88
adjacent_false_positive,0x8002485C,0x0001505C,24c45624,addiu,"$s6, $v0, -0x3bdc",84a54ed74f3d0edd6d81380839f7e4ef5bfb21ecea18be9a062bd6bfa5a45c88
adjacent_false_positive,0x80024860,0x00015060,1c00b3af,sw,"$s3, 0x1c($sp)",84a54ed74f3d0edd6d81380839f7e4ef5bfb21ecea18be9a062bd6bfa5a45c88
adjacent_false_positive,0x80024864,0x00015064,2198c002,move,"$s3, $s6",84a54ed74f3d0edd6d81380839f7e4ef5bfb21ecea18be9a062bd6bfa5a45c88
adjacent_false_positive,0x80024868,0x00015068,1000b0af,sw,"$s0, 0x10($sp)",84a54ed74f3d0edd6d81380839f7e4ef5bfb21ecea18be9a062bd6bfa5a45c88
adjacent_false_positive,0x8002486C,0x0001506C,03005026,addiu,"$s0, $s2, 3",84a54ed74f3d0edd6d81380839f7e4ef5bfb21ecea18be9a062bd6bfa5a45c88
adjacent_false_positive,0x80024870,0x00015070,2c00bfaf,sw,"$ra, 0x2c($sp)",84a54ed74f3d0edd6d81380839f7e4ef5bfb21ecea18be9a062bd6bfa5a45c88
adjacent_false_positive,0x80024874,0x00015074,2128c002,move,"$a1, $s6",84a54ed74f3d0edd6d81380839f7e4ef5bfb21ecea18be9a062bd6bfa5a45c88
adjacent_false_positive,0x80024878,0x00015078,21107502,addu,"$v0, $s3, $s5",84a54ed74f3d0edd6d81380839f7e4ef5bfb21ecea18be9a062bd6bfa5a45c88
adjacent_false_positive,0x8002487C,0x0001507C,1880043c,lui,"$a0, 0x8018",84a54ed74f3d0edd6d81380839f7e4ef5bfb21ecea18be9a062bd6bfa5a45c88
adjacent_false_positive,0x80024880,0x00015080,30818424,addiu,"$a0, $a0, -0x7ed0",84a54ed74f3d0edd6d81380839f7e4ef5bfb21ecea18be9a062bd6bfa5a45c88
adjacent_false_positive,0x80024884,0x00015084,c43b4394,lhu,"$v1, 0x3bc4($v0)",84a54ed74f3d0edd6d81380839f7e4ef5bfb21ecea18be9a062bd6bfa5a45c88
adjacent_false_positive,0x80024888,0x00015088,21103602,addu,"$v0, $s1, $s6",84a54ed74f3d0edd6d81380839f7e4ef5bfb21ecea18be9a062bd6bfa5a45c88
adjacent_false_positive,0x8002488C,0x0001508C,21105500,addu,"$v0, $v0, $s5",84a54ed74f3d0edd6d81380839f7e4ef5bfb21ecea18be9a062bd6bfa5a45c88
adjacent_false_positive,0x80024890,0x00015090,000043a6,sh,"$v1, ($s2)",84a54ed74f3d0edd6d81380839f7e4ef5bfb21ecea18be9a062bd6bfa5a45c88
adjacent_false_positive,0x80024894,0x00015094,001c0300,sll,"$v1, $v1, 0x10",84a54ed74f3d0edd6d81380839f7e4ef5bfb21ecea18be9a062bd6bfa5a45c88
adjacent_false_positive,0x80024898,0x00015098,703b4290,lbu,"$v0, 0x3b70($v0)",84a54ed74f3d0edd6d81380839f7e4ef5bfb21ecea18be9a062bd6bfa5a45c88
adjacent_false_positive,0x8002489C,0x0001509C,031c0300,sra,"$v1, $v1, 0x10",84a54ed74f3d0edd6d81380839f7e4ef5bfb21ecea18be9a062bd6bfa5a45c88
adjacent_false_positive,0x800248A0,0x000150A0,ffff11a2,sb,"$s1, -1($s0)",84a54ed74f3d0edd6d81380839f7e4ef5bfb21ecea18be9a062bd6bfa5a45c88
adjacent_false_positive,0x800248A4,0x000150A4,000011a2,sb,"$s1, ($s0)",84a54ed74f3d0edd6d81380839f7e4ef5bfb21ecea18be9a062bd6bfa5a45c88
adjacent_false_positive,0x800248A8,0x000150A8,010002a2,sb,"$v0, 1($s0)",84a54ed74f3d0edd6d81380839f7e4ef5bfb21ecea18be9a062bd6bfa5a45c88
adjacent_false_positive,0x800248AC,0x000150AC,00008294,lhu,"$v0, ($a0)",84a54ed74f3d0edd6d81380839f7e4ef5bfb21ecea18be9a062bd6bfa5a45c88
adjacent_false_positive,0x800248B0,0x000150B0,00000000,nop,,84a54ed74f3d0edd6d81380839f7e4ef5bfb21ecea18be9a062bd6bfa5a45c88
adjacent_false_positive,0x800248B4,0x000150B4,03004310,beq,"$v0, $v1, 0x800248c4",84a54ed74f3d0edd6d81380839f7e4ef5bfb21ecea18be9a062bd6bfa5a45c88
adjacent_false_positive,0x800248B8,0x000150B8,02008424,addiu,"$a0, $a0, 2",84a54ed74f3d0edd6d81380839f7e4ef5bfb21ecea18be9a062bd6bfa5a45c88
adjacent_false_positive,0x800248BC,0x000150BC,2b920008,j,0x800248ac,84a54ed74f3d0edd6d81380839f7e4ef5bfb21ecea18be9a062bd6bfa5a45c88
adjacent_false_positive,0x800248C0,0x000150C0,8005a524,addiu,"$a1, $a1, 0x580",84a54ed74f3d0edd6d81380839f7e4ef5bfb21ecea18be9a062bd6bfa5a45c88
adjacent_false_positive,0x800248C4,0x000150C4,21208002,move,"$a0, $s4",84a54ed74f3d0edd6d81380839f7e4ef5bfb21ecea18be9a062bd6bfa5a45c88
adjacent_false_positive,0x800248C8,0x000150C8,a8d5000c,jal,0x800356a0,84a54ed74f3d0edd6d81380839f7e4ef5bfb21ecea18be9a062bd6bfa5a45c88
adjacent_false_positive,0x800248CC,0x000150CC,80050624,addiu,"$a2, $zero, 0x580",84a54ed74f3d0edd6d81380839f7e4ef5bfb21ecea18be9a062bd6bfa5a45c88
adjacent_false_positive,0x800248D0,0x000150D0,80059426,addiu,"$s4, $s4, 0x580",84a54ed74f3d0edd6d81380839f7e4ef5bfb21ecea18be9a062bd6bfa5a45c88
adjacent_false_positive,0x800248D4,0x000150D4,06001026,addiu,"$s0, $s0, 6",84a54ed74f3d0edd6d81380839f7e4ef5bfb21ecea18be9a062bd6bfa5a45c88
adjacent_false_positive,0x800248D8,0x000150D8,06005226,addiu,"$s2, $s2, 6",84a54ed74f3d0edd6d81380839f7e4ef5bfb21ecea18be9a062bd6bfa5a45c88
adjacent_false_positive,0x800248DC,0x000150DC,01003126,addiu,"$s1, $s1, 1",84a54ed74f3d0edd6d81380839f7e4ef5bfb21ecea18be9a062bd6bfa5a45c88
adjacent_false_positive,0x800248E0,0x000150E0,5000222a,slti,"$v0, $s1, 0x50",84a54ed74f3d0edd6d81380839f7e4ef5bfb21ecea18be9a062bd6bfa5a45c88
adjacent_false_positive,0x800248E4,0x000150E4,e3ff4014,bnez,"$v0, 0x80024874",84a54ed74f3d0edd6d81380839f7e4ef5bfb21ecea18be9a062bd6bfa5a45c88
adjacent_false_positive,0x800248E8,0x000150E8,02007326,addiu,"$s3, $s3, 2",84a54ed74f3d0edd6d81380839f7e4ef5bfb21ecea18be9a062bd6bfa5a45c88
adjacent_false_positive,0x800248EC,0x000150EC,2c00bf8f,lw,"$ra, 0x2c($sp)",84a54ed74f3d0edd6d81380839f7e4ef5bfb21ecea18be9a062bd6bfa5a45c88
adjacent_false_positive,0x800248F0,0x000150F0,2800b68f,lw,"$s6, 0x28($sp)",84a54ed74f3d0edd6d81380839f7e4ef5bfb21ecea18be9a062bd6bfa5a45c88
adjacent_false_positive,0x800248F4,0x000150F4,2400b58f,lw,"$s5, 0x24($sp)",84a54ed74f3d0edd6d81380839f7e4ef5bfb21ecea18be9a062bd6bfa5a45c88
adjacent_false_positive,0x800248F8,0x000150F8,2000b48f,lw,"$s4, 0x20($sp)",84a54ed74f3d0edd6d81380839f7e4ef5bfb21ecea18be9a062bd6bfa5a45c88
adjacent_false_positive,0x800248FC,0x000150FC,1c00b38f,lw,"$s3, 0x1c($sp)",84a54ed74f3d0edd6d81380839f7e4ef5bfb21ecea18be9a062bd6bfa5a45c88
adjacent_false_positive,0x80024900,0x00015100,1800b28f,lw,"$s2, 0x18($sp)",84a54ed74f3d0edd6d81380839f7e4ef5bfb21ecea18be9a062bd6bfa5a45c88
adjacent_false_positive,0x80024904,0x00015104,1400b18f,lw,"$s1, 0x14($sp)",84a54ed74f3d0edd6d81380839f7e4ef5bfb21ecea18be9a062bd6bfa5a45c88
adjacent_false_positive,0x80024908,0x00015108,1000b08f,lw,"$s0, 0x10($sp)",84a54ed74f3d0edd6d81380839f7e4ef5bfb21ecea18be9a062bd6bfa5a45c88
adjacent_false_positive,0x8002490C,0x0001510C,0800e003,jr,$ra,84a54ed74f3d0edd6d81380839f7e4ef5bfb21ecea18be9a062bd6bfa5a45c88
adjacent_false_positive,0x80024910,0x00015110,3000bd27,addiu,"$sp, $sp, 0x30",84a54ed74f3d0edd6d81380839f7e4ef5bfb21ecea18be9a062bd6bfa5a45c88
duel_setup,0x80024DC8,0x000155C8,70720224,addiu,"$v0, $zero, 0x7270",84a54ed74f3d0edd6d81380839f7e4ef5bfb21ecea18be9a062bd6bfa5a45c88
duel_setup,0x80024DCC,0x000155CC,0a80013c,lui,"$at, 0x800a",84a54ed74f3d0edd6d81380839f7e4ef5bfb21ecea18be9a062bd6bfa5a45c88
duel_setup,0x80024DD0,0x000155D0,6ab322a4,sh,"$v0, -0x4c96($at)",84a54ed74f3d0edd6d81380839f7e4ef5bfb21ecea18be9a062bd6bfa5a45c88
duel_setup,0x80024DD4,0x000155D4,80720224,addiu,"$v0, $zero, 0x7280",84a54ed74f3d0edd6d81380839f7e4ef5bfb21ecea18be9a062bd6bfa5a45c88
duel_setup,0x80024DD8,0x000155D8,0a80013c,lui,"$at, 0x800a",84a54ed74f3d0edd6d81380839f7e4ef5bfb21ecea18be9a062bd6bfa5a45c88
duel_setup,0x80024DDC,0x000155DC,74b322a4,sh,"$v0, -0x4c8c($at)",84a54ed74f3d0edd6d81380839f7e4ef5bfb21ecea18be9a062bd6bfa5a45c88
duel_setup,0x80024DE0,0x000155E0,03000224,addiu,"$v0, $zero, 3",84a54ed74f3d0edd6d81380839f7e4ef5bfb21ecea18be9a062bd6bfa5a45c88
duel_setup,0x80024DE4,0x000155E4,0a80013c,lui,"$at, 0x800a",84a54ed74f3d0edd6d81380839f7e4ef5bfb21ecea18be9a062bd6bfa5a45c88
duel_setup,0x80024DE8,0x000155E8,60b324a0,sb,"$a0, -0x4ca0($at)",84a54ed74f3d0edd6d81380839f7e4ef5bfb21ecea18be9a062bd6bfa5a45c88
duel_setup,0x80024DEC,0x000155EC,0a80013c,lui,"$at, 0x800a",84a54ed74f3d0edd6d81380839f7e4ef5bfb21ecea18be9a062bd6bfa5a45c88
duel_setup,0x80024DF0,0x000155F0,61b325a0,sb,"$a1, -0x4c9f($at)",84a54ed74f3d0edd6d81380839f7e4ef5bfb21ecea18be9a062bd6bfa5a45c88
duel_setup,0x80024DF4,0x000155F4,0a80013c,lui,"$at, 0x800a",84a54ed74f3d0edd6d81380839f7e4ef5bfb21ecea18be9a062bd6bfa5a45c88
duel_setup,0x80024DF8,0x000155F8,70b326a4,sh,"$a2, -0x4c90($at)",84a54ed74f3d0edd6d81380839f7e4ef5bfb21ecea18be9a062bd6bfa5a45c88
duel_setup,0x80024DFC,0x000155FC,0a80013c,lui,"$at, 0x800a",84a54ed74f3d0edd6d81380839f7e4ef5bfb21ecea18be9a062bd6bfa5a45c88
duel_setup,0x80024E00,0x00015600,72b327a4,sh,"$a3, -0x4c8e($at)",84a54ed74f3d0edd6d81380839f7e4ef5bfb21ecea18be9a062bd6bfa5a45c88
duel_setup,0x80024E04,0x00015604,0a80013c,lui,"$at, 0x800a",84a54ed74f3d0edd6d81380839f7e4ef5bfb21ecea18be9a062bd6bfa5a45c88
duel_setup,0x80024E08,0x00015608,64b320a0,sb,"$zero, -0x4c9c($at)",84a54ed74f3d0edd6d81380839f7e4ef5bfb21ecea18be9a062bd6bfa5a45c88
duel_setup,0x80024E0C,0x0001560C,0a80013c,lui,"$at, 0x800a",84a54ed74f3d0edd6d81380839f7e4ef5bfb21ecea18be9a062bd6bfa5a45c88
duel_setup,0x80024E10,0x00015610,69b320a0,sb,"$zero, -0x4c97($at)",84a54ed74f3d0edd6d81380839f7e4ef5bfb21ecea18be9a062bd6bfa5a45c88
duel_setup,0x80024E14,0x00015614,0a80013c,lui,"$at, 0x800a",84a54ed74f3d0edd6d81380839f7e4ef5bfb21ecea18be9a062bd6bfa5a45c88
duel_setup,0x80024E18,0x00015618,6cb222a0,sb,"$v0, -0x4d94($at)",84a54ed74f3d0edd6d81380839f7e4ef5bfb21ecea18be9a062bd6bfa5a45c88
duel_setup,0x80024E1C,0x0001561C,0800e003,jr,$ra,84a54ed74f3d0edd6d81380839f7e4ef5bfb21ecea18be9a062bd6bfa5a45c88
duel_setup,0x80024E20,0x00015620,00000000,nop,,84a54ed74f3d0edd6d81380839f7e4ef5bfb21ecea18be9a062bd6bfa5a45c88
duel_setup,0x80024E24,0x00015624,18038397,lhu,"$v1, 0x318($gp)",84a54ed74f3d0edd6d81380839f7e4ef5bfb21ecea18be9a062bd6bfa5a45c88
duel_loader_ancestor,0x8002CF10,0x0001D710,640382a3,sb,"$v0, 0x364($gp)",84a54ed74f3d0edd6d81380839f7e4ef5bfb21ecea18be9a062bd6bfa5a45c88
duel_loader_ancestor,0x8002CF14,0x0001D714,01000224,addiu,"$v0, $zero, 1",84a54ed74f3d0edd6d81380839f7e4ef5bfb21ecea18be9a062bd6bfa5a45c88
duel_loader_ancestor,0x8002CF18,0x0001D718,660382a3,sb,"$v0, 0x366($gp)",84a54ed74f3d0edd6d81380839f7e4ef5bfb21ecea18be9a062bd6bfa5a45c88
duel_loader_ancestor,0x8002CF1C,0x0001D71C,07006014,bnez,"$v1, 0x8002cf3c",84a54ed74f3d0edd6d81380839f7e4ef5bfb21ecea18be9a062bd6bfa5a45c88
duel_loader_ancestor,0x8002CF20,0x0001D720,0a000224,addiu,"$v0, $zero, 0xa",84a54ed74f3d0edd6d81380839f7e4ef5bfb21ecea18be9a062bd6bfa5a45c88
duel_loader_ancestor,0x8002CF24,0x0001D724,0a80023c,lui,"$v0, 0x800a",84a54ed74f3d0edd6d81380839f7e4ef5bfb21ecea18be9a062bd6bfa5a45c88
duel_loader_ancestor,0x8002CF28,0x0001D728,61b34280,lb,"$v0, -0x4c9f($v0)",84a54ed74f3d0edd6d81380839f7e4ef5bfb21ecea18be9a062bd6bfa5a45c88
duel_loader_ancestor,0x8002CF2C,0x0001D72C,00000000,nop,,84a54ed74f3d0edd6d81380839f7e4ef5bfb21ecea18be9a062bd6bfa5a45c88
duel_loader_ancestor,0x8002CF30,0x0001D730,02004004,bltz,"$v0, 0x8002cf3c",84a54ed74f3d0edd6d81380839f7e4ef5bfb21ecea18be9a062bd6bfa5a45c88
duel_loader_ancestor,0x8002CF34,0x0001D734,0a000224,addiu,"$v0, $zero, 0xa",84a54ed74f3d0edd6d81380839f7e4ef5bfb21ecea18be9a062bd6bfa5a45c88
duel_loader_ancestor,0x8002CF38,0x0001D738,660380a3,sb,"$zero, 0x366($gp)",84a54ed74f3d0edd6d81380839f7e4ef5bfb21ecea18be9a062bd6bfa5a45c88
duel_loader_ancestor,0x8002CF3C,0x0001D73C,0a80013c,lui,"$at, 0x800a",84a54ed74f3d0edd6d81380839f7e4ef5bfb21ecea18be9a062bd6bfa5a45c88
duel_loader_ancestor,0x8002CF40,0x0001D740,a3b022a0,sb,"$v0, -0x4f5d($at)",84a54ed74f3d0edd6d81380839f7e4ef5bfb21ecea18be9a062bd6bfa5a45c88
duel_loader_ancestor,0x8002CF44,0x0001D744,33b40008,j,0x8002d0cc,84a54ed74f3d0edd6d81380839f7e4ef5bfb21ecea18be9a062bd6bfa5a45c88
duel_loader_ancestor,0x8002CF48,0x0001D748,00000000,nop,,84a54ed74f3d0edd6d81380839f7e4ef5bfb21ecea18be9a062bd6bfa5a45c88
duel_loader_ancestor,0x8002CF4C,0x0001D74C,66038393,lbu,"$v1, 0x366($gp)",84a54ed74f3d0edd6d81380839f7e4ef5bfb21ecea18be9a062bd6bfa5a45c88
duel_loader_ancestor,0x8002CF50,0x0001D750,01001124,addiu,"$s1, $zero, 1",84a54ed74f3d0edd6d81380839f7e4ef5bfb21ecea18be9a062bd6bfa5a45c88
duel_loader_ancestor,0x8002CF54,0x0001D754,0f007030,andi,"$s0, $v1, 0xf",84a54ed74f3d0edd6d81380839f7e4ef5bfb21ecea18be9a062bd6bfa5a45c88
duel_loader_ancestor,0x8002CF58,0x0001D758,2a001112,beq,"$s0, $s1, 0x8002d004",84a54ed74f3d0edd6d81380839f7e4ef5bfb21ecea18be9a062bd6bfa5a45c88
duel_loader_ancestor,0x8002CF5C,0x0001D75C,0200022a,slti,"$v0, $s0, 2",84a54ed74f3d0edd6d81380839f7e4ef5bfb21ecea18be9a062bd6bfa5a45c88
duel_loader_ancestor,0x8002CF60,0x0001D760,05004010,beqz,"$v0, 0x8002cf78",84a54ed74f3d0edd6d81380839f7e4ef5bfb21ecea18be9a062bd6bfa5a45c88
duel_loader_ancestor,0x8002CF64,0x0001D764,00000000,nop,,84a54ed74f3d0edd6d81380839f7e4ef5bfb21ecea18be9a062bd6bfa5a45c88
duel_loader_ancestor,0x8002CF68,0x0001D768,08000012,beqz,"$s0, 0x8002cf8c",84a54ed74f3d0edd6d81380839f7e4ef5bfb21ecea18be9a062bd6bfa5a45c88
duel_loader_ancestor,0x8002CF6C,0x0001D76C,80006230,andi,"$v0, $v1, 0x80",84a54ed74f3d0edd6d81380839f7e4ef5bfb21ecea18be9a062bd6bfa5a45c88
duel_loader_ancestor,0x8002CF70,0x0001D770,33b40008,j,0x8002d0cc,84a54ed74f3d0edd6d81380839f7e4ef5bfb21ecea18be9a062bd6bfa5a45c88
duel_loader_ancestor,0x8002CF74,0x0001D774,00000000,nop,,84a54ed74f3d0edd6d81380839f7e4ef5bfb21ecea18be9a062bd6bfa5a45c88
duel_loader_ancestor,0x8002CF78,0x0001D778,02000224,addiu,"$v0, $zero, 2",84a54ed74f3d0edd6d81380839f7e4ef5bfb21ecea18be9a062bd6bfa5a45c88
duel_loader_ancestor,0x8002CF7C,0x0001D77C,34000212,beq,"$s0, $v0, 0x8002d050",84a54ed74f3d0edd6d81380839f7e4ef5bfb21ecea18be9a062bd6bfa5a45c88
duel_loader_ancestor,0x8002CF80,0x0001D780,00000000,nop,,84a54ed74f3d0edd6d81380839f7e4ef5bfb21ecea18be9a062bd6bfa5a45c88
duel_loader_ancestor,0x8002CF84,0x0001D784,33b40008,j,0x8002d0cc,84a54ed74f3d0edd6d81380839f7e4ef5bfb21ecea18be9a062bd6bfa5a45c88
duel_loader_ancestor,0x8002CF88,0x0001D788,00000000,nop,,84a54ed74f3d0edd6d81380839f7e4ef5bfb21ecea18be9a062bd6bfa5a45c88
duel_loader_ancestor,0x8002CF8C,0x0001D78C,10004014,bnez,"$v0, 0x8002cfd0",84a54ed74f3d0edd6d81380839f7e4ef5bfb21ecea18be9a062bd6bfa5a45c88
duel_loader_ancestor,0x8002CF90,0x0001D790,80006234,ori,"$v0, $v1, 0x80",84a54ed74f3d0edd6d81380839f7e4ef5bfb21ecea18be9a062bd6bfa5a45c88
duel_loader_ancestor,0x8002CF94,0x0001D794,660382a3,sb,"$v0, 0x366($gp)",84a54ed74f3d0edd6d81380839f7e4ef5bfb21ecea18be9a062bd6bfa5a45c88
duel_loader_ancestor,0x8002CF98,0x0001D798,80000224,addiu,"$v0, $zero, 0x80",84a54ed74f3d0edd6d81380839f7e4ef5bfb21ecea18be9a062bd6bfa5a45c88
duel_loader_ancestor,0x8002CF9C,0x0001D79C,1d80053c,lui,"$a1, 0x801d",84a54ed74f3d0edd6d81380839f7e4ef5bfb21ecea18be9a062bd6bfa5a45c88
duel_loader_ancestor,0x8002CFA0,0x0001D7A0,0002a524,addiu,"$a1, $a1, 0x200",84a54ed74f3d0edd6d81380839f7e4ef5bfb21ecea18be9a062bd6bfa5a45c88
duel_loader_ancestor,0x8002CFA4,0x0001D7A4,21300000,move,"$a2, $zero",84a54ed74f3d0edd6d81380839f7e4ef5bfb21ecea18be9a062bd6bfa5a45c88
duel_loader_ancestor,0x8002CFA8,0x0001D7A8,0180043c,lui,"$a0, 0x8001",84a54ed74f3d0edd6d81380839f7e4ef5bfb21ecea18be9a062bd6bfa5a45c88
duel_loader_ancestor,0x8002CFAC,0x0001D7AC,0000848c,lw,"$a0, ($a0)",84a54ed74f3d0edd6d81380839f7e4ef5bfb21ecea18be9a062bd6bfa5a45c88
duel_loader_ancestor,0x8002CFB0,0x0001D7B0,0a80013c,lui,"$at, 0x800a",84a54ed74f3d0edd6d81380839f7e4ef5bfb21ecea18be9a062bd6bfa5a45c88
duel_loader_ancestor,0x8002CFB4,0x0001D7B4,f8b222a0,sb,"$v0, -0x4d08($at)",84a54ed74f3d0edd6d81380839f7e4ef5bfb21ecea18be9a062bd6bfa5a45c88
duel_loader_ancestor,0x8002CFB8,0x0001D7B8,fec8000c,jal,0x800323f8,84a54ed74f3d0edd6d81380839f7e4ef5bfb21ecea18be9a062bd6bfa5a45c88
duel_loader_ancestor,0x8002CFBC,0x0001D7BC,80000724,addiu,"$a3, $zero, 0x80",84a54ed74f3d0edd6d81380839f7e4ef5bfb21ecea18be9a062bd6bfa5a45c88
duel_loader_ancestor,0x8002CFC0,0x0001D7C0,8056000c,jal,0x80015a00,84a54ed74f3d0edd6d81380839f7e4ef5bfb21ecea18be9a062bd6bfa5a45c88
duel_loader_ancestor,0x8002CFC4,0x0001D7C4,00000000,nop,,84a54ed74f3d0edd6d81380839f7e4ef5bfb21ecea18be9a062bd6bfa5a45c88
duel_loader_ancestor,0x8002CFC8,0x0001D7C8,33b40008,j,0x8002d0cc,84a54ed74f3d0edd6d81380839f7e4ef5bfb21ecea18be9a062bd6bfa5a45c88
duel_loader_ancestor,0x8002CFCC,0x0001D7CC,00000000,nop,,84a54ed74f3d0edd6d81380839f7e4ef5bfb21ecea18be9a062bd6bfa5a45c88
duel_loader_ancestor,0x8002CFD0,0x0001D7D0,face000c,jal,0x80033be8,84a54ed74f3d0edd6d81380839f7e4ef5bfb21ecea18be9a062bd6bfa5a45c88
duel_loader_ancestor,0x8002CFD4,0x0001D7D4,00000000,nop,,84a54ed74f3d0edd6d81380839f7e4ef5bfb21ecea18be9a062bd6bfa5a45c88
duel_loader_ancestor,0x8002CFD8,0x0001D7D8,3c004014,bnez,"$v0, 0x8002d0cc",84a54ed74f3d0edd6d81380839f7e4ef5bfb21ecea18be9a062bd6bfa5a45c88
duel_loader_ancestor,0x8002CFDC,0x0001D7DC,00000000,nop,,84a54ed74f3d0edd6d81380839f7e4ef5bfb21ecea18be9a062bd6bfa5a45c88
duel_loader_ancestor,0x8002CFE0,0x0001D7E0,cdff000c,jal,0x8003ff34,84a54ed74f3d0edd6d81380839f7e4ef5bfb21ecea18be9a062bd6bfa5a45c88
duel_loader_ancestor,0x8002CFE4,0x0001D7E4,00000000,nop,,84a54ed74f3d0edd6d81380839f7e4ef5bfb21ecea18be9a062bd6bfa5a45c88
duel_loader_ancestor,0x8002CFE8,0x0001D7E8,c056000c,jal,0x80015b00,84a54ed74f3d0edd6d81380839f7e4ef5bfb21ecea18be9a062bd6bfa5a45c88
duel_loader_ancestor,0x8002CFEC,0x0001D7EC,00000000,nop,,84a54ed74f3d0edd6d81380839f7e4ef5bfb21ecea18be9a062bd6bfa5a45c88
duel_loader_ancestor,0x8002CFF0,0x0001D7F0,63b3000c,jal,0x8002cd8c,84a54ed74f3d0edd6d81380839f7e4ef5bfb21ecea18be9a062bd6bfa5a45c88
duel_loader_ancestor,0x8002CFF4,0x0001D7F4,00000000,nop,,84a54ed74f3d0edd6d81380839f7e4ef5bfb21ecea18be9a062bd6bfa5a45c88
duel_loader_ancestor,0x8002CFF8,0x0001D7F8,660391a3,sb,"$s1, 0x366($gp)",84a54ed74f3d0edd6d81380839f7e4ef5bfb21ecea18be9a062bd6bfa5a45c88
duel_loader_ancestor,0x8002CFFC,0x0001D7FC,33b40008,j,0x8002d0cc,84a54ed74f3d0edd6d81380839f7e4ef5bfb21ecea18be9a062bd6bfa5a45c88
duel_loader_ancestor,0x8002D000,0x0001D800,00000000,nop,,84a54ed74f3d0edd6d81380839f7e4ef5bfb21ecea18be9a062bd6bfa5a45c88
duel_loader_ancestor,0x8002D004,0x0001D804,80006230,andi,"$v0, $v1, 0x80",84a54ed74f3d0edd6d81380839f7e4ef5bfb21ecea18be9a062bd6bfa5a45c88
duel_loader_ancestor,0x8002D008,0x0001D808,06004014,bnez,"$v0, 0x8002d024",84a54ed74f3d0edd6d81380839f7e4ef5bfb21ecea18be9a062bd6bfa5a45c88
duel_loader_ancestor,0x8002D00C,0x0001D80C,80006234,ori,"$v0, $v1, 0x80",84a54ed74f3d0edd6d81380839f7e4ef5bfb21ecea18be9a062bd6bfa5a45c88
duel_loader_ancestor,0x8002D010,0x0001D810,660382a3,sb,"$v0, 0x366($gp)",84a54ed74f3d0edd6d81380839f7e4ef5bfb21ecea18be9a062bd6bfa5a45c88
duel_loader_ancestor,0x8002D014,0x0001D814,7d5e000c,jal,0x800179f4,84a54ed74f3d0edd6d81380839f7e4ef5bfb21ecea18be9a062bd6bfa5a45c88
duel_loader_ancestor,0x8002D018,0x0001D818,00000000,nop,,84a54ed74f3d0edd6d81380839f7e4ef5bfb21ecea18be9a062bd6bfa5a45c88
duel_loader_ancestor,0x8002D01C,0x0001D81C,33b40008,j,0x8002d0cc,84a54ed74f3d0edd6d81380839f7e4ef5bfb21ecea18be9a062bd6bfa5a45c88
duel_loader_ancestor,0x8002D020,0x0001D820,00000000,nop,,84a54ed74f3d0edd6d81380839f7e4ef5bfb21ecea18be9a062bd6bfa5a45c88
duel_loader_ancestor,0x8002D024,0x0001D824,e290000c,jal,0x80024388,84a54ed74f3d0edd6d81380839f7e4ef5bfb21ecea18be9a062bd6bfa5a45c88
duel_loader_ancestor,0x8002D028,0x0001D828,00000000,nop,,84a54ed74f3d0edd6d81380839f7e4ef5bfb21ecea18be9a062bd6bfa5a45c88
script_opponent_writer,0x80038530,0x00028D30,e8ffbd27,addiu,"$sp, $sp, -0x18",84a54ed74f3d0edd6d81380839f7e4ef5bfb21ecea18be9a062bd6bfa5a45c88
script_opponent_writer,0x80038534,0x00028D34,ffff0224,addiu,"$v0, $zero, -1",84a54ed74f3d0edd6d81380839f7e4ef5bfb21ecea18be9a062bd6bfa5a45c88
script_opponent_writer,0x80038538,0x00028D38,1000bfaf,sw,"$ra, 0x10($sp)",84a54ed74f3d0edd6d81380839f7e4ef5bfb21ecea18be9a062bd6bfa5a45c88
script_opponent_writer,0x8003853C,0x00028D3C,0a80013c,lui,"$at, 0x800a",84a54ed74f3d0edd6d81380839f7e4ef5bfb21ecea18be9a062bd6bfa5a45c88
script_opponent_writer,0x80038540,0x00028D40,60b322a0,sb,"$v0, -0x4ca0($at)",84a54ed74f3d0edd6d81380839f7e4ef5bfb21ecea18be9a062bd6bfa5a45c88
script_opponent_writer,0x80038544,0x00028D44,58008380,lb,"$v1, 0x58($a0)",84a54ed74f3d0edd6d81380839f7e4ef5bfb21ecea18be9a062bd6bfa5a45c88
script_opponent_writer,0x80038548,0x00028D48,00000000,nop,,84a54ed74f3d0edd6d81380839f7e4ef5bfb21ecea18be9a062bd6bfa5a45c88
script_opponent_writer,0x8003854C,0x00028D4C,80180300,sll,"$v1, $v1, 2",84a54ed74f3d0edd6d81380839f7e4ef5bfb21ecea18be9a062bd6bfa5a45c88
script_opponent_writer,0x80038550,0x00028D50,21188300,addu,"$v1, $a0, $v1",84a54ed74f3d0edd6d81380839f7e4ef5bfb21ecea18be9a062bd6bfa5a45c88
script_opponent_writer,0x80038554,0x00028D54,0000628c,lw,"$v0, ($v1)",84a54ed74f3d0edd6d81380839f7e4ef5bfb21ecea18be9a062bd6bfa5a45c88
script_opponent_writer,0x80038558,0x00028D58,00000000,nop,,84a54ed74f3d0edd6d81380839f7e4ef5bfb21ecea18be9a062bd6bfa5a45c88
script_opponent_writer,0x8003855C,0x00028D5C,00004590,lbu,"$a1, ($v0)",84a54ed74f3d0edd6d81380839f7e4ef5bfb21ecea18be9a062bd6bfa5a45c88
script_opponent_writer,0x80038560,0x00028D60,01004224,addiu,"$v0, $v0, 1",84a54ed74f3d0edd6d81380839f7e4ef5bfb21ecea18be9a062bd6bfa5a45c88
script_opponent_writer,0x80038564,0x00028D64,000062ac,sw,"$v0, ($v1)",84a54ed74f3d0edd6d81380839f7e4ef5bfb21ecea18be9a062bd6bfa5a45c88
script_opponent_writer,0x80038568,0x00028D68,0a80013c,lui,"$at, 0x800a",84a54ed74f3d0edd6d81380839f7e4ef5bfb21ecea18be9a062bd6bfa5a45c88
script_opponent_writer,0x8003856C,0x00028D6C,61b325a0,sb,"$a1, -0x4c9f($at)",84a54ed74f3d0edd6d81380839f7e4ef5bfb21ecea18be9a062bd6bfa5a45c88
script_opponent_writer,0x80038570,0x00028D70,58008380,lb,"$v1, 0x58($a0)",84a54ed74f3d0edd6d81380839f7e4ef5bfb21ecea18be9a062bd6bfa5a45c88
script_opponent_writer,0x80038574,0x00028D74,00000000,nop,,84a54ed74f3d0edd6d81380839f7e4ef5bfb21ecea18be9a062bd6bfa5a45c88
script_opponent_writer,0x80038578,0x00028D78,80180300,sll,"$v1, $v1, 2",84a54ed74f3d0edd6d81380839f7e4ef5bfb21ecea18be9a062bd6bfa5a45c88
script_opponent_writer,0x8003857C,0x00028D7C,21188300,addu,"$v1, $a0, $v1",84a54ed74f3d0edd6d81380839f7e4ef5bfb21ecea18be9a062bd6bfa5a45c88
script_opponent_writer,0x80038580,0x00028D80,0000628c,lw,"$v0, ($v1)",84a54ed74f3d0edd6d81380839f7e4ef5bfb21ecea18be9a062bd6bfa5a45c88
script_opponent_writer,0x80038584,0x00028D84,00000000,nop,,84a54ed74f3d0edd6d81380839f7e4ef5bfb21ecea18be9a062bd6bfa5a45c88
script_opponent_writer,0x80038588,0x00028D88,00004590,lbu,"$a1, ($v0)",84a54ed74f3d0edd6d81380839f7e4ef5bfb21ecea18be9a062bd6bfa5a45c88
script_opponent_writer,0x8003858C,0x00028D8C,01004224,addiu,"$v0, $v0, 1",84a54ed74f3d0edd6d81380839f7e4ef5bfb21ecea18be9a062bd6bfa5a45c88
script_opponent_writer,0x80038590,0x00028D90,000062ac,sw,"$v0, ($v1)",84a54ed74f3d0edd6d81380839f7e4ef5bfb21ecea18be9a062bd6bfa5a45c88
script_opponent_writer,0x80038594,0x00028D94,0a80013c,lui,"$at, 0x800a",84a54ed74f3d0edd6d81380839f7e4ef5bfb21ecea18be9a062bd6bfa5a45c88
script_opponent_writer,0x80038598,0x00028D98,70b325a4,sh,"$a1, -0x4c90($at)",84a54ed74f3d0edd6d81380839f7e4ef5bfb21ecea18be9a062bd6bfa5a45c88
script_opponent_writer,0x8003859C,0x00028D9C,58008380,lb,"$v1, 0x58($a0)",84a54ed74f3d0edd6d81380839f7e4ef5bfb21ecea18be9a062bd6bfa5a45c88
script_opponent_writer,0x800385A0,0x00028DA0,00000000,nop,,84a54ed74f3d0edd6d81380839f7e4ef5bfb21ecea18be9a062bd6bfa5a45c88
script_opponent_writer,0x800385A4,0x00028DA4,80180300,sll,"$v1, $v1, 2",84a54ed74f3d0edd6d81380839f7e4ef5bfb21ecea18be9a062bd6bfa5a45c88
script_opponent_writer,0x800385A8,0x00028DA8,21188300,addu,"$v1, $a0, $v1",84a54ed74f3d0edd6d81380839f7e4ef5bfb21ecea18be9a062bd6bfa5a45c88
script_opponent_writer,0x800385AC,0x00028DAC,0000628c,lw,"$v0, ($v1)",84a54ed74f3d0edd6d81380839f7e4ef5bfb21ecea18be9a062bd6bfa5a45c88
script_opponent_writer,0x800385B0,0x00028DB0,00000000,nop,,84a54ed74f3d0edd6d81380839f7e4ef5bfb21ecea18be9a062bd6bfa5a45c88
script_opponent_writer,0x800385B4,0x00028DB4,00004590,lbu,"$a1, ($v0)",84a54ed74f3d0edd6d81380839f7e4ef5bfb21ecea18be9a062bd6bfa5a45c88
script_opponent_writer,0x800385B8,0x00028DB8,01004224,addiu,"$v0, $v0, 1",84a54ed74f3d0edd6d81380839f7e4ef5bfb21ecea18be9a062bd6bfa5a45c88
script_opponent_writer,0x800385BC,0x00028DBC,000062ac,sw,"$v0, ($v1)",84a54ed74f3d0edd6d81380839f7e4ef5bfb21ecea18be9a062bd6bfa5a45c88
script_opponent_writer,0x800385C0,0x00028DC0,0a80013c,lui,"$at, 0x800a",84a54ed74f3d0edd6d81380839f7e4ef5bfb21ecea18be9a062bd6bfa5a45c88
script_opponent_writer,0x800385C4,0x00028DC4,72b325a4,sh,"$a1, -0x4c8e($at)",84a54ed74f3d0edd6d81380839f7e4ef5bfb21ecea18be9a062bd6bfa5a45c88
script_opponent_writer,0x800385C8,0x00028DC8,58008380,lb,"$v1, 0x58($a0)",84a54ed74f3d0edd6d81380839f7e4ef5bfb21ecea18be9a062bd6bfa5a45c88
script_opponent_writer,0x800385CC,0x00028DCC,00000000,nop,,84a54ed74f3d0edd6d81380839f7e4ef5bfb21ecea18be9a062bd6bfa5a45c88
script_opponent_writer,0x800385D0,0x00028DD0,80180300,sll,"$v1, $v1, 2",84a54ed74f3d0edd6d81380839f7e4ef5bfb21ecea18be9a062bd6bfa5a45c88
script_opponent_writer,0x800385D4,0x00028DD4,21188300,addu,"$v1, $a0, $v1",84a54ed74f3d0edd6d81380839f7e4ef5bfb21ecea18be9a062bd6bfa5a45c88
script_opponent_writer,0x800385D8,0x00028DD8,0000628c,lw,"$v0, ($v1)",84a54ed74f3d0edd6d81380839f7e4ef5bfb21ecea18be9a062bd6bfa5a45c88
script_opponent_writer,0x800385DC,0x00028DDC,00000000,nop,,84a54ed74f3d0edd6d81380839f7e4ef5bfb21ecea18be9a062bd6bfa5a45c88
script_opponent_writer,0x800385E0,0x00028DE0,00004590,lbu,"$a1, ($v0)",84a54ed74f3d0edd6d81380839f7e4ef5bfb21ecea18be9a062bd6bfa5a45c88
script_opponent_writer,0x800385E4,0x00028DE4,01004224,addiu,"$v0, $v0, 1",84a54ed74f3d0edd6d81380839f7e4ef5bfb21ecea18be9a062bd6bfa5a45c88
script_opponent_writer,0x800385E8,0x00028DE8,000062ac,sw,"$v0, ($v1)",84a54ed74f3d0edd6d81380839f7e4ef5bfb21ecea18be9a062bd6bfa5a45c88
script_opponent_writer,0x800385EC,0x00028DEC,0a80013c,lui,"$at, 0x800a",84a54ed74f3d0edd6d81380839f7e4ef5bfb21ecea18be9a062bd6bfa5a45c88
script_opponent_writer,0x800385F0,0x00028DF0,64b325a0,sb,"$a1, -0x4c9c($at)",84a54ed74f3d0edd6d81380839f7e4ef5bfb21ecea18be9a062bd6bfa5a45c88
script_opponent_writer,0x800385F4,0x00028DF4,4fdb000c,jal,0x80036d3c,84a54ed74f3d0edd6d81380839f7e4ef5bfb21ecea18be9a062bd6bfa5a45c88
script_opponent_writer,0x800385F8,0x00028DF8,00000000,nop,,84a54ed74f3d0edd6d81380839f7e4ef5bfb21ecea18be9a062bd6bfa5a45c88
script_opponent_writer,0x800385FC,0x00028DFC,0a80033c,lui,"$v1, 0x800a",84a54ed74f3d0edd6d81380839f7e4ef5bfb21ecea18be9a062bd6bfa5a45c88
script_opponent_writer,0x80038600,0x00028E00,61b36390,lbu,"$v1, -0x4c9f($v1)",84a54ed74f3d0edd6d81380839f7e4ef5bfb21ecea18be9a062bd6bfa5a45c88
script_opponent_writer,0x80038604,0x00028E04,0a80013c,lui,"$at, 0x800a",84a54ed74f3d0edd6d81380839f7e4ef5bfb21ecea18be9a062bd6bfa5a45c88
script_opponent_writer,0x80038608,0x00028E08,6ab322a4,sh,"$v0, -0x4c96($at)",84a54ed74f3d0edd6d81380839f7e4ef5bfb21ecea18be9a062bd6bfa5a45c88
script_opponent_writer,0x8003860C,0x00028E0C,a0720224,addiu,"$v0, $zero, 0x72a0",84a54ed74f3d0edd6d81380839f7e4ef5bfb21ecea18be9a062bd6bfa5a45c88
script_opponent_writer,0x80038610,0x00028E10,0a80013c,lui,"$at, 0x800a",84a54ed74f3d0edd6d81380839f7e4ef5bfb21ecea18be9a062bd6bfa5a45c88
script_opponent_writer,0x80038614,0x00028E14,74b322a4,sh,"$v0, -0x4c8c($at)",84a54ed74f3d0edd6d81380839f7e4ef5bfb21ecea18be9a062bd6bfa5a45c88
script_opponent_writer,0x80038618,0x00028E18,f7ff6224,addiu,"$v0, $v1, -9",84a54ed74f3d0edd6d81380839f7e4ef5bfb21ecea18be9a062bd6bfa5a45c88
script_opponent_writer,0x8003861C,0x00028E1C,0800422c,sltiu,"$v0, $v0, 8",84a54ed74f3d0edd6d81380839f7e4ef5bfb21ecea18be9a062bd6bfa5a45c88
script_opponent_writer,0x80038620,0x00028E20,03004010,beqz,"$v0, 0x80038630",84a54ed74f3d0edd6d81380839f7e4ef5bfb21ecea18be9a062bd6bfa5a45c88
script_opponent_writer,0x80038624,0x00028E24,80720224,addiu,"$v0, $zero, 0x7280",84a54ed74f3d0edd6d81380839f7e4ef5bfb21ecea18be9a062bd6bfa5a45c88
script_opponent_writer,0x80038628,0x00028E28,0a80013c,lui,"$at, 0x800a",84a54ed74f3d0edd6d81380839f7e4ef5bfb21ecea18be9a062bd6bfa5a45c88
script_opponent_writer,0x8003862C,0x00028E2C,74b322a4,sh,"$v0, -0x4c8c($at)",84a54ed74f3d0edd6d81380839f7e4ef5bfb21ecea18be9a062bd6bfa5a45c88
script_opponent_writer,0x80038630,0x00028E30,00160300,sll,"$v0, $v1, 0x18",84a54ed74f3d0edd6d81380839f7e4ef5bfb21ecea18be9a062bd6bfa5a45c88
script_opponent_writer,0x80038634,0x00028E34,031e0200,sra,"$v1, $v0, 0x18",84a54ed74f3d0edd6d81380839f7e4ef5bfb21ecea18be9a062bd6bfa5a45c88
script_opponent_writer,0x80038638,0x00028E38,11000224,addiu,"$v0, $zero, 0x11",84a54ed74f3d0edd6d81380839f7e4ef5bfb21ecea18be9a062bd6bfa5a45c88
script_opponent_writer,0x8003863C,0x00028E3C,05006214,bne,"$v1, $v0, 0x80038654",84a54ed74f3d0edd6d81380839f7e4ef5bfb21ecea18be9a062bd6bfa5a45c88
script_opponent_writer,0x80038640,0x00028E40,26000224,addiu,"$v0, $zero, 0x26",84a54ed74f3d0edd6d81380839f7e4ef5bfb21ecea18be9a062bd6bfa5a45c88
script_opponent_writer,0x80038644,0x00028E44,90720224,addiu,"$v0, $zero, 0x7290",84a54ed74f3d0edd6d81380839f7e4ef5bfb21ecea18be9a062bd6bfa5a45c88
script_opponent_writer,0x80038648,0x00028E48,0a80013c,lui,"$at, 0x800a",84a54ed74f3d0edd6d81380839f7e4ef5bfb21ecea18be9a062bd6bfa5a45c88
script_opponent_writer,0x8003864C,0x00028E4C,74b322a4,sh,"$v0, -0x4c8c($at)",84a54ed74f3d0edd6d81380839f7e4ef5bfb21ecea18be9a062bd6bfa5a45c88
script_opponent_writer,0x80038650,0x00028E50,26000224,addiu,"$v0, $zero, 0x26",84a54ed74f3d0edd6d81380839f7e4ef5bfb21ecea18be9a062bd6bfa5a45c88
script_opponent_writer,0x80038654,0x00028E54,03006214,bne,"$v1, $v0, 0x80038664",84a54ed74f3d0edd6d81380839f7e4ef5bfb21ecea18be9a062bd6bfa5a45c88
script_opponent_writer,0x80038658,0x00028E58,b0720224,addiu,"$v0, $zero, 0x72b0",84a54ed74f3d0edd6d81380839f7e4ef5bfb21ecea18be9a062bd6bfa5a45c88
script_opponent_writer,0x8003865C,0x00028E5C,0a80013c,lui,"$at, 0x800a",84a54ed74f3d0edd6d81380839f7e4ef5bfb21ecea18be9a062bd6bfa5a45c88
script_opponent_writer,0x80038660,0x00028E60,74b322a4,sh,"$v0, -0x4c8c($at)",84a54ed74f3d0edd6d81380839f7e4ef5bfb21ecea18be9a062bd6bfa5a45c88
script_opponent_writer,0x80038664,0x00028E64,1000bf8f,lw,"$ra, 0x10($sp)",84a54ed74f3d0edd6d81380839f7e4ef5bfb21ecea18be9a062bd6bfa5a45c88
script_opponent_writer,0x80038668,0x00028E68,02000224,addiu,"$v0, $zero, 2",84a54ed74f3d0edd6d81380839f7e4ef5bfb21ecea18be9a062bd6bfa5a45c88
script_opponent_writer,0x8003866C,0x00028E6C,0a80013c,lui,"$at, 0x800a",84a54ed74f3d0edd6d81380839f7e4ef5bfb21ecea18be9a062bd6bfa5a45c88
script_opponent_writer,0x80038670,0x00028E70,68b322a0,sb,"$v0, -0x4c98($at)",84a54ed74f3d0edd6d81380839f7e4ef5bfb21ecea18be9a062bd6bfa5a45c88
script_opponent_writer,0x80038674,0x00028E74,03000224,addiu,"$v0, $zero, 3",84a54ed74f3d0edd6d81380839f7e4ef5bfb21ecea18be9a062bd6bfa5a45c88
script_opponent_writer,0x80038678,0x00028E78,0a80013c,lui,"$at, 0x800a",84a54ed74f3d0edd6d81380839f7e4ef5bfb21ecea18be9a062bd6bfa5a45c88
script_opponent_writer,0x8003867C,0x00028E7C,69b320a0,sb,"$zero, -0x4c97($at)",84a54ed74f3d0edd6d81380839f7e4ef5bfb21ecea18be9a062bd6bfa5a45c88
script_opponent_writer,0x80038680,0x00028E80,0a80013c,lui,"$at, 0x800a",84a54ed74f3d0edd6d81380839f7e4ef5bfb21ecea18be9a062bd6bfa5a45c88
script_opponent_writer,0x80038684,0x00028E84,6cb222a0,sb,"$v0, -0x4d94($at)",84a54ed74f3d0edd6d81380839f7e4ef5bfb21ecea18be9a062bd6bfa5a45c88
script_opponent_writer,0x80038688,0x00028E88,0800e003,jr,$ra,84a54ed74f3d0edd6d81380839f7e4ef5bfb21ecea18be9a062bd6bfa5a45c88
script_opponent_writer,0x8003868C,0x00028E8C,1800bd27,addiu,"$sp, $sp, 0x18",84a54ed74f3d0edd6d81380839f7e4ef5bfb21ecea18be9a062bd6bfa5a45c88
result_card_reader,0x80037DF0,0x000285F0,20008230,andi,"$v0, $a0, 0x20",84a54ed74f3d0edd6d81380839f7e4ef5bfb21ecea18be9a062bd6bfa5a45c88
result_card_reader,0x80037DF4,0x000285F4,04004010,beqz,"$v0, 0x80037e08",84a54ed74f3d0edd6d81380839f7e4ef5bfb21ecea18be9a062bd6bfa5a45c88
result_card_reader,0x80037DF8,0x000285F8,00800234,ori,"$v0, $zero, 0x8000",84a54ed74f3d0edd6d81380839f7e4ef5bfb21ecea18be9a062bd6bfa5a45c88
result_card_reader,0x80037DFC,0x000285FC,30048387,lh,"$v1, 0x430($gp)",84a54ed74f3d0edd6d81380839f7e4ef5bfb21ecea18be9a062bd6bfa5a45c88
result_card_reader,0x80037E00,0x00028600,c7df0008,j,0x80037f1c,84a54ed74f3d0edd6d81380839f7e4ef5bfb21ecea18be9a062bd6bfa5a45c88
result_card_reader,0x80037E04,0x00028604,21286200,addu,"$a1, $v1, $v0",84a54ed74f3d0edd6d81380839f7e4ef5bfb21ecea18be9a062bd6bfa5a45c88
result_card_reader,0x80037E08,0x00028608,40008230,andi,"$v0, $a0, 0x40",84a54ed74f3d0edd6d81380839f7e4ef5bfb21ecea18be9a062bd6bfa5a45c88
result_card_reader,0x80037E0C,0x0002860C,04004010,beqz,"$v0, 0x80037e20",84a54ed74f3d0edd6d81380839f7e4ef5bfb21ecea18be9a062bd6bfa5a45c88
result_card_reader,0x80037E10,0x00028610,00d10234,ori,"$v0, $zero, 0xd100",84a54ed74f3d0edd6d81380839f7e4ef5bfb21ecea18be9a062bd6bfa5a45c88
result_card_reader,0x80037E14,0x00028614,30048387,lh,"$v1, 0x430($gp)",84a54ed74f3d0edd6d81380839f7e4ef5bfb21ecea18be9a062bd6bfa5a45c88
result_card_reader,0x80037E18,0x00028618,c7df0008,j,0x80037f1c,84a54ed74f3d0edd6d81380839f7e4ef5bfb21ecea18be9a062bd6bfa5a45c88
result_card_reader,0x80037E1C,0x0002861C,21286200,addu,"$a1, $v1, $v0",84a54ed74f3d0edd6d81380839f7e4ef5bfb21ecea18be9a062bd6bfa5a45c88
result_card_reader,0x80037E20,0x00028620,0f008330,andi,"$v1, $a0, 0xf",84a54ed74f3d0edd6d81380839f7e4ef5bfb21ecea18be9a062bd6bfa5a45c88
result_card_reader,0x80037E24,0x00028624,01000224,addiu,"$v0, $zero, 1",84a54ed74f3d0edd6d81380839f7e4ef5bfb21ecea18be9a062bd6bfa5a45c88
result_card_reader,0x80037E28,0x00028628,17006210,beq,"$v1, $v0, 0x80037e88",84a54ed74f3d0edd6d81380839f7e4ef5bfb21ecea18be9a062bd6bfa5a45c88
result_card_reader,0x80037E2C,0x0002862C,21280000,move,"$a1, $zero",84a54ed74f3d0edd6d81380839f7e4ef5bfb21ecea18be9a062bd6bfa5a45c88
result_card_reader,0x80037E30,0x00028630,02006228,slti,"$v0, $v1, 2",84a54ed74f3d0edd6d81380839f7e4ef5bfb21ecea18be9a062bd6bfa5a45c88
result_card_reader,0x80037E34,0x00028634,05004010,beqz,"$v0, 0x80037e4c",84a54ed74f3d0edd6d81380839f7e4ef5bfb21ecea18be9a062bd6bfa5a45c88
result_card_reader,0x80037E38,0x00028638,02000224,addiu,"$v0, $zero, 2",84a54ed74f3d0edd6d81380839f7e4ef5bfb21ecea18be9a062bd6bfa5a45c88
result_card_reader,0x80037E3C,0x0002863C,07006010,beqz,"$v1, 0x80037e5c",84a54ed74f3d0edd6d81380839f7e4ef5bfb21ecea18be9a062bd6bfa5a45c88
result_card_reader,0x80037E40,0x00028640,80008230,andi,"$v0, $a0, 0x80",84a54ed74f3d0edd6d81380839f7e4ef5bfb21ecea18be9a062bd6bfa5a45c88
result_card_reader,0x80037E44,0x00028644,c4df0008,j,0x80037f10,84a54ed74f3d0edd6d81380839f7e4ef5bfb21ecea18be9a062bd6bfa5a45c88
result_card_reader,0x80037E48,0x00028648,00000000,nop,,84a54ed74f3d0edd6d81380839f7e4ef5bfb21ecea18be9a062bd6bfa5a45c88
result_card_reader,0x80037E4C,0x0002864C,20006210,beq,"$v1, $v0, 0x80037ed0",84a54ed74f3d0edd6d81380839f7e4ef5bfb21ecea18be9a062bd6bfa5a45c88
result_card_reader,0x80037E50,0x00028650,80008230,andi,"$v0, $a0, 0x80",84a54ed74f3d0edd6d81380839f7e4ef5bfb21ecea18be9a062bd6bfa5a45c88
result_card_reader,0x80037E54,0x00028654,c4df0008,j,0x80037f10,84a54ed74f3d0edd6d81380839f7e4ef5bfb21ecea18be9a062bd6bfa5a45c88
result_card_reader,0x80037E58,0x00028658,00000000,nop,,84a54ed74f3d0edd6d81380839f7e4ef5bfb21ecea18be9a062bd6bfa5a45c88
result_card_reader,0x80037E5C,0x0002865C,1d80023c,lui,"$v0, 0x801d",84a54ed74f3d0edd6d81380839f7e4ef5bfb21ecea18be9a062bd6bfa5a45c88
result_card_reader,0x80037E60,0x00028660,30048387,lh,"$v1, 0x430($gp)",84a54ed74f3d0edd6d81380839f7e4ef5bfb21ecea18be9a062bd6bfa5a45c88
result_card_reader,0x80037E64,0x00028664,44424224,addiu,"$v0, $v0, 0x4244",84a54ed74f3d0edd6d81380839f7e4ef5bfb21ecea18be9a062bd6bfa5a45c88
result_card_reader,0x80037E68,0x00028668,ffff6324,addiu,"$v1, $v1, -1",84a54ed74f3d0edd6d81380839f7e4ef5bfb21ecea18be9a062bd6bfa5a45c88
result_card_reader,0x80037E6C,0x0002866C,80180300,sll,"$v1, $v1, 2",84a54ed74f3d0edd6d81380839f7e4ef5bfb21ecea18be9a062bd6bfa5a45c88
result_card_reader,0x80037E70,0x00028670,21186200,addu,"$v1, $v1, $v0",84a54ed74f3d0edd6d81380839f7e4ef5bfb21ecea18be9a062bd6bfa5a45c88
result_card_reader,0x80037E74,0x00028674,0000628c,lw,"$v0, ($v1)",84a54ed74f3d0edd6d81380839f7e4ef5bfb21ecea18be9a062bd6bfa5a45c88
result_card_reader,0x80037E78,0x00028678,00000000,nop,,84a54ed74f3d0edd6d81380839f7e4ef5bfb21ecea18be9a062bd6bfa5a45c88
result_card_reader,0x80037E7C,0x0002867C,83160200,sra,"$v0, $v0, 0x1a",84a54ed74f3d0edd6d81380839f7e4ef5bfb21ecea18be9a062bd6bfa5a45c88
result_card_reader,0x80037E80,0x00028680,c3df0008,j,0x80037f0c,84a54ed74f3d0edd6d81380839f7e4ef5bfb21ecea18be9a062bd6bfa5a45c88
result_card_reader,0x80037E84,0x00028684,1f004530,andi,"$a1, $v0, 0x1f",84a54ed74f3d0edd6d81380839f7e4ef5bfb21ecea18be9a062bd6bfa5a45c88
result_card_reader,0x80037E88,0x00028688,1d80033c,lui,"$v1, 0x801d",84a54ed74f3d0edd6d81380839f7e4ef5bfb21ecea18be9a062bd6bfa5a45c88
result_card_reader,0x80037E8C,0x0002868C,30048287,lh,"$v0, 0x430($gp)",84a54ed74f3d0edd6d81380839f7e4ef5bfb21ecea18be9a062bd6bfa5a45c88
result_card_reader,0x80037E90,0x00028690,44426324,addiu,"$v1, $v1, 0x4244",84a54ed74f3d0edd6d81380839f7e4ef5bfb21ecea18be9a062bd6bfa5a45c88
result_card_reader,0x80037E94,0x00028694,ffff4224,addiu,"$v0, $v0, -1",84a54ed74f3d0edd6d81380839f7e4ef5bfb21ecea18be9a062bd6bfa5a45c88
result_card_reader,0x80037E98,0x00028698,80100200,sll,"$v0, $v0, 2",84a54ed74f3d0edd6d81380839f7e4ef5bfb21ecea18be9a062bd6bfa5a45c88
result_card_reader,0x80037E9C,0x0002869C,21104300,addu,"$v0, $v0, $v1",84a54ed74f3d0edd6d81380839f7e4ef5bfb21ecea18be9a062bd6bfa5a45c88
result_card_reader,0x80037EA0,0x000286A0,0000428c,lw,"$v0, ($v0)",84a54ed74f3d0edd6d81380839f7e4ef5bfb21ecea18be9a062bd6bfa5a45c88
result_card_reader,0x80037EA4,0x000286A4,00000000,nop,,84a54ed74f3d0edd6d81380839f7e4ef5bfb21ecea18be9a062bd6bfa5a45c88
result_card_reader,0x80037EA8,0x000286A8,831d0200,sra,"$v1, $v0, 0x16",84a54ed74f3d0edd6d81380839f7e4ef5bfb21ecea18be9a062bd6bfa5a45c88
result_card_reader,0x80037EAC,0x000286AC,0f006530,andi,"$a1, $v1, 0xf",84a54ed74f3d0edd6d81380839f7e4ef5bfb21ecea18be9a062bd6bfa5a45c88
result_card_reader,0x80037EB0,0x000286B0,83160200,sra,"$v0, $v0, 0x1a",84a54ed74f3d0edd6d81380839f7e4ef5bfb21ecea18be9a062bd6bfa5a45c88
result_card_reader,0x80037EB4,0x000286B4,1f004330,andi,"$v1, $v0, 0x1f",84a54ed74f3d0edd6d81380839f7e4ef5bfb21ecea18be9a062bd6bfa5a45c88
result_card_reader,0x80037EB8,0x000286B8,ecff6224,addiu,"$v0, $v1, -0x14",84a54ed74f3d0edd6d81380839f7e4ef5bfb21ecea18be9a062bd6bfa5a45c88
result_card_reader,0x80037EBC,0x000286BC,0400422c,sltiu,"$v0, $v0, 4",84a54ed74f3d0edd6d81380839f7e4ef5bfb21ecea18be9a062bd6bfa5a45c88
result_card_reader,0x80037EC0,0x000286C0,12004010,beqz,"$v0, 0x80037f0c",84a54ed74f3d0edd6d81380839f7e4ef5bfb21ecea18be9a062bd6bfa5a45c88
result_card_reader,0x80037EC4,0x000286C4,1700a524,addiu,"$a1, $a1, 0x17",84a54ed74f3d0edd6d81380839f7e4ef5bfb21ecea18be9a062bd6bfa5a45c88
result_card_reader,0x80037EC8,0x000286C8,c3df0008,j,0x80037f0c,84a54ed74f3d0edd6d81380839f7e4ef5bfb21ecea18be9a062bd6bfa5a45c88
result_card_reader,0x80037ECC,0x000286CC,620003a2,sb,"$v1, 0x62($s0)",84a54ed74f3d0edd6d81380839f7e4ef5bfb21ecea18be9a062bd6bfa5a45c88
result_card_reader,0x80037ED0,0x000286D0,1d80033c,lui,"$v1, 0x801d",84a54ed74f3d0edd6d81380839f7e4ef5bfb21ecea18be9a062bd6bfa5a45c88
result_card_reader,0x80037ED4,0x000286D4,30048287,lh,"$v0, 0x430($gp)",84a54ed74f3d0edd6d81380839f7e4ef5bfb21ecea18be9a062bd6bfa5a45c88
result_card_reader,0x80037ED8,0x000286D8,44426324,addiu,"$v1, $v1, 0x4244",84a54ed74f3d0edd6d81380839f7e4ef5bfb21ecea18be9a062bd6bfa5a45c88
result_card_reader,0x80037EDC,0x000286DC,ffff4224,addiu,"$v0, $v0, -1",84a54ed74f3d0edd6d81380839f7e4ef5bfb21ecea18be9a062bd6bfa5a45c88
result_card_reader,0x80037EE0,0x000286E0,80100200,sll,"$v0, $v0, 2",84a54ed74f3d0edd6d81380839f7e4ef5bfb21ecea18be9a062bd6bfa5a45c88
result_card_reader,0x80037EE4,0x000286E4,21104300,addu,"$v0, $v0, $v1",84a54ed74f3d0edd6d81380839f7e4ef5bfb21ecea18be9a062bd6bfa5a45c88
result_card_reader,0x80037EE8,0x000286E8,0000428c,lw,"$v0, ($v0)",84a54ed74f3d0edd6d81380839f7e4ef5bfb21ecea18be9a062bd6bfa5a45c88
result_card_reader,0x80037EEC,0x000286EC,00000000,nop,,84a54ed74f3d0edd6d81380839f7e4ef5bfb21ecea18be9a062bd6bfa5a45c88
result_card_reader,0x80037EF0,0x000286F0,83140200,sra,"$v0, $v0, 0x12",84a54ed74f3d0edd6d81380839f7e4ef5bfb21ecea18be9a062bd6bfa5a45c88
result_card_reader,0x80037EF4,0x000286F4,0f004530,andi,"$a1, $v0, 0xf",84a54ed74f3d0edd6d81380839f7e4ef5bfb21ecea18be9a062bd6bfa5a45c88
result_card_reader,0x80037EF8,0x000286F8,1700a524,addiu,"$a1, $a1, 0x17",84a54ed74f3d0edd6d81380839f7e4ef5bfb21ecea18be9a062bd6bfa5a45c88
result_card_reader,0x80037EFC,0x000286FC,17000224,addiu,"$v0, $zero, 0x17",84a54ed74f3d0edd6d81380839f7e4ef5bfb21ecea18be9a062bd6bfa5a45c88
result_card_reader,0x80037F00,0x00028700,0300a214,bne,"$a1, $v0, 0x80037f10",84a54ed74f3d0edd6d81380839f7e4ef5bfb21ecea18be9a062bd6bfa5a45c88
result_card_reader,0x80037F04,0x00028704,80008230,andi,"$v0, $a0, 0x80",84a54ed74f3d0edd6d81380839f7e4ef5bfb21ecea18be9a062bd6bfa5a45c88
result_card_reader,0x80037F08,0x00028708,01000624,addiu,"$a2, $zero, 1",84a54ed74f3d0edd6d81380839f7e4ef5bfb21ecea18be9a062bd6bfa5a45c88
result_card_reader,0x80037F0C,0x0002870C,80008230,andi,"$v0, $a0, 0x80",84a54ed74f3d0edd6d81380839f7e4ef5bfb21ecea18be9a062bd6bfa5a45c88
save_copy,0x8003F87C,0x0003007C,e8ffbd27,addiu,"$sp, $sp, -0x18",84a54ed74f3d0edd6d81380839f7e4ef5bfb21ecea18be9a062bd6bfa5a45c88
save_copy,0x8003F880,0x00030080,1000b0af,sw,"$s0, 0x10($sp)",84a54ed74f3d0edd6d81380839f7e4ef5bfb21ecea18be9a062bd6bfa5a45c88
save_copy,0x8003F884,0x00030084,1d80103c,lui,"$s0, 0x801d",84a54ed74f3d0edd6d81380839f7e4ef5bfb21ecea18be9a062bd6bfa5a45c88
save_copy,0x8003F888,0x00030088,00321026,addiu,"$s0, $s0, 0x3200",84a54ed74f3d0edd6d81380839f7e4ef5bfb21ecea18be9a062bd6bfa5a45c88
save_copy,0x8003F88C,0x0003008C,21200002,move,"$a0, $s0",84a54ed74f3d0edd6d81380839f7e4ef5bfb21ecea18be9a062bd6bfa5a45c88
save_copy,0x8003F890,0x00030090,1d80053c,lui,"$a1, 0x801d",84a54ed74f3d0edd6d81380839f7e4ef5bfb21ecea18be9a062bd6bfa5a45c88
save_copy,0x8003F894,0x00030094,0002a524,addiu,"$a1, $a1, 0x200",84a54ed74f3d0edd6d81380839f7e4ef5bfb21ecea18be9a062bd6bfa5a45c88
save_copy,0x8003F898,0x00030098,1400bfaf,sw,"$ra, 0x14($sp)",84a54ed74f3d0edd6d81380839f7e4ef5bfb21ecea18be9a062bd6bfa5a45c88
save_copy,0x8003F89C,0x0003009C,a8d5000c,jal,0x800356a0,84a54ed74f3d0edd6d81380839f7e4ef5bfb21ecea18be9a062bd6bfa5a45c88
save_copy,0x8003F8A0,0x000300A0,80060624,addiu,"$a2, $zero, 0x680",84a54ed74f3d0edd6d81380839f7e4ef5bfb21ecea18be9a062bd6bfa5a45c88
save_copy,0x8003F8A4,0x000300A4,0ff4000c,jal,0x8003d03c,84a54ed74f3d0edd6d81380839f7e4ef5bfb21ecea18be9a062bd6bfa5a45c88
save_copy,0x8003F8A8,0x000300A8,00fe0426,addiu,"$a0, $s0, -0x200",84a54ed74f3d0edd6d81380839f7e4ef5bfb21ecea18be9a062bd6bfa5a45c88
save_copy,0x8003F8AC,0x000300AC,21200002,move,"$a0, $s0",84a54ed74f3d0edd6d81380839f7e4ef5bfb21ecea18be9a062bd6bfa5a45c88
save_copy,0x8003F8B0,0x000300B0,000d0524,addiu,"$a1, $zero, 0xd00",84a54ed74f3d0edd6d81380839f7e4ef5bfb21ecea18be9a062bd6bfa5a45c88
save_copy,0x8003F8B4,0x000300B4,0180063c,lui,"$a2, 0x8001",84a54ed74f3d0edd6d81380839f7e4ef5bfb21ecea18be9a062bd6bfa5a45c88
save_copy,0x8003F8B8,0x000300B8,8403c624,addiu,"$a2, $a2, 0x384",84a54ed74f3d0edd6d81380839f7e4ef5bfb21ecea18be9a062bd6bfa5a45c88
save_copy,0x8003F8BC,0x000300BC,d6fd000c,jal,0x8003f758,84a54ed74f3d0edd6d81380839f7e4ef5bfb21ecea18be9a062bd6bfa5a45c88
save_copy,0x8003F8C0,0x000300C0,02000724,addiu,"$a3, $zero, 2",84a54ed74f3d0edd6d81380839f7e4ef5bfb21ecea18be9a062bd6bfa5a45c88
save_copy,0x8003F8C4,0x000300C4,1400bf8f,lw,"$ra, 0x14($sp)",84a54ed74f3d0edd6d81380839f7e4ef5bfb21ecea18be9a062bd6bfa5a45c88
save_copy,0x8003F8C8,0x000300C8,1000b08f,lw,"$s0, 0x10($sp)",84a54ed74f3d0edd6d81380839f7e4ef5bfb21ecea18be9a062bd6bfa5a45c88
save_copy,0x8003F8CC,0x000300CC,0800e003,jr,$ra,84a54ed74f3d0edd6d81380839f7e4ef5bfb21ecea18be9a062bd6bfa5a45c88
save_copy,0x8003F8D0,0x000300D0,1800bd27,addiu,"$sp, $sp, 0x18",84a54ed74f3d0edd6d81380839f7e4ef5bfb21ecea18be9a062bd6bfa5a45c88
